topic_id,group_id,topic_group,topic_name,topic_name_long,description,narrative,keywords
119,7,Society,Crime & Justice,"Policing, Crime & Incarceration","Research in this topic addresses the structures and processes of crime and criminal justice, from crime detection to incarceration and rehabilitation. Case studies focused on methods for identifying and preventing crime, with particular emphasis on emerging online threats. They improved efficacy of crime prevention and policing, informing police ethics, job satisfaction and community collaboration. Research informed victim support, and shaped policy and reform in the judicial system to promote fairness and efficiency. Studies also addressed prison life, deepening understanding and supporting rehabilitation, guiding policies to foster reintegration and reduce reoffending.","<h6>Achieving justice and improving support and protection for victims-survivors of gender-based violence</h6>
<p>This research into how criminal justice practitioners and service providers in the UK can support victims-survivors of gender-based violence (GBV) leveraged over £7.2 million in funding to expand a GBV-prevention programme in the UK. This program is shown to reduce abuse by high-risk perpetrators by up to 88% and underpinned new UK family court guidance to protect children from domestic abuse.
<a href=""https://results2021.ref.ac.uk/impact/542e76f9-6242-4b3e-ac9c-0335cf65c01f?page=1"" target=""_blank"">Read more...</a></p>
<h6>Advances in the Neuroscience of Trauma & Crime: Transforming justice globally for vulnerable people in custody</h6>
<p>Research uncovered that 42,000 people currently in UK prisons have some form of Traumatic Brain Injury (TBI), which is associated with impulsivity and problems in social reasoning. This finding changed judicial and health policies in the UK and (those endorsed by the UN) UN to take account of TBI and Neurodisability. It also led to changes in practice across the prison system impacting 83,000 existing prisoners and 60,00 new entrants each year, including mandatory neurodisability screening and enhanced support and staff training
<a href=""https://results2021.ref.ac.uk/impact/a623f49a-a090-4916-a6c6-864f2303fac6?page=1"" target=""_blank"">Read more...</a></p>
<h6>Advancing electronic monitoring: changing tagging laws and practices</h6>
<p>This research into effective use of electronic monitoring (EM) underpinned the Management of Offenders (Scotland) Act 2019 resulting in the introduction of new EM technologies (e.g., GPS tags); EM added as an option in Community Payback Orders (alternative to prison); EM added as an alternative to bail (alternative to custody); and updated practice guidance.
<a href=""https://results2021.ref.ac.uk/impact/e1d084e9-d73e-49bb-8182-8e456efc92ae?page=1"" target=""_blank"">Read more...</a></p>
<h6>Designing out Crime: Improving police and planning policy and practice to reduce crime and create safer communities</h6>
<p>Crime Prevention through Environmental Design (CPTED) creates housing developments that are less vulnerable to crime, with housing built to Secured by Design (SBD) standards that experience 55% less burglary. This changed government planning guidance and building regulations in the UK and the United Arab Emirates and increased the number of secure homes (44% of new homes built between 2013 and 2017 were SBD), which reduced crime and increased feelings of safety.
<a href=""https://results2021.ref.ac.uk/impact/44147e1c-7aa2-459c-a065-2c9f0f15852e?page=1"" target=""_blank"">Read more...</a></p>
<h6>Driving evidence-based change in ‘Citizens in Policing’ strategy, leadership and innovation</h6>
<p>The largest-scale research programme undertaken in the field of citizens in policing helped develop evidence-based strategy and practice for a police volunteering programme, thereby shaping the national strategy across more than 38,000 volunteers in Special Constabularies, Police Support Volunteers, Volunteer Police Cadets and the Mini Police.
<a href=""https://results2021.ref.ac.uk/impact/f93cd083-e0bc-4668-818c-e1b87b532db7?page=1"" target=""_blank"">Read more...</a></p>
<h6>Evidence-based interventions to improve prisoner behaviour and reduce recidivism</h6>
<p>Evidence-based interventions in the prison service have shown that behaviour monitoring can predict risk of reoffending after release and that digital technology terminals (for prisoners to request visits, access health care, order food, etc.) bring significant behavioural benefits and enhance rehabilitation within prisons. Enhanced Behaviour Monitoring was made mandatory in all pre-release prisons and funding of £7,000,000 for the introduction of digital kiosks in UK prisons was announced.
<a href=""https://results2021.ref.ac.uk/impact/1374661e-c908-4e54-baec-c6050dbbaee7?page=1"" target=""_blank"">Read more...</a></p>
<h6>Improving Police Ethics Training and Practice: virtues and ethical risk in policing</h6>
<p>This research on effective ethics training has influenced policies, practices, and training affecting at least 13,000 police officers and staff – and, by extension, the communities they serve. Police ethics training now incorporates the virtues of policing and the ethical risks of cognitive biases in a more central role.
<a href=""https://results2021.ref.ac.uk/impact/81c171af-4d15-4c04-9856-5c39558bf1a4?page=1"" target=""_blank"">Read more...</a></p>
<h6>Instigating the repeal of the Offensive Behaviour at Football Act</h6>
<p>This research was instrumental in repealing the Offensive Behaviour at Football and Threatening Communications (Scotland) Act 2012, meaning that ‘at risk’ football fans, usually young men from deprived communities, will not be hampered by criminal records classifying them as sectarian offenders. This is particularly impactful for all football fans in Scotland, Irish-migrant populations, and civil liberty groups across the UK. The research also proposed non-legislative solutions, such as early years education. In 2019, the Scottish Government allocated £530,000 to anti-sectarianism education.
<a href=""https://results2021.ref.ac.uk/impact/230a0205-60de-48d1-b301-9644c6308e9e?page=1"" target=""_blank"">Read more...</a></p>
<h6>Investigative forensic linguistics: Equipping law enforcement to fight online sexual crime.</h6>
<p>This training in linguistic methods and the provision of linguistic software to UK and international online undercover police and dark web investigators equipped law enforcement to fight online sexual crime. These efforts contributed to the identification and arrest of high-profile Child Sexual Exploitation and Abuse (CSEA) offenders.
<a href=""https://results2021.ref.ac.uk/impact/62d8cf4b-d770-424d-8d6a-ca6d4ea8ba8f?page=1"" target=""_blank"">Read more...</a></p>
<h6>Combating organised crime and its finances at a national and international level</h6>
<p>This research into quantifying and mapping illicit markets has supported policymakers like the Ministry of Interior of Bulgaria, OECD, and European Parliament, as well as law enforcement officials like EUROPOL, to be more flexible and efficient in acting to address illicit market threats effectively. The research helped to expose the true nature of the harm of the illicit tobacco trade and address gaps in surveillance systems to develop early detection and warning systems. This research provided the first detailed account of smuggling illegal cigarettes, the drug market, and VAT fraud in Bulgaria. It directly influenced policymaking to better monitor higher-rate tax payers, create a register of bank accounts, and set up a reversed VAT charging system.
<a href=""https://results2021.ref.ac.uk/impact/4628b770-8f6b-476a-923d-ab3deabd78ea?page=1"" target=""_blank"">Read more...</a></p>
<h6>Safeguarding Vulnerable Adults from Financial Scams</h6>
<p>The National Centre for Post-Qualifying Social Work at Bournemouth University provided key learning resources that have been distributed by national agencies, charities, local authorities, the NHS, financial institutions, and the government to raise scam awareness to protect vulnerable groups. These tools have saved consumers from £22,703,586 of scams.
<a href=""https://results2021.ref.ac.uk/impact/dc4f8410-763d-43d2-b305-6fa5087f7f0c?page=1"" target=""_blank"">Read more...</a></p>
",
81,5,Culture,Music,Music & Sound,"Case studies in this topic preserved, recorded/recorded, reinterpreted and promoted musical heritage across historical and global contexts, while pioneering new technologies in sound design, audio curation and immersive experiences. Research celebrates diverse musical traditions, building cross-cultural engagement and understanding. It also advances inclusive music-making, performance and listening experiences. Projects supported therapeutic uses of music, expanding access through innovative technological and curational practices, and enhanced music education, improving cultural understanding and creative participation.","<h6>Student Pulse: taking classical music to a younger audience</h6>
<p>Development of an app to introduce younger audiences to classical music. App is now used by 9 of the UK’s leading symphony orchestras and has resulted in 11,000 ticket sales.
<a href=""https://results2021.ref.ac.uk/impact/70431794-5a0a-4c4b-87d6-1f2d7f8f89da?page=1"" target=""_blank"">Read more...</a></p>
<h6>Removing barriers to musical participation in schools – a social justice issue</h6>
<p>Research contributed to the reform of music curricula in schools, including the introduction of modern genres such as grime and hip-hop. Research also influenced the government’s decision to continue funding Whole Class Ensemble Tuition (WCET). In 2018/19, government provided £75 million for Music Education Hubs that help fund music lessons for 700,000 children, many of whom would not otherwise have had access to music teaching and learning.
<a href=""https://results2021.ref.ac.uk/impact/8f95b73d-eff4-4288-b1e5-e908b9ee6e97"" target=""_blank"">Read more...</a></p>
<h6>Museum Listening: Creating New Collection, Exhibition, and Audience Engagement Practices for Sound Technologies at the National Science and Media Museum</h6>
<p>Research on sound history and museum listening inspired the National Science and Media Museum’s relaunch in 2017 as the first UK museum dedicated to sound technologies with a mission to explore ‘the transformative impact of image and sound technologies on our lives’.
<a href=""https://results2021.ref.ac.uk/impact/7eb6a83d-b554-4a08-b12a-9c99bd8dc88e"" target=""_blank"">Read more...</a></p>
<h6>Curating new expressions of Mali’s musical heritage: Trio De Kali and the Kronos Quartet</h6>
<p>Research on music of West Africa led to the formation of an ensemble of Malian musicians to revive a now rarely performed, pre-colonial style. The ensemble has toured widely in the USA, Europe, Australia and New Zealand and collaborated with the Kronos Quartet, a US-based string quartet, generating 17,000 album sales, 3,000,000 streams, 25,000 views on YouTube, and reached nearly 5,000 people through concerts.
<a href=""https://results2021.ref.ac.uk/impact/cedc3535-1647-40a9-863a-6596aaa6ac5c?page=1"" target=""_blank"">Read more...</a></p>
<h6>Digital Delius: enhancing musical understanding by creating new resources for performance, education, and interpretation</h6>
<p>Researchers developed new interpretations of Frederick Delius' work, which led to a British Library digital exhibition that made these sources freely available alongside expert commentary and innovative multimedia resources. The project also led to the world premiere recordings of hitherto unknown Delius works.
<a href=""https://results2021.ref.ac.uk/impact/20b05631-e7be-402b-9f19-a90d81fa2141?page=1"" target=""_blank"">Read more...</a></p>
<h6>Electroacoustic Music: Enhancing ‘Sonic Creativity’ in Schools and Communities Across the World Through eLearning and Specialist Software</h6>
<p>ELearning site, EARS 2, and creative software, Compose with Sounds (CwS) are used for the adoption of sound-based music education in classrooms. Since late October 2013, over 4,000 people (teachers and students) around the world have attended hundreds of workshops, classroom sessions and other events. By late 2020, there were 20,000 monthly EARS 2 online visitors. Educational materials are now available in 10 languages, enabling government ministries, educators and cultural organisations in 5 countries to promote adoption of the new tools.
<a href=""https://results2021.ref.ac.uk/impact/77906490-dc93-4c81-b245-999bf9ded8df?page=1"" target=""_blank"">Read more...</a></p>
<h6>Bass Culture: Advancing understanding and recognition of Black British Music</h6>
<p>This research was the first detailed retrospective of Black British music. State of Play: Grime Report played a significant role in the repeal of Form 696 by the London Metropolitan Police, which had been disproportionately used against Black music genres, specifically grime, rendering Form 696 an instantiation of racial discrimination. The Bass Culture 70/50 exhibition was attended by 3,400 people in four weeks and drew attention to the heritage of Black British music and the influence of other cultures it drew upon, such as Jamaica. The research collected through the Bass Culture project has filled gaps in knowledge identified in national and local archives and has impacted the curatorial strategies at the Museum of London to integrate marginalised cultural movements and communities.
<a href=""https://results2021.ref.ac.uk/impact/81371232-3dbd-4fbe-aa7e-fece225b220c?page=1"" target=""_blank"">Read more...</a></p>
",
51,3,Technology,Recycling,Waste Management & Recycling,"Case studies in this topic focus on waste management and recycling. Studies tend to consider the environmental and health impacts of waste through innovations in policy, materials, and industrial practice. They include advances in waste management across areas such as plastic, food waste, and electronic waste, alongside circular economy initiatives like carbon-negative building materials and sustainable cosmetics. The research has influenced legislation, developed British Standards, improved public understanding, and fostered commercial success in transforming waste into valuable resources.","<h6>Transforming industry understanding and practice of designing out waste through the development of British Standards on material efficiency</h6>
<p>Research at Loughborough University transformed industry understanding and practice by shifting construction waste management from reactive disposal to proactive prevention through design. The work led to the development of the BS 8895 multi-part British Standards series on designing for material efficiency, chaired and led by the researcher. These standards are now central references in major international sustainability certification schemes (e.g., BREEAM, Home Quality Mark, and New Zealand’s Homestar), directly influencing sustainable building practices. Adoption across the construction industry has enabled greater material efficiency, reduced waste, and contributed to environmental targets in the UK and internationally.
<a href=""https://results2021.ref.ac.uk/impact/4889f81b-bc8b-4b97-8687-7e564ed1d395"" target=""_blank"">Read more...</a></p>
<h6>Improving environmental sustainability through the synthesis of novel biodegradable polymers</h6>
<p>Research at the University of Wolverhampton has advanced the development and application of biodegradable polymers, delivering environmental and economic impact since 2014. By converting industrial waste into high-value, biodegradable plastics and developing innovative bioremediation techniques, the research underpinned the creation of new sustainable products. It informed UK government policy through contributions to the DEFRA report on biodegradable plastic bags, which was laid before Parliament in 2015. Industrial impact includes collaboration with Rozone Ltd to develop the ROwasher, an eco-friendly parts-cleaning system that sold 247 units and saved the company over £290,000 by reducing reliance on imported products. The research also enabled cosmetics SME Prima Makeup to launch biodegradable packaging and glitter, supporting export growth to 19 countries. Public awareness of sustainable plastic alternatives increased through widespread media engagement, with appearances on BBC, CBC, and ABC platforms and invitations to high-profile policy events at Chatham House. The research has directly shaped cleaner manufacturing, supported SME innovation, influenced national policy, and elevated public discourse around plastic sustainability.
<a href=""https://results2021.ref.ac.uk/impact/2d793067-2e09-49da-91dc-e84066a29c4e"" target=""_blank"">Read more...</a></p>
<h6>Reducing consumer food waste, influencing business strategy, and increasing sales of sustainable products through co-produced research</h6>
<p>University of Leeds researchers partnered with Asda to co-produce and trial behavioural interventions aimed at reducing household food waste and promoting sustainable product purchases. These efforts led to an estimated reduction of 48,276 tonnes of food waste and 183,449 tonnes of CO₂e, while simultaneously increasing Asda’s pre-tax profits by £5 million and strengthening customer brand loyalty. The research directly influenced Asda’s corporate sustainability strategy and sales practices, informed global Walmart initiatives, and shaped broader sector policy via WRAP and the British Retail Consortium. The methods were recognised as best practice and shared across retail and higher education sectors.
<a href=""https://results2021.ref.ac.uk/impact/fc6a4a3a-287b-4c55-83a8-ee1f3f8d9899"" target=""_blank"">Read more...</a></p>
<h6>Reductions in microplastic pollution through changes to legislation, industrial innovation and societal awareness</h6>
<p>Research at the University of Plymouth transformed global understanding and response to microplastic pollution. It was the first to identify and define microplastics in marine environments, demonstrate their widespread presence, trace key sources such as textiles and cosmetic microbeads, and show their ingestion by marine species. This evidence directly informed the UK’s 2017 ban on microbeads in rinse-off products and underpinned EU legislation banning intentionally added microplastics, projected to prevent 500,000 tonnes of pollution over 20 years. It influenced policy in Canada, New Zealand, Japan, and the UN, and supported the creation of international standards for flushable products. The research also drove industrial innovation, leading to new filtration technologies now adopted by manufacturers and supported by national regulations. Public awareness campaigns and NGO initiatives citing the research led to measurable consumer behaviour change and the formation of a parliamentary group on microplastics. The work has delivered lasting reductions in emissions and reshaped environmental legislation and corporate practice worldwide.
<a href=""https://results2021.ref.ac.uk/impact/66a50e3f-8e86-41c1-8694-fa39ff87482b"" target=""_blank"">Read more...</a></p>
",
92,5,Culture,Commemoration,Historic Commemoration,"Case studies in this topic addressed the commemoration and public understanding of military history by augmenting engagement with historic events, communities and individuals. Case studies developed archival records and increased accessibility though digitisation and public engagement and educational opportunities. Work engaged highlighted the ongoing relevance of historical events, shaping contemporary perceptions of certain events or experiences and informing reconciliation efforts. A key focus was on elevating the narratives of minority or marginalised communities and voices, and developing inclusive approaches to remembrance.","<h6>Agincourt 600</h6>
<p>Historian-led event to commemorate the 600th anniversary of the battle of Agincourt: 100 projects, including concerts, plays, educational resources, and exhibitions commemorating the battle and its place in British history were commissioned and attended by over 500,000 people.
<a href=""https://results2021.ref.ac.uk/impact/7258378a-a1ff-4ee4-84c8-bd3655a067ed?page=1"" target=""_blank"">Read more...</a></p>
<h6>Cartoons and the First World War</h6>
<p>This case study looks at how soldiers serving in WWI used cartoons to comprehend and communicate what was happening around them and used this material to contribute to cultural activities during the Centenary of WW1. The cartoons provide a direct window into soldier attitudes and life at the fronts. Research about these amateur cartoons composed by the soldiers themselves was displayed, and interpreted at talks, roadshows and exhibitions such as ‘Comics and the World Wars'  at the London Cartoon M. Impact is revealed by correspondence as testimonial to people’s unexpected reactions as they rediscovered–and appreciated–this unusual visual information.
<a href=""https://results2021.ref.ac.uk/impact/b0e3e999-fc07-42e7-ba3a-dc5781fea31f"" target=""_blank"">Read more...</a></p>
",
85,5,Culture,Curation & Engagement,Arts/Heritage Curation & Community Engagement,"Research in this topic encourages participation in the arts and heritage for wellbeing, education and community cohesion. Case studies used innovate curatorial and creative practices to bring artistic and historical culture to the public in new forms and settings, fostering inclusivity, co-creation and meaningful dialogue. Many engaged with underrepresented voices or histories to affirm identity, strengthen community ties and influence cultural policy. Many had lasting social and economic benefits for local areas, enhancing the visibility and value of arts and heritage in public life.","<h6>Transforming the way art and heritage institutions document, preserve and exhibit audiences' engagement with their collections</h6>
<p>Research into audience engagement influenced exhibitions at museums such as The Tate, and also led researchers to develop community initiatives. Among these initiatives is the first volunteer-run sporting heritage museum in Exeter, giving Exeter City Fans a space to commemorate their club’s history.
<a href=""https://results2021.ref.ac.uk/impact/19e656e1-565a-479c-94c3-051df8ea15eb?page=1"" target=""_blank"">Read more...</a></p>
<h6>Negotiating conflict through socially engaged art and architecture</h6>
<p>Dr. Hafeda’s work on social art practice has produced long-term benefits to communities in London (2014-present), Portugal (2017-present), and Lebanon (2019-present). The ‘Shop of Possibilities’ (SoP), an art- and play-space commissioned by the South London Gallery (SLG) improved the development of 484 children, provided training for education professionals, and employment opportunities. The SoP was cited as best-practice in an independent report advising the Greater London Authority, garnering an additional £873,299 investment for the project. Hafeda’s work with Roma communities in Portugal inspired new community-led mediations to improve community relations. Hafeda’s work has inspired artists and curators working with marginalised communities elsewhere. For example, social artworks commissioned in marginalised communities in Rio de Janeiro, Brazil, and for refugee children in Lebanon on the Syrian border. The projects have helped develop social and creative skills among 696 children, young people, and adults, empowering them to assert their rights and opinions by contributing to permanent social infrastructures.
<a href=""https://results2021.ref.ac.uk/impact/ff83729c-9d79-41e8-a9f9-bb0be6c401d1?page=1"" target=""_blank"">Read more...</a></p>
<h6>The identification of King Richard III: the economic and societal impact</h6>
<p>Identification of the remains of King Richard III led to the enrichment of Leicester city's cultural life with the construction of a new Heritage Learning Centre, which received 347,155 visitors by 2020. The research also contributed to Leicester Cathedral's 2020-2023 £11.3 million National Lottery-funded restoration. Leicester City Council estimated that the upsurge in visitors following the discovery generated 1,012 new jobs and brought £79 million to the Leicestershire economy by 2015.
<a href=""https://results2021.ref.ac.uk/impact/9ab7f1d6-74e4-43b6-ac69-d36f801531cc?page=1"" target=""_blank"">Read more...</a></p>
<h6>Alice's Adventures in 21st-Century Creative Industries: Enrichment, Extension and Diversification of a Victorian Icon</h6>
<p>Research on Lewis Carroll and the evolution of the character of Alice was essential to a series of high-profile collaborative endeavours to celebrate the 150th anniversary of the publication of Alice’s Adventures in Wonderland in 2015: an exhibition at the V&A Museum of Childhood, a concert suite for the London Symphony Orchestra, and a fabric collection for Liberty Art Fabrics.
<a href=""https://results2021.ref.ac.uk/impact/08a73df0-11b1-4809-8222-87355d388bb0?page=1"" target=""_blank"">Read more...</a></p>
",
90,5,Culture,Heritage Preservation,"Protecting, Digitzing & Archiving Heritage","Research in this topic informs the protection of cultural property and safeguarding of heritage and related community identities. Case studies influence foreign policy, reconciliation efforts and peacebuilding through the protection of cultural assets and promotion of heritage rights. Many projects used digitisation and novel archival techniques to preserve at-risk heritage and improve accessibility. Research also informed conservation in the context of areas of modernisation and regeneration, preserving cultural heritage while serving the needs of communities and infrastructure. International collaboration and innovative technologies and curatorial practices underpinned sustainable conservation. A strong emphasis is on increasing public access and engagement, enhancing the appreciation, resilience and global visibility of cultural heritage.","<h6>Diversifying the global conversation about Modernist history and architectural heritage: using research to achieve UNESCO World Heritage Site status for Asmara, Eritrea</h6>
<p>Researchers digitised and documented over 80,000 unique modernist architectural drawings, maps, and buildings in Asmara, the capital of Eritrea. This work resulted in a UNESCO Nomination Dossier, allowing Asmara to become inscribed on the World Heritage List.
<a href=""https://results2021.ref.ac.uk/impact/da4448ce-bb16-4561-87c8-9aca821d0477?page=1"" target=""_blank"">Read more...</a></p>
<h6>Nimrud: documenting, contextualising and planning for an ancient Assyrian heritage site in post-ISIS Iraq</h6>
<p>Research on Nimrud’s ancient and modern history conducted before, during, and after ISIS destruction of ancient Assyrian buildings and sculptures at the archaeological site, informed understanding of Nimrud’s importance as the world’s first imperial capital and its complex, politicised history over the last two centuries. The research contributed to protection and management plans, including UNESCO’s safeguarding activities at Nimrud, and UNESCO Iraq and the Iraqi State Board of Antiquities’ decision to enclose the site and install 24-hour guards to prevent further looting. Research led to the founding of the AHRC-GCRF-funded Nahrein Network in 2017 to support locally led interdisciplinary research in the role of history, heritage, and the humanities in the development of post-conflict Iraq and its neighbours. This has raised the international profile of Iraqi experts and contributed to the decolonisation of knowledge practices. The Nahrein Network is an example of successful collaboration between researchers and Iraqi stakeholders, and in autumn 2020 the network secured £11 million to continue its activities until 2031.
<a href=""https://results2021.ref.ac.uk/impact/cdb24a1e-a4a4-48ac-aeab-ff6dc390aae0?page=1"" target=""_blank"">Read more...</a></p>
",
91,5,Culture,Archaeology,"Archaeology, Heritage, Historical Places","Research in this topic focuses on the preservation, protection and engagement with archaeology, material heritage and historic sites. Case studies inform policy and protection efforts, while new research methods and technologies expand archaeological discovery and curatorial and exhibition practices. Projects enhanced accessibility and visitor experiences through creative staging, performance and digital tools. Educational incentives deepened connections to cultural heritage and identity, fostering cross-cultural understanding and informing local and national narratives. Many projects also generated significant social and economic benefits for heritage sites and their communities.","<h6>Revealing Hidden Cities: using augmented reality and geo-locative media to enhance heritage preservation, tourism experience, and historic site management</h6>
<p>An award-winning app developed with UK art history scholars allows visitors to experience what the places they are visiting would have been like in Renaissance Florence as they tour the city.
<a href=""https://results2021.ref.ac.uk/impact/b5154015-defc-406e-81eb-c24528a87fa2?page=1"" target=""_blank"">Read more...</a></p>
<h6>Historic Landscape Research: supporting landscape planning and management, shaping policy, and creating new capacity for historic character assessment</h6>
<p>Research on historic landscapes, particularly the use of a new context-based and non-site approach to the management of landscape heritage, influenced how a number of institutions created policy and implemented guidelines for practice around the world. This included providing an official method for the environmental assessment of all new major roads in the UK 2007-2019, and for projects like High Speed 2 (HS2) and airport expansions. Local authorities like Historic England, the Marine Management Organisation, and Natural England have used research datasets to inform planning for heritage management. Related guidelines have been developed in many other countries, including Belgium, Ireland, the Netherlands, Spain, and Turkey. This has been reinforced through tailored training for early-career landscape professionals, enabling these heritage protection practices to be implemented in Brazil, China, Italy, Spain, and Turkey.
<a href=""https://results2021.ref.ac.uk/impact/3ad7db81-8ebc-4558-89f1-632f2a611c97?page=1"" target=""_blank"">Read more...</a></p>
<h6>Know Your Place: Discovering the Origins of Place-Names in Northern Ireland</h6>
<p>The Northern Ireland Place-Name Project has created a database of over 30,000 names freely available for consultation online. It has promoted understanding of a multilingual heritage in a divided society through its database, social media, and a weekly newspaper column.
<a href=""https://results2021.ref.ac.uk/impact/543d592f-9015-4423-b5be-53707065b0e3?page=1"" target=""_blank"">Read more...</a></p>
<h6>Corpses of mass violence: changing practice in forensic exhumations</h6>
<p>The research of the Corpses of Mass Violence (CMV) project has helped shape the practice of exhumation as a key part of coming to terms with violent pasts and enabling transitional justice at a time when demand for exhumation is on the rise. It has contributed to the work of Doctors without Borders, the Red Cross, and the UN Human Rights Council to implement new guidance and standards for the treatment of the dead in humanitarian emergencies and the treatment of mass graves. It has changed the training of forensics students in France and medical and legal practitioners in Africa, and informed practitioners from countries including Mexico, Argentina, Spain, and the UK. It has informed excavation practices at Holocaust sites to be more sensitive to Jewish beliefs that are averse to exhumation. It has also been instrumental in informing the work of the Max Planck Institute for Brain Research in its work to address its own treatment of Holocaust victims. A documentary co-written by the researcher, Action T4: A Doctor Under Nazism (2014), was viewed by around 1,200,000 people, and won ‘Best Documentary’ at the 2016 Luchon Film Festival.
<a href=""https://results2021.ref.ac.uk/impact/59d92071-ab1f-4ee3-bfc6-069a7ea29e0a?page=1"" target=""_blank"">Read more...</a></p>
",
98,6,Education,Science Outreach,"Science Outreach, Communication & Education","This topic addresses science outreach, communication and education. Case studies in this topic discuss how public understanding may be broadened through participation and access to exhibitions, outreach events, digital platforms, and media. It demonstrates increased engagement with science, for example in astronomy, quantum biology, particle physics, ethics, and evolution, often using creative formats such as museums, storytelling, and art–science collaborations. Studies in this topic also address improvements to education and have impacts in educational resources and curricula, enhancing schooling and improving equality in participation in STEM education and science communication.","<h6>Greenfoot: Transforming Student Learning and Pedagogical Innovativeness in Programming Internationally</h6>
<p>Greenfoot, developed through pedagogical and technical research at the University of Kent, has transformed how programming is taught and learned globally. Designed for students aged 13+, this software provides a user-friendly, visual environment for learning object-oriented programming. Since 2013, it has directly benefited over 3.9 million students and supported over 5,000 teachers in 49 countries. Greenfoot’s impact includes improving student motivation and creativity, enhancing teacher capacity and pedagogy, and informing national curricula—such as the WJEC GCSE in Wales. Widely used by Computing at School, Technocamps, and Oracle Academy, Greenfoot has become a global tool for inclusive, engaging computer science education.
<a href=""https://results2021.ref.ac.uk/impact/b7f4966c-9b33-4d30-af94-6b216d0d2275"" target=""_blank"">Read more...</a></p>
<h6>Astrophysics outreach to widen participation for the socioeconomically disadvantaged</h6>
<p>The University of Hull’s Milne Centre for Astrophysics has delivered extensive, research-driven outreach to widen participation in physics, particularly among socioeconomically disadvantaged and under-represented groups. Through over 500 education and public outreach (EPO) events—including talks, workshops, a mobile planetarium, teacher CPD, and international training—the centre reached nearly 3 million people, including 40,000 students. Targeted engagement in deprived areas of northern England increased local interest in STEM and contributed to a doubling of women studying physics at Hull. Their award-winning ""Changing Face of Physics"" and ""Breaking Barriers"" campaigns fostered gender, social, and cultural inclusion in science. Impact also includes improved teacher capacity, student coding skills, work experience opportunities, and strategic contributions to the UK’s Industrial Strategy through digital and STEM literacy.
<a href=""https://results2021.ref.ac.uk/impact/25cadc8a-cca8-4a6f-aabc-60b374646fdd"" target=""_blank"">Read more...</a></p>
<h6>Deep Impact: engaging public audiences and policymakers with the exploration and stewardship of biodiversity in the deep ocean</h6>
<p>Research at the University of Southampton exploring deep-sea biodiversity has significantly increased public and policymaker engagement with the deep ocean. Working with documentary producers, the team’s discoveries featured in widely viewed broadcasts including Blue Planet II, reaching up to a billion viewers globally. They also created a Massive Open Online Course (MOOC) enrolling over 52,000 participants from 183 countries, developed popular science resources including a bestselling book (Ask an Ocean Explorer), and delivered over 70 in-person events to 94,000+ people. Their research informed UK parliamentary briefings and legislative recommendations on deep-sea mining, contributing to a policy recommendation for a moratorium on mining active hydrothermal vents. Collectively, these activities raised awareness of deep-sea ecosystems, the threats they face, and the importance of stewardship, providing cultural enrichment, supporting education, and influencing national and international policy.
<a href=""https://results2021.ref.ac.uk/impact/34cf1373-8c3a-479d-a82c-345a8088df54"" target=""_blank"">Read more...</a></p>
<h6>Increasing public understanding of research in quantum technologies through showcasing at exhibitions and media reports</h6>
<p>Research from the Lancaster Quantum Technology Centre significantly advanced public understanding of quantum technologies by engaging large audiences through prestigious exhibitions and extensive media coverage. Their interactive exhibits at the Royal Society Summer Science Exhibition (2017–2020) introduced key concepts such as quantum identification, random number generation, and noise isolation in quantum systems, reaching nearly 40,000 visitors in person and millions more online. Teachers reported increased confidence in teaching science and greater student interest in STEM subjects. The exhibits led to commercial gains for industry collaborators and inspired further installations at New Scientist Live and the Barbican Centre, reaching over 160,000 attendees. Online videos and global media coverage expanded the reach to over 120 million people. Media exposure from the team’s quantum memory research (ULTRARAM™) alone reached 78 million, drawing the interest of major technology companies and informing policy discussions on advanced memory technologies.
<a href=""https://results2021.ref.ac.uk/impact/b4d958a4-94e8-4bc4-a87d-f4aa4b79aff2"" target=""_blank"">Read more...</a></p>
",
111,7,Society,Business,"Business, Entrepreneurialism, Management","Research in this topic supports and informs business, entrepreneurialism, management and policies aimed at improving the founding and productivity of commercial enterprisees. Much research focuses on identifying and implementing effective tools for managing existing firms and means to make entrepreneurs successful. This includes both practices and training inside firms as well as the development of business or entrepreneurialism-friendly policies and funding. We also find several business spinoffs from research or adaptations of research into large companies. A large number of impact projects are concerned with helping small- and medium enterprises (SMEs) grow and with creating business environments, organisational practices, public policies and financial opportunities that help them thrive. Research on management reguarly informs ways to make firms more efficient and to train their staff. Several projects are also concerned with environmental and sustainable practices in business and entrepreneurialism for a greener economy.","<h6>Accelerating the Multi-Unit Leader and Service Chain Growth</h6>
<p>Research-based materials used to train over 800 multi-site managers across 22 big organisations to enhance their practice, progression and performance. 94 percent of managers agreed that the programme improved their performance.
<a href=""https://results2021.ref.ac.uk/impact/52a42e12-dd1f-4728-9539-81c9acbb057f?page=1"" target=""_blank"">Read more...</a></p>
<h6>Let’s Do Business Group (LDBG) – Local SME Financing</h6>
<p>Connected 465 small and medium enterprises (SMEs) in deprived areas with GBP 1,500,000 in funding, advice, and training support.
<a href=""https://results2021.ref.ac.uk/impact/725f1bcb-5484-48b0-b335-34e6c37c9626?page=1"" target=""_blank"">Read more...</a></p>
<h6>Nurturing and Scaling Startup Businesses</h6>
<p>Making startups and scale-ups grow: research on effective business models and the entrepreneurial life cycle supported programming for 253 startup companies. These startups have created hundreds of jobs and raised GBP 230,600,000 in grant and venture capital funding. On average, these enterprises achieved 28 percent sales growth the year after programming, with 89 percent implementing the growth plans developed during the programme.
<a href=""https://results2021.ref.ac.uk/impact/cff4e0e8-deb9-4bc1-ba9f-b2f262352fe5?page=1"" target=""_blank"">Read more...</a></p>
",
24,2,Health,Ageing,Elderly Care & Diseases,"Research in this topic enhances care for the elderly and those living with age-related conditions such as dementia, Alzheimer’s and Parkinson’s disease. Case studies shaped healthcare policy and practice through innovations in early detection, practitioner training and assistive technologies. They addressed social care aspects, many involving families and communities to raise awareness and deliver social initiatives that support independent living, reduce loneliness and promote inclusion, with a key focus on changing perceptions of the elderly and their needs. A key focus in on shifting public understanding of ageing and encouraging lifelong habits and early intervention strategies that support healthy ageing and improved quality of life.","<h6>Transforming the life quality of people with advanced dementia - and their carers - with a HUG™</h6>
<p>This research project exploring the therapeutic value of playful objects led to the production of design guidelines for people with advanced dementia, with guidelines distributed by both Alzheimer’s UK and Care England. It also resulted in the HUG™, an artefact that improves the quality of life of people affected by advanced dementia. A six-month trial found it improved wellbeing for 87% of participants. As a result, HUG™ is now prescribed by the NHS. Its success has earned it significant media attention and the UK Tech4Good Winner of Winners’ award 2020.
<a href=""https://results2021.ref.ac.uk/impact/71ef30e1-413e-4d69-96f6-b0e39b51fa0e?page=2"" target=""_blank"">Read more...</a></p>
",
10,2,Health,Vision Res.,"Vision Research, Ophtalmology","This topic covers vision research and opthamology. In general studies in this topic demonstrate research into understanding, diagnosing, preventing, treating and supporting those with vision-threatening conditions. The topic features therapy and treament innovations as well as care and support initiatives for those affected. Research across this topic has enhanced visual care for patients, informed international guidelines, advanced identification and management of optical conditions and been commercialised. Across clinical, community, and global settings, the studies often reflect better service delivery, public health strategies, and increased quality of life for people with visual impairments.","<h6>Counselling for sight loss: increasing the quality and availability of specialist counselling for people with sight loss in UK and Ireland</h6>
<p>Research at Abertay University has significantly improved access to and the quality of counselling for people with sight loss in the UK and Ireland. A user-led model of counselling was developed through in-depth case study research, leading to the creation of a specialist training course for qualified counsellors. This course equips practitioners with the knowledge and skills to meet the specific psychological and accessibility needs of blind and partially sighted clients. Since its rollout, the number of trained counsellors has increased by 80% in the UK and 460% in Ireland, expanding local, face-to-face counselling provision. The course, accredited by Vision UK and delivered in collaboration with the RNIB, was recognised with a national commendation for excellence. The model has influenced professional standards, improved client choice and outcomes, supported emergency service expansion during the COVID-19 pandemic, and informed practice and service development internationally.
<a href=""https://results2021.ref.ac.uk/impact/81786e20-6af8-46ec-b6ef-8d957db92891"" target=""_blank"">Read more...</a></p>
<h6>Improving Diagnosis and Patient Outcomes in Developmental Retinal Diseases (DRDs)</h6>
<p>University of Leicester researchers at the Ulverscroft Eye Unit have transformed diagnosis and care for Developmental Retinal Diseases (DRDs) by pioneering genetic testing and high-resolution imaging, particularly using OCT. They discovered the FRMD7 gene, developed the world’s first nystagmus gene panel, and influenced national and international clinical testing strategies, resulting in over 1,400 patients being tested and enabling earlier, more accurate, and less invasive diagnoses. Their Leicester Grading System (LGS) for foveal abnormalities is now a globally used clinical tool, guiding diagnosis, prognosis, and genetic testing. These advances allow earlier access to resources, improve treatment planning, reassure families, and shape clinical guidelines in countries including the UK, USA, and South Korea.
<a href=""https://results2021.ref.ac.uk/impact/c2414f0b-72c4-44b9-90a3-370bba50acec"" target=""_blank"">Read more...</a></p>
<h6>NeuroEyeCoach™: achieving the gold standard for eyesight rehabilitation at home and in the clinic</h6>
<p>NeuroEyeCoach™, developed by University of Aberdeen researchers, is an innovative vision rehabilitation therapy for stroke patients suffering from visual field loss. Unlike earlier approaches requiring clinic-based sessions, NeuroEyeCoach™ offers personalised, adaptive therapy accessible both at home and in clinics. Based on research demonstrating that inefficient eye movement strategies hinder visual recovery post-stroke, the therapy standardises training via algorithms that dynamically adjust difficulty to patient performance. It has regulatory approval in the EU and US and has become the gold standard for eyesight rehabilitation, improving visual search and daily functioning for over 500 patients to date. Used across rehabilitation clinics in Germany, Italy, Austria, and the US, and supported by major healthcare providers, it enhances quality of life while reducing delivery costs and barriers to access—marking a significant advancement in post-stroke visual therapy.
<a href=""https://results2021.ref.ac.uk/impact/64e56f03-5ba3-4d08-b0c7-c324a1bf7d95"" target=""_blank"">Read more...</a></p>
",
31,2,Health,Childbirth,"Childbirth, Pregnancy, Reproductive Health","The research in this topic addresses reproductive, maternal, and neonatal health. Law, policy and guidance are informed by studies addressing clinical practice, access and equity, as well as the development of therapies are inlcluded here. Studies researching aspects of childbirth and reproductive health such as contraception and fertility, newborn outcomes, bereavement support, and advancements in pharmacological, psychological, behavioural, and assisted reproductive therapies are all encompassed by this topic.","<h6>Influencing Abortion Law Reform in the UK and South Australia</h6>
<p>This research has offered the leading legal analysis relied upon in making the case for the removal of specific criminal prohibitions against abortion and thereby formed the basis for the first three Bills – two in the House of Commons (HC), one in the House of Lords (HL)) – to fundamentally challenge the status quo in English law that criminalises abortion rather than seeing it as a matter of health law.
<a href=""https://results2021.ref.ac.uk/impact/44fad3e3-8adc-47d0-96a0-fdb92af0b66b?page=1"" target=""_blank"">Read more...</a></p>
<h6>Improving care for women and families who have experienced miscarriage, stillbirth and elective abortion following a diagnosis of foetal anomaly</h6>
<p>Each year in the UK, there are approximately 250,000 miscarriages, stillbirths, and terminations following a diagnosis of foetal anomaly. To improve on inconsistent levels of care for mothers and families, researchers helped develop a National Bereavement Care Pathway (NBCP); informed new UK healthcare guidelines; and transformed professional training standards for midwives, registrars, and funeral directors
<a href=""https://results2021.ref.ac.uk/impact/ab5f8d17-1b3b-4ab1-8bad-4d1c44f75232?page=1"" target=""_blank"">Read more...</a></p>
",
52,3,Technology,Water,"Water-, Flood-, Coastal Management","This topic encompasses research relating to water, flood and coastal management. Studies cover flood risk management and resilience, as well as coastal and marine management, sustainable water systems and infrastructure, environmental water management initiatives as well as water access and equity. Research in this topic is broadly applied, but often showcases technology and methodology for monitoring and detection; modelling, simulation and prediction; treatment and processing; assessment and decision-making; and communication of data to public and professional bodies.","<h6>Pioneering computer models have transformed global flood risk management</h6>
<p>Researcher-led startup created the first high-resolution simulations of continental and global flood dynamics and risks. These simulations have been adopted by >1600 non-governmental organisations, multinational companies, governments, (re)insurers, specialist risk modelling firms, and non-commercial users for better global risk management.
<a href=""https://results2021.ref.ac.uk/impact/f4a1c209-e0c3-4a26-b6bf-8d690bd20827?page=1"" target=""_blank"">Read more...</a></p>
<h6>Changing policy and practice for promoting flood resilience of homes and businesses</h6>
<p>This research on making households adopt Property-level Flood Resilience (PFR) measures led to a scheme drawing on local knowledge that helped 60,000 property-owners improve their flood resilience. The research also helped convince a major UK insurer to fund PFR for its customers.
<a href=""https://results2021.ref.ac.uk/impact/9e933074-3756-4539-a9df-07204441dd75?page=1"" target=""_blank"">Read more...</a></p>
<h6>Improved capacities and standard operating procedures for tsunami early warning in Indian Ocean countries</h6>
<p>Recent tsunami events highlighted the importance of communicating timely and accurate warnings to communities at risk. Research established critical areas of capacity and processes for effective tsunami early warning and identified recommendations for improvements to early warning processes. This work resulted in significant changes to: policy decisions on how tsunami preparedness is managed and assessed in 28 countries in the Indian Ocean region; greater priority for capacity building of national agencies responsible for tsunami early warning; and, improved national processes and practices for tsunami early warning in Indonesia and Sri Lanka, which are protecting coastal communities at risk.
<a href=""https://results2021.ref.ac.uk/impact/0596d0d7-8a9e-4ff1-8aef-07a4c561fb1b?page=1"" target=""_blank"">Read more...</a></p>
",
29,2,Health,Healthcare,"Healthcare: Service Provision, Data, Policy","This research topic showcases research across healthcare services, data and policy. It focuses on patient-centred care, digital health innovation, and community engagement for more inclusive, personalised, and effective services. It highlights advances in workforce and organisational transformation, policy influence, and behavioural science to improve both delivery and outcomes. Underpinning these developments are enhanced methods for ensuring safety and clinical quality, supported by rigorous data evaluation and measurement tools.","<h6>Enabling self-administered healthcare technology through Multiple Perspective Problem Framing</h6>
<p>Development of a Multiple Perspective Problem Framing approach to support those affected by blindness caused by diabetes. This approach helps deliver economically sustainable, self-administered healthcare. Industrial partner PolyPhotonix Ltd. produced the Noctura 400 sleep mask, a non-invasive, home-based treatment for diabetic retinophathy. As well as patients and clinicians, this technology has greatly benefited PolyPhotonix Ltd. Although in early stages of commercialisation at the time of authorship, Noctura 400 has been sold to 954 patients and 63 treatment centres (around 5,000 units), generating a turnover of £450,000 and attracting external funds for business development of £18,000,000.
<a href=""https://results2021.ref.ac.uk/impact/64818531-1fd3-4950-bcab-9889a13bab65?page=1"" target=""_blank"">Read more...</a></p>
<h6>NHS Investment in Social Prescribing: outcomes for individuals, communities, and the health and care system</h6>
<p>Social prescribing (SP) is a community-based approach to health and care which aims to tackle health inequalities by addressing social determinants of health and broader wellbeing for marginalised, disadvantaged, or vulnerable people. The Centre for Regional Economic and Social Research (CRESR) undertook a programme of research demonstrating the effectiveness of social prescribing (SP). CRESR research findings informed healthcare commissioners to invest in local SP services, including £3,000,000 per year in Rotherham alone. NHS England used this research to invest £35,000,000 per year in SP through its Long Term Plan. 900,000 people per year will be referred to SP schemes, reducing the cost-burden of long-term health conditions on the NHS.
<a href=""https://results2021.ref.ac.uk/impact/13483264-76fd-45d3-a603-d8dd44a40b44?page=1"" target=""_blank"">Read more...</a></p>
",
58,3,Technology,Transportation,"Transportation, Urban Mobility, Logistics","Research in this topic informs urban planning and transportation policy, advancing the design and implementation of more efficient, inclusive, and resilient mobility systems. Case studies shaped investment strategies and infrastructure priorities, with strong emphasis on accessibility for disabled people, the elderly, and children, as well as supporting active urban lifestyles. Many case studies focus on sustainability, addressing the challenges of climate change and uncertainty through innovative and ecologically responsible planning. Research also extended beyond urban environments to include broader logistical systems such as airport infrastructure, regional transit, and transport ticketing systems. Novel tools and technologies were developed to support planners and transport organisations in overcoming complex mobility and logistics challenges across diverse contexts.","<h6>Connecting deprived regions in North West Europe through innovative tram projects</h6>
<p>Research on the use of tramways for urban regeneration and accompanying shifts in travel behaviours underpinned EUR 22,300,000 in strategic investments in public transport across North West Europe. The popular, extended Blackpool tramway along the Fylde Coast is among the newly supported projects.
<a href=""https://results2021.ref.ac.uk/impact/89f18a03-81f6-4b5a-ac63-179b73abed7e?page=1"" target=""_blank"">Read more...</a></p>
<h6>Delay Cost Management in European Aviation</h6>
<p>Design, computation, and maintainance of the aviation industry’s standard delay cost values. These values are used across Europe to inform air travel management and optimization, business decisions, and airport planning.
<a href=""https://results2021.ref.ac.uk/impact/dc58b8cb-051b-44a7-8d33-bdb325827149?page=1"" target=""_blank"">Read more...</a></p>
<h6>Delivering Smart Ticketing in Great Britain</h6>
<p>A commercial spin-out company from a university team implemented the rollout of contactless payment across UK bus networks. In 2020, over 100 million transactions across 27 local authorities were processed.
<a href=""https://results2021.ref.ac.uk/impact/b5d9beda-5d59-4e26-89b3-cdc90d108524?page=1"" target=""_blank"">Read more...</a></p>
",
83,5,Culture,Performance Arts,Theatre & Performance,"Research in this topic explores the cultural legacy, contemporary practice, and uses of performance across theatre, dance, and related art forms. Case studies span writing, acting, directing, choreography, design, and emerging stage technologies, highlighting the creative breadth of live performance. Work celebrates the rich heritage of British theatre, particularly the enduring impact of Shakespeare, while also exploring a diverse range of dance practices and non-theatrical performance traditions. Many projects promote inclusion and diversity in both production and participation, using performance as a platform for the expression of marginalised voices and cross-cultural discourse, building community relationships and mutual understanding. There is also emphasis on education, with theatre and dance used to engage youth, support performer training, and explore complex historical and social narratives.","<h6>Innovating in the Production and Exploitation of Shakespeare Screen Adaptations with the Royal Shakespeare Company</h6>
<p>Based on research about bringing theatre to the screen, the “Royal Shakespeare Company Live from Stratford-upon-Avon” project has broadened public access by bringing performances of the RSC to the screen, including during the pandemic. The project reached over 1 million viewers, including ~376,000 UK secondary education pupils.
<a href=""https://results2021.ref.ac.uk/impact/0a59e9ea-db3e-496c-8494-a9f9e63e2249"" target=""_blank"">Read more...</a></p>
<h6>Increasing knowledge and awareness of Black British theatre, film and television</h6>
<p>Research on transnational Black British theatre increased knowledge and awareness of the historical contributions made by artists of African and Caribbean descent to British theatre, film and TV via an award-winning 10-part BBC Radio 4 documentary. Additionally, work with the National Theatre has restored and preserved the historical and contemporary work of Black playwrights and practitioners in the UK by documenting their contribution to British theatre’s historical record within the publicly accessible digital Black Plays Archive.
<a href=""https://results2021.ref.ac.uk/impact/3f10242e-3ad5-46c0-a180-724c84f754fa?page=1"" target=""_blank"">Read more...</a></p>
",
126,7,Society,News & Comms,"News, Communications & Information Environments","Research in this topic focuses on developing responsible information environments by tackling misinformation, enhancing media literacy, and promoting frameworks for impartiality and open communication. Case studies have informed global government, institutional, and corporate communication policies that protect democratic processes and ensure access to trusted information. Work supports educators, media professionals, organisations, and the public in navigating the digital information landscape. It strengthens connections between regulators, broadcasters, institutions, and audiences, shaping both public understanding and communication practices. Research also promoted diversity and representation across journalism, news, and wider media communications.","<h6>Humanitarian Journalism: Improving Crisis Reporting for More Effective Humanitarian Response</h6>
<p>The research contributed to a re-evaluation of The New Humanitarian (TNH), a key media news source for policymakers and the humanitarian aid sector. These changes led humanitarian agencies to pay attention to ‘forgotten crises’, leading to action that would otherwise not have been offered. Most notable is the TNH’s reporting on the ‘overlooked’ March 2018 Yazidi healthcare crisis in Iraq. This reporting resulted in immediate action from the UN migration agency and Doctors Without Borders, among others. By the end of 2018, the main hospital serving the Yazidi minority had been moved to a safer and better-equipped facility and acquired new ambulances. TNH doubled their citation of ‘local experts’ in coverage between 2015-2017 and increased the proportion of ‘investigative’ or ‘campaigning’ journalism in their outputs. This helped humanitarian professionals develop policies that address the most urgent challenges in remote crises. For example, a 2018 TNH investigation into alleged chronic corruption in the UN’s resettlement process in Sudan caused the UN’s refugee agency to suspend resettlement operations there subject to further review. TNH’s reformed reporting has impacted the aid sector at an institutional level. For example, Amnesty International, Human Rights Watch, and others have used TNH as a source when lobbying the UN Human Rights Council for an inquiry into abuse against the Rohingya.
<a href=""https://results2021.ref.ac.uk/impact/7b5e9ce8-01e8-496e-aa09-c85b1b4b2f3c?page=1"" target=""_blank"">Read more...</a></p>
<h6>Visual Media Literacy for Combating Misinformation</h6>
<p>The Visual Social Media Lab (VSML) carried out a number of impact activities, culminating in the ‘Questioning Images’ (QI) resource. QI has underpinned election-related media literacy campaigns in Canada and Colombia in 2019. These activities reached ~9,000 teachers and 1.2 million pupils in Canada (70% of all schools in Canada), and 199 school and 76,000 pupils in Colombia. The VSML also responded rapidly to COVID-19 misinformation, producing a teacher’s guide which trained 80 schools in Manchester, reaching 1,600 pupils.
<a href=""https://results2021.ref.ac.uk/impact/f2d5ec4e-708b-4b07-9e6f-a835b17402cd?page=1"" target=""_blank"">Read more...</a></p>
",
125,7,Society,Brexit & Trade,"Brexit, UK & EU policies, Intl. Trade","Research in this topic shaped understanding and responses to Brexit, its legal implications, and the redefinition of the UK’s place in the world. Case studies informed the redrawing of UK legislation and legal frameworks, supported the protection of EU nationals’ rights, and guided the restructuring of Britain’s foreign relations. Scholars played a central role in communicating the consequences of Brexit to the public and in advising on the future of UK governance, trade policy, and regulatory structures. Research also supported British Overseas Territories and informed collaboration with Ireland on border and policy issues. Beyond Brexit, work on EU policymaking and trade institutions enhanced understanding of EU-specific rights and shaped evolving trade policy. Broader international trade research addressed global trade rules, WTO processes, and macroeconomic modelling to support more effective and equitable trade negotiations and policy development.","<h6>Post-Brexit recognition for the British-Irish common travel area and for Irish citizens in UK immigration law</h6>
<p>This research ensured post-Brexit legal protections for Irish citizens in the UK. It directly supported the forging of  a formal agreement between the UK and Irish governments safeguarding reciprocal rights to live, work, access healthcare and education, and vote — affecting hundreds of thousands of residents and millions of cross-border travelers annually. Legal recommendations shaped Section 2 of the Immigration Act 2020, ensuring Irish citizens retained rights independent of EU law. Ryan’s evidence also secured ministerial commitments on family sponsorship and deportation protections, embedding long-term legal clarity and stability for Irish citizens in UK immigration law.
<a href=""https://results2021.ref.ac.uk/impact/1595880a-3002-47fd-ac73-84fa4a34cb3f"" target=""_blank"">Read more...</a></p>
<h6>Informing, Developing, and Delivering the UK’s Trade Policy</h6>
<p>This research shaped how the UK created and delivered trade policy after Brexit. Researchers from the University of Liverpool worked inside government to train over 600 civil servants across 32 departments, ensuring they could negotiate and implement trade deals effectively. Their expert advice directly supported the negotiation of four trade agreements worth over £2bn annually, and improved policymaking on complex issues like tariffs, climate, investment screening, and food safety. Their guidance informed weekly ministerial briefings and helped coordinate cross-government positions during high-stakes negotiations, including those affected by COVID-19 and the global trade landscape.
<a href=""https://results2021.ref.ac.uk/impact/039d333c-03b7-40c3-a2d7-8c27ddeba02d"" target=""_blank"">Read more...</a></p>
",
69,4,Environment,Climate Change,Climate Change & Environmental Policy,"Research in this topic relates to climate change and environmental policy, and studies encompass climate science and modeling, carbon budgets and emissions targets, climate risk assessment, climate communication and public engagement, international climate diplomacy, climate justice and social vulnerability mapping, climate resilience and infrastructure. Research here tends to use modelling and visualisation tools, as well as assessment and data analysis tools to inform policy and organisational decisions.","<h6>Redesigning global climate technology policy and funding to meet the needs of low- and middle-income countries</h6>
<p>Research at the University of Sussex developed a new approach—Climate Relevant Innovation-system Builders (CRIBs)—to improve climate technology transfer to low- and middle-income countries by focusing on building local innovation systems and aligning technologies with local needs and political contexts. This approach has reshaped global climate policy: it informed the UNFCCC’s review of climate technology policy, was adopted by the Green Climate Fund (GCF) to guide funding strategy, and influenced the World Bank’s shift towards “market ecosystem creation” in its Climate Technology Program. Regionally, the African Union used CRIBs to train policymakers from 18 countries, contributing to the design of its Green Innovation Framework. Nationally, 16 policy organisations in nine African countries are applying CRIBs to secure GCF funding and inform climate strategies—most notably, Burundi received nearly USD10 million (leveraging over USD21 million) and Kenya has USD20 million in advanced-stage proposals—demonstrating CRIBs’ practical influence on mobilising climate finance and shaping sustainable development across the Global South.
<a href=""https://results2021.ref.ac.uk/impact/f6685bb9-ea95-4c55-819a-438555511f74"" target=""_blank"">Read more...</a></p>
<h6>Improving the effectiveness of visualisation and communication of climate science to a diverse worldwide audience</h6>
<p>Psychological and cognitive science research at the University of East Anglia led to the creation of the ‘MADE’ principles—a set of guidelines to improve climate data visualisations for non-specialist audiences—which have been widely adopted by the Intergovernmental Panel on Climate Change (IPCC) and other international bodies. These principles were directly applied to improve figures in major IPCC reports, including the Special Reports on Global Warming of 1.5°C and on Climate Change and Land, significantly enhancing figure comprehension among policymakers and the public. The guidelines have been disseminated globally, featured in IPCC style guides, communications handbooks, and African expert training, and informed visual communication strategies across multiple international agencies, thereby transforming how complex climate science is presented to and understood by diverse audiences worldwide.
<a href=""https://results2021.ref.ac.uk/impact/ec68c0c3-5210-4b8a-9d42-542b00974055"" target=""_blank"">Read more...</a></p>
<h6>Strengthening planning for urban climate change adaptation and resilience</h6>
<p>Research at the University of Manchester through the RESIN project developed tools and spatial datasets to support climate adaptation planning in cities, most notably the European Climate Risk Typology, which helps policymakers visualise and compare regional climate risks. These tools informed climate strategies in Greater Manchester, directly shaping the Manchester Climate Change Framework 2020–2025 and the region’s Whole Place Implementation Plan. At the European level, the Typology supported the European Investment Bank’s climate risk modelling, enhanced the European Environment Agency’s data platforms and reporting, and was adopted by the Covenant of Mayors to guide adaptation assessments for over 10,000 local authorities.
<a href=""https://results2021.ref.ac.uk/impact/526bcc46-5aab-4399-b02f-9149b0dbf539"" target=""_blank"">Read more...</a></p>
<h6>Informing International and Organisational Policy and Decision-Making around Climate Change</h6>
<p>This research into the effects of climate change underpinned a 2014 report for the Intergovernmental Panel on Climate Change that was approved by over 100 national governments, including the UK, influencing their climate targets. The report was also a key scientific input into the Paris Climate Agreement that was signed in 2016 and aims to limit the rise in global average temperature to 1.5°C above pre-industrial levels.
<a href=""https://results2021.ref.ac.uk/impact/18c0b010-f6ff-4430-94d4-b0443a6787ac?page=1"" target=""_blank"">Read more...</a></p>
",
84,5,Culture,Exhibitions,"Arts, Heritage & Science Exhibitions","Research in this topic informed interactions with art, history and science through innovative exhibitions and technologies. Case studies shaped museum and institutional practices, promoting and enabling greater public engagement with both familiar subjects and underrepresented areas in art, heritage and science. Many used exhibitions as platforms for education, cross-cultural understanding and social inclusion, often generating significant social and economic benefits for host communities. Work in this topic highlights the role of cultural engagement in enhancing social and individual wellbeing and inspiring participation of new, diverse audiences.","<h6>Digital Rome: inspiring access to Rome’s ancient architecture and history through 3D visualisations</h6>
<p>Research led to the development of a highly successful Massive Open Online Course (MOOC) on the FutureLearn platform: Rome: A Virtual Tour of an Ancient City. The course provides five weeks of online content that combine documentary footage of Rome with digital reconstructions of ancient Rome, including interactive 3D models of buildings of particular historical and/or archaeological interest. The first run of the course showed higher uptake than the average for all MOOCs and for comparable history courses. Significantly higher proportions of learners completed over 90% of the course than on other MOOCs. During its 10 runs, the course has attracted over 59,000 learners from 190 countries across a range of ages and working backgrounds. It has generated £33,179.40 and has served as model for similar courses. It has also been incorporated into teaching practices, including being used as a digital training resource for Classics teachers by the Joint Association for Classics Teachers.
<a href=""https://results2021.ref.ac.uk/impact/6154c9cb-c16e-4743-be0e-740b1b402c00?page=1"" target=""_blank"">Read more...</a></p>
<h6>Caravaggio: generating cultural value through art historical research</h6>
<p>The correct attribution of important, often newly discovered historical artworks by art history scholars, including paintings by Caravaggio, Da Vinci and Parmigianino, had considerable economic impact on the art market. Caravaggio’s Judith Beheading Holofernes achieved a market sale of around £100-150 million. The Parmigianino was estimated to be worth £245 million and subsequently purchased by the Getty Museum.
<a href=""https://results2021.ref.ac.uk/impact/01544933-e386-4288-ae39-c6fc02b853c9?page=1"" target=""_blank"">Read more...</a></p>
<h6>New ways of seeing: revealing the materiality of artistic practice in Medieval and Renaissance Europe</h6>
<p>Researchers helped conceive and inform many important exhibits, such as the COLOUR exhibit (133,656 visitors) on medieval miniature paintings at the Fitzwilliam Museum and the Raphael exhibit (67,628 visitors) at the Ashmolean Museum. New forms of audience engagement were pioneered, with 58% of Raphael visitors drawing themselves during their visit, and 3,800 primary school pupils getting to engage with how monks used to illuminate paintings in COLOUR-inspired school drawing lessons.
<a href=""https://results2021.ref.ac.uk/impact/416ca9dc-11a1-4df7-bd5c-d0f4111a1acd?page=1"" target=""_blank"">Read more...</a></p>
<h6>Blood and Money: Contested cultural histories</h6>
<p>Two major exhibitions hosted by the Jewish Museum in London, Blood: Unities & Dividing (2015/16) and Jews, Money, Myth (2019), influenced prominent collectors to open their collections and loan items to help change public understanding of Jewish history and cultural identity. Blood attracted over 11,000 people, sold over 600 exhibition books, and generated thousands of pounds in revenue. Its unprecedented acclaim created the demand for it to tour to the Galicia Jewish Museum, Krakow where it attracted more than 30,000 visitors, the most a tour exhibition has ever attracted to that musem. It then travelled to the POLIN Museum for History of Polish Jews, Warsaw, where it attracted 45,000, making it the most popular temporary exhibition the museum has ever hosted. It was covered in 628 media pieces, with an advertising value of around £1.1 million. Jews, Money, Myth reach 290 million people through media, and attracted 22,000 visitors. It won the Museums Association ‘Museums Change Lives’ award in 2019 for its impact on public understanding at a time of rising antisemitism. The responses to these exhibitions inspired Birkbeck University to develop a short course on identifying and tackling antisemitism, ‘Facing Antisemitism: Politics, History, Culture’, which was used by major institutions including the Labour Party.
<a href=""https://results2021.ref.ac.uk/impact/0460b480-23c9-4e46-91a3-36ce1e694eef?page=1"" target=""_blank"">Read more...</a></p>
",
54,3,Technology,Energy,"Energy Systems, Decarbonisation","This topic encompasses case studies relating to energy systems and decarbonisation. Studies address areas such as renewable energy technologies, policy development, building energy efficiency, decarbonization and net-zero transitions, smart energy systems, and socio-economic impacts of energy transitions. Research inlcudes both technical solutions (i.e. smart systems, materials for heat storage, solar photovoltaic monitoring, CO2 capture, AI-integrated systems), and policy tools (i.e. energy mapping, economic modeling, regulatory methodologies, community engagement). The work spans from addressing fuel poverty through targeted neighborhood mapping to supporting large-scale policy development for energy directives and decarbonisation strategies.","<h6>Accelerating decarbonisation of the GB Whole Energy System through governance reform</h6>
<p>This work produced policy reccomendations for decarbonising GB's energy system that influenced the Competition and Markets Authority (CMA) to identify how current governance arrangements are damaging the energy market. It also supported the CMA, Department for Business, Energy and Industrial Strategy (BEIS) and regulator Ofgem to change the system of industry codes to increase opportunities for green energy innovators. Researchers also recommended a revised governance framework for the regulation of the GB whole energy system, prompting BEIS and the National Infrastructure Commission (NIC) to use this as a basis for evaluating future institutional change and inspired the creation of a “fourth principle” for energy policy: the agility principle, introduced by the BEIS Secretary of State in 2018.
<a href=""https://results2021.ref.ac.uk/impact/acf019c7-b442-4f20-8072-5dd0b4a32dc5?page=1"" target=""_blank"">Read more...</a></p>
<h6>Changing EU directives to improve the energy efficiency of non-residential buildings across Europe</h6>
<p>Showing that new methods of continuous monitoring are more effective at improving building energy performance than physical inspections informed the 2018 revision of the EU Energy Performance of Buildings Directive, which defined legal standards across all 28 EU member states. Insights were also incorporated into the £4.4 billion building programme for new schools by the UK Department for Education.
<a href=""https://results2021.ref.ac.uk/impact/68e3c701-5a33-4465-85cd-ede615670bfe?page=1"" target=""_blank"">Read more...</a></p>
<h6>Increasing energy efficiency in homes and reducing the domestic energy performance gap.</h6>
<p>This research into energy efficient construction led to changes in UK Building Regulations, estimated to reduce 120,000 tonnes of CO2 emissions and save British households £66 million pounds in energy consumption due to higher energy efficiency.
<a href=""https://results2021.ref.ac.uk/impact/30b1330b-e6ec-44bd-8a44-25d0f42f6bec?page=1"" target=""_blank"">Read more...</a></p>
",
75,4,Environment,Food Systems,Food & Agriculture: Systems & Policy,"The case studies in this topic cover themes in food and agricultural research, with a focus on systems and policy. Studies look at areas such as food security and resilience, sustainable agricultural transformation and practice, food safety and quality systems, and innovation and policy integration. The topic as a whole showcases developing new technologies, financial tools, and governance frameworks to support food and agricultural transformations at local and international levels.","<h6>Building Resilience in Wetland Farming Communities in East and Central Africa</h6>
<p>Insights from research on best practices for sustainable agricultural wetland use, codified as the Functional Landscape Approach (FLA), were incorporated by governments and NGOs in programmes that reached over 148,000 households, around one million people, across Ethiopia, Zambia, Malawi, Uganda, and Tanzania.
<a href=""https://results2021.ref.ac.uk/impact/f88dd593-21e0-43d6-9d03-c43d8a4bca02?page=1"" target=""_blank"">Read more...</a></p>
<h6>Food Heritage: Enabling collecting institutions and their communities to shape research and policy on food and food security and contributing to UN-Sustainable Development Goals</h6>
<p>The BigPicnic project addressed food security issues in the context of botanic garden education by exploring the links between food security, plant diversity, and climate change. Hosted in 14 European and 1 Ugandan Botanic Garden in 2016-2019, it showed the role that trusted public institutions like botanic gardens can play in effecting changes to attitude, behaviour, and political response to food and food security. Between 2016-2018, the BigPicnic team have developed 15 exhibitions on food security issues and established 92 science cafés in 59 locations. It has altered the relationship of some European and Ugandan citizens to food and food choices, with 180,000 visitors to BigPicnic events and 6,982 science café users. The project has helped train botanic garden professionals to continue this work, and shaped policy debate around food security in Scotland and Canada.
<a href=""https://results2021.ref.ac.uk/impact/339b0b02-0f72-446e-887f-7462625cfd7a?page=1"" target=""_blank"">Read more...</a></p>
<h6>Food Ladders: Increasing resilience and reducing vulnerability to food insecurity</h6>
<p>A new food support framework, Food Ladders, has created institutional and policy change. Food Ladders has informed the UK’s planning responses and disaster mitigation approach and has underpinned long-term strategies in over 40 UK charities, including the UK’s largest surplus food redistributor, FareShare. FareShare has increased its long-term funding to £19million and expanded to work with Asda and Waitrose as well as Tesco. This work has also influenced major producers in the food sector, like GreenCore, whose Sustainability Report and Plan (2020) aims to introduce their community engagement programme, #StartsWithFood, to every site and to donate 100% of surplus to vulnerable communities by 2022. Local authorities have also partnered with the PI, e.g., £1.7million given by the National Institute for Health Research to PI to develop a fruit and vegetable voucher scheme in partnership with Doncaster Metropolitan Borough Council.
<a href=""https://results2021.ref.ac.uk/impact/04bb2b0b-dd67-4417-a24b-d525d4576661?page=1"" target=""_blank"">Read more...</a></p>
<h6>Improving the fortunes of small-scale agri-food producers and delivering consumer benefits via the development of quality food markets</h6>
<p>This research has changed the practices of a major international grocery retailer, shaped the EU policy agenda on unfair trading practices and food quality policy, and developed alternative markets and short food supply chains. These impacts have improved economic returns to small-scale producers in Armenia, Hungary, Serbia, Croatia, and the United Kingdom, enabled consumers to benefit from better access to quality foods, and allowed over 30,000 children to receive more nutritious school meals.
<a href=""https://results2021.ref.ac.uk/impact/9d89d65e-811b-45fc-9c19-85e33814b1fc?page=1"" target=""_blank"">Read more...</a></p>
",
106,7,Society,Pensions & Finances,"Pensions, Finances, Consumer Protection and Market Regulation","Research in this topic has shaped the regulation of financial services and various goods markets with the goal of protecting consumers and retail investors. Case studies informed policies of key regulatory bodies such as the Financial Conduct Authority and improved various regulations such as oversight of credit cards, payday lending, and complaint handling. Projects enhanced financial literacy and reduced risks linked to gambling, indebtedness, and financial vulnerability. Research drove reforms in insurance and pension practices and regulations, supporting better retirement outcomes and financial security. Contributions also improved market transparency and pricing in housing, pharmaceuticals, and tech products, guided merger and cartel policies, and influenced accounting standards and business regulation to safeguard consumer interests.","<h6>Oxevision - Vision-based patient monitoring and management in mental health settings</h6>
<p>Oxevision, developed from University of Oxford research and commercialised by spin-out Oxehealth, is the world’s first CE-marked, contact-free vital-sign monitoring system using video cameras and clinically validated algorithms. Installed in 1,277 patient rooms across 16 NHS Trusts and two Scandinavian sites by November 2020, it has transformed mental health care by enabling remote monitoring of heart rate, breathing, and movement. The system has significantly improved patient safety (e.g. 82% fewer harmful falls), privacy (98% fewer night-time disturbances), and clinical decision-making, while reducing emergency interventions and protecting staff during COVID-19. It generates over £2 million in annual recurring revenue and exemplifies research-driven digital health innovation.
<a href=""https://results2021.ref.ac.uk/impact/39dfae7c-f02b-4102-b468-29b36ede49e6"" target=""_blank"">Read more...</a></p>
<h6>Shaping Policy Learning on Regulatory Reforms: Co-Creating the World Bank’s Global Regulatory Impact Assessment Awards</h6>
<p>Building capacity for better regulation is an important aspect of global development. To encourage bottom up innovation in regulationm UK researchers started the Regulatory Impact Assessment (RIA) Awards together with the World Bank. The RIA Awards represent an international learning platform, assisting policymakers in 45 developing and transition economies to share and diffuse models of best practice.
<a href=""https://results2021.ref.ac.uk/impact/e7ca1138-c01b-495e-a30c-e76df3c8150d?page=1"" target=""_blank"">Read more...</a></p>
<h6>The development of the Life Market, a global capital market for transferring longevity risk.</h6>
<p>The Life Market (LM) is a major new global capital market for transferring longevity risk from corporate pension schemes to reinsurers and capital-market investors. Mortality forecasting models together with longevity bonds and swaps, designed by UK researchers, have been integral to operating LM. To date, one $50M longevity bond, 61 UK longevity swaps (worth £105bn), and seven Dutch longevity swaps have been executed. This contributed to a reduction in the prices reinsurers charge clients by 1% and created industry savings of £1B. The reduction in risk benefits pension scheme members who now have greater confidence that their pensions will be paid in full.
<a href=""https://results2021.ref.ac.uk/impact/faf02d9f-dd36-40ba-a06a-984f89e2e03e?page=1"" target=""_blank"">Read more...</a></p>
<h6>Shaping Consumer Financial Protection Policy in the United Kingdom</h6>
<p>Improving Consumer Financial Protection: Behavioural economics research influenced the Financial Conduct Authority (FCA) design of a price cap on UK payday loans, protecting 4.3 million loan applicants.
<a href=""https://results2021.ref.ac.uk/impact/78033deb-6e66-4fc4-ba56-4540aa08a32a?page=1"" target=""_blank"">Read more...</a></p>
",
118,7,Society,Exploitative Work,Exploited and Vulnerable Work,"Case studies in this topic inform policy, legislation and protective measures for vulnerable workers and groups vulnerable to exploitation, including those affected by modern slavery, human trafficking, illegal sex work and the drug trade. ICSs raise awareness of often unheard or stigmatised experiences, amplifying the voices of marginalised communities to challenge public and institutional perceptions. Work in this topic advocates for more inclusive representation and reforms in national and international legal and policy frameworks to recognise and protect those most affected by exploitative systems.","<h6>Student Sex Workers: Reducing Stigma and Improving Well-being</h6>
<p>This research led to the UK’s first dedicated e-health service for student sex workers, offering peer support, confidential counselling, and safety advice. The service enhanced wellbeing and protection for hundreds of users. Collaboration with NHS Wales established the first sexual health clinic and outreach service for student sex workers. Awareness-raising at 30 Freshers’ Fairs reached 1,687 students - 86% reported greater awareness of stigma, and 90% said they would be more likely to challenge it. The work directly shaped NUS policy and university practices across the UK. The BAFTA Cymru-winning film Fog of Sex and related media reached over 18 million viewers. Co-produced online training has been adopted by 100+ professionals, improving responses across higher education, health, and policing sectors.
<a href=""https://results2021.ref.ac.uk/impact/af45ddde-b7f2-4c93-bb82-54b27bf5d5a3"" target=""_blank"">Read more...</a></p>
<h6>Using Earth Observation to tackle modern slavery</h6>
<p>Boyd’s ‘Slavery from Space’ programme has revolutionised efforts to combat modern slavery by using Earth Observation to identify slavery-linked industries across multiple countries. This approach fills a critical global data gap and has been recognized by the UN, ILO, and awarded the 2020 GEO SDG Award. In South Asia, Boyd mapped over 47,000 brick kilns across 1.55m square km, enabling targeted raids that liberated 138 bonded labourers since 2019. Her data helped resolve wage disputes totalling around ₹12.1 million (~$160,000 USD) and improved conditions at nearly 20 kilns. Integrated into a UNDP GeoAI app, it supports inspections covering 30% of northern India’s brick kilns. In Greece, Boyd mapped 48 informal settlements housing 6,000 migrant workers, aiding NGOs and government efforts. Her work was incorporated into Greece’s National Action Plan following a European Court ruling and praised for advancing worker protection. Boyd’s research provides actionable data that enhances identification, rescue, policy, and compliance efforts toward ending modern slavery by 2030.
<a href=""https://results2021.ref.ac.uk/impact/162847c4-c276-41f1-acb9-a7bf5d1bedc5"" target=""_blank"">Read more...</a></p>
",
5,2,Health,Med. Imaging,Medical Imaging & Monitoring,"Research in this topic surrounds the development and utilisation of imaging and assessment techniques for diagnosis, prognosis and monitoring of conditions. Case studies encompass development of sensing and imaging technologies, as well as methods for analysis and use of procured data. Improving accuracy, patient experience and reducing risk are all key elements within the topic.","<h6>Leeds Virtual Microscope: A New Tool for Pathologists Diagnosing Cancer</h6>
<p>The Leeds Virtual Microscope (LVM), developed through research at the University of Leeds, transformed how pathologists diagnose cancer by enabling faster and more accurate analysis of biopsy slides using ultra-high-resolution digital displays. It was the first digital pathology software able to support gigapixel images on such screens, matching the diagnostic speed of traditional microscopes. Adopted by Leeds Teaching Hospitals NHS Trust, the LVM underpinned its transition to fully digital pathology and influenced national guidelines. It also shaped the design of Roche’s uPath system—now licensed in over 100 locations worldwide—and guided scanner development at FFEI and display technologies at Barco. Its impact extends across the Americas, Europe, the Middle East, Africa, and Asia-Pacific, and helped secure major investments in UK pathology AI research and infrastructure.
<a href=""https://results2021.ref.ac.uk/impact/54f55ced-71f6-4e6d-9281-e065e7147f3e"" target=""_blank"">Read more...</a></p>
<h6>Computational Cardiology Impacting on Medical Devices, Safer Drug Trials, Medical Training and Technical Standards</h6>
<p>Ulster University’s research in computational cardiology has led to significant advances in medical technology, training, and regulation. A 3D ECG algorithm developed in collaboration with the FDA has been adopted by the agency to compute biomarkers predicting risk of drug-induced arrhythmias, shaping drug safety protocols. Ulster’s simulator for visualising ECG recording errors was integrated into a bestselling medical textbook and widely used for training, improving clinical education globally. Research into defibrillator usability and electrode misplacement directly informed the design and market approval of a novel AED and the validation of a new ECG patch system, both now in use in hospitals and emergency settings. Ulster’s findings on automation bias in ECG interpretation have informed international standards, including IEEE and IEC guidance, while its work on ECG data structure contributed to the development and deployment of PDF-ECG in hospital systems. These contributions have advanced medical practice, improved patient safety, and helped shape global technical standards.
<a href=""https://results2021.ref.ac.uk/impact/c012e557-6059-49ed-a55a-012737ba7b5e"" target=""_blank"">Read more...</a></p>
<h6>Transforming the use of Arterial Spin Labelling for Clinical Practice</h6>
<p>Arterial Spin Labelling (ASL) is a non-invasive MRI technique for measuring cerebral blood flow, an indicator of neurological diseases. ASL was previously underused due to lack of harmonisation in the MRI technology, despite being easily implemented, cheaper, and safer than existing alternatives. Research of this ICS produced harmonised guidelines on the use of ASL in clinical settings. The methodology has now been adopted by the manufacturers of >90% of the world’s MRI scanners. Sales of harmonised ASL clinical software packages have increased from $37,910,000 (2014) to $48,550,000 (2019).
<a href=""https://results2021.ref.ac.uk/impact/837950ff-ae46-43be-9130-12d94d682d3f?page=1"" target=""_blank"">Read more...</a></p>
",
44,3,Technology,AI & Smart Machinnes,"Robotics, Sensors, AI, Satellite & Image Data and Smart Systems","Research in this topic is applicable to advanced robotics, artificial intelligence, sensor and smart system technologies and image data across a breadth of sectors. Studies encompass autonomous systems for agriculture, manufacturing, and transportation, alongside sophisticated imaging and detection technologies for security, space applications, and industrial monitoring. Case studies demonstrate the commercialisation of AI-powered solutions including computer vision systems, natural language processing tools, and robotic platforms that enhance productivity and safety. The topic aslso includes sensor development for gas detection, structural monitoring, and environmental applications, as well as satellite-based monitoring systems for agricultural and urban planning. Additionally, research covers the integration of these technologies into smart systems that support decision-making, automate complex processes, and enable new capabilities in healthcare, forensics, and public safety applications.","<h6>Oxbotica – Creating Universal Autonomy for Vehicles</h6>
<p>Research from the University of Oxford’s Mobile Robotics Group (now Oxford Robotics Institute) established the foundational concept of ‘Universal Autonomy’—the ability for vehicles to navigate without reliance on GPS or external infrastructure and operate in all environments and weather conditions. This work led to the 2014 spinout of Oxbotica, which commercialised the research into software platforms used across industries including mining, logistics, and aviation. Oxbotica’s technology has shaped UK autonomous vehicle (AV) policy through its central role in national trials such as LUTZ, AUTODrive, and DRIVEN, and through contributions to the UK Government’s Code of Practice for AV testing. The company has grown to employ 170 staff across the UK and Canada, secured partnerships with major industrial players including Nissan, Caterpillar, and Addison Lee, and was showcased by the UK Government as an example of national leadership in AV development. Oxford’s research and Oxbotica’s deployment of it have been instrumental in positioning the UK as a global leader in autonomous mobility.
<a href=""https://results2021.ref.ac.uk/impact/59a3f815-8c08-4ae7-b1a0-e6805a6da187"" target=""_blank"">Read more...</a></p>
<h6>Development and commercialisation of robotic nanomanipulation of living cells</h6>
<p>Collaborative research between the University of Bedfordshire and Changchun University of Science and Technology led to major advances in robotic nanomanipulation of living cells, resulting in the development of a multidimensional information nanoscopic detector. This technology, which enables in vitro cell manipulation and measurement across multiple physical dimensions, underpins the spin-out company Changli-nanobio Ltd, established in 2017. The detector has been used for applications such as DNA editing, drug evaluation, early cancer diagnosis, and food supplement development. Changli-nanobio provides services to hospitals and pharmaceutical companies, supporting clinical and product innovation, and has developed its own supplement, Shenpuyin. The company has attracted significant investment, grown to 60 employees, and now plays a key role in Jilin Province’s strategy to revitalise its economy through high-tech innovation, with backing from the local Economic-Technological Development Zone.
<a href=""https://results2021.ref.ac.uk/impact/61dcfa19-1301-4900-af97-90733c9f2a6a"" target=""_blank"">Read more...</a></p>
<h6>More efficient and sustainable agriculture through advanced techniques in machine vision and machine learning</h6>
<p>Research at the Centre for Machine Vision (CMV) at the University of the West of England led to significant innovations in agriculture through the application of 3D imaging and deep learning. The ‘HerdVision’ system, developed in partnership with agri-tech firm Agsenze, automates dairy cow condition and lameness monitoring, improving welfare and productivity, and is deployed on 11 UK farms, including 10 in Arla’s sustainable farming programme. A second innovation, ‘HarvestEye’, enables real-time in-field data capture during potato harvesting, providing insights that improve crop marketing and agronomic planning; it has been successfully commercialised by B-Hive Innovations Ltd in partnership with GRIMME UK. CMV research also underpins ‘GrassVision’, developed with SoilEssentials Ltd, a smart-camera weed detection and precision spraying system that reduces herbicide use by 90%. These technologies have increased efficiency, reduced environmental impacts, created jobs, and upskilled partner companies in machine vision and AI, contributing to a more sustainable and profitable agricultural sector.
<a href=""https://results2021.ref.ac.uk/impact/a25988a5-a6ad-4882-9ac9-9d6084e71592"" target=""_blank"">Read more...</a></p>
<h6>Spectral Edge Ltd.</h6>
<p>Research at the University of East Anglia’s Colour & Imaging Lab led to the development of advanced image fusion algorithms that overcame longstanding problems of artefacts and hallucinated detail, enabling the fusion of multiple images into a single colour image with enhanced detail. These innovations were commercialised through the 2011 spin-out Spectral Edge Ltd., which secured over £6 million in funding and developed a suite of applications, including Eyeteq (enhancing video for colour-blind users), Nighteq, Vividteq, and real-time IR-visible image fusion for security. The company grew to 15 staff and gained licensing deals, including with NTT Data Italia, before being acquired by Apple Inc. in November 2019. Apple integrated the core technology into its product development pipeline and established a Cambridge facility around the Spectral Edge team, with the IP and algorithms continuing to influence next-generation imaging in consumer devices. The acquisition also delivered strong returns to early investors, including UEA and local seed funds.
<a href=""https://results2021.ref.ac.uk/impact/359bf6a1-bb4a-4227-997c-8702c289cd10"" target=""_blank"">Read more...</a></p>
<h6>Gas sensor technology: achieving global sales and developing innovative solutions for indoor air quality</h6>
<p>Research at the University of Warwick, in collaboration with the University of Cambridge, led to the development of ultra-low-power CMOS-compatible gas sensors for detecting indoor air pollutants, resulting in the creation of the spin-out Cambridge CMOS Sensors (CCS) in 2008. Warwick-patented innovations enabled highly sensitive, compact, and cost-effective metal-oxide (MOX) sensors (CCS801 and CCS811), which significantly outperformed competitors in power efficiency and manufacturability. These sensors were adopted in industrial, automotive, and increasingly consumer devices, including smartwatches and smart home systems. Following GBP8 million in investment and growing global demand, CCS was acquired in 2016 by ams in a deal valued up to EUR31 million, and its technology underpinned the creation of the USD120 million ScioSense joint venture in 2019. Warwick’s foundational IP remains central to ScioSense’s global success and product strategy, with millions of units sold and future sensor generations under development.
<a href=""https://results2021.ref.ac.uk/impact/8eac675f-94c5-4ada-a717-5cd23a1bd0de"" target=""_blank"">Read more...</a></p>
<h6>New industrial electromagnetic sensor systems improve safety processes and optimise capabilities in the UK's energy, rail and manufacturing sectors</h6>
<p>University of Manchester research revolutionised electromagnetic induction (EMI) sensor systems, enabling more accurate, non-destructive inspection across key UK industries. Their innovations in spectroscopy and tensor-based modelling are now used by EDF Energy to assess graphite degradation in the UK’s nuclear reactor fleet, enhancing safety and supporting reactor life extension. In steel production, Tata Steel adopted the EMspec™ system to monitor microstructural changes in over 30 million tonnes of steel, improving quality and reducing waste. The food industry benefits from improved contaminant detection through Safeline’s EMI-based metal detectors, while the rail sector uses Manchester’s methods to detect early-stage defects, strengthening infrastructure safety. These applications have delivered significant operational, safety, and environmental gains.
<a href=""https://results2021.ref.ac.uk/impact/7e5f1aa8-14ff-44d7-a3b8-33435243a527"" target=""_blank"">Read more...</a></p>
",
115,7,Society,Housing & Land,"Housing, Neighbourhoods, Urban & Rural Planning","Research in this topic has shaped how cities, towns, and rural areas are planned, built, and governed to promote livability, inclusion, and sustainability. Case studies informed national housing policies, supported legislative reform on housing rights, and influenced regulations on building standards, property valuation, and taxation. Projects helped develop affordable and social housing and gave voice to tenants and community groups in shaping their environments. Providing social and legislative support as well as shelter for the homeless was another major research focus. Research enhanced urban development through virtual city models and spatial planning tools, while also supporting greener cities, accessible public spaces, and integration of diverse populations. In rural areas, research guided strategies to reinvigorate communities and improve local infrastructure and services.","<h6>Improving housing law in Wales and England</h6>
<p>This research provided the legal and intellectual underpinning for the regulation of nearly all rented accommodation in Wales, directly impacting the lives of approximately half a million private or social tenant households and their landlords. The research also provided an underpinning evidence base that directly influenced the successful passage of the Homes (Fitness for Human Habitation) Act 2018, which affects over 8 million private and social rented tenancies in England.
<a href=""https://results2021.ref.ac.uk/impact/ae0cf12d-8706-4937-ae8a-ad11f14ce159?page=1"" target=""_blank"">Read more...</a></p>
<h6>Homelessness: Shaping legislation in England and Wales, and informing international policy debates</h6>
<p>Research on how to reduce homelessness via a focus on prevention resulted in new legislation: the Housing (Wales) Act 2014 and England’s Homelessness Reduction Act (2017).
<a href=""https://results2021.ref.ac.uk/impact/33822ddb-257d-4f86-a7fa-13479b59f931?page=1"" target=""_blank"">Read more...</a></p>
<h6>Supporting planning and housing policy reform around the world</h6>
<p>Supporting Housing Policy Reform Around the World: policy reforms aimed at improving land and housing market efficiency and affordability sparked debate in many countries, including the UK. Research and debate led to the Mortgage Interest Deduction in the USA (2017), the mortgage interest and capital deduction in Flanders (2015) and Brussels (2017), and the Ontario Housing Supply Action Plan (2019) affecting housing policies for 137,000,000 households.
<a href=""https://results2021.ref.ac.uk/impact/ee2da4dd-a157-4426-a0c1-881c88c5ad41?page=1"" target=""_blank"">Read more...</a></p>
",
79,4,Environment,Viruses,Viruses and Vaccines,"Research in this topic focuses on approaches to viral disease prevention and control. Vaccine development, strategy and policy is an important component of this, at national and global level. Additionally new anti-viral treatments and diagnostics are included, alongside mathematical modeling and data analysis, epidemic response, and some virus-specific research (i.e. genomic studies). There is additionally a contingent of studies with focus on health policy, global health impact and access equity for virus control and vaccine deployment.","<h6>Reducing infant deaths from rotavirus diarrhoea in sub-Saharan Africa</h6>
<p>Research led by the University of Liverpool demonstrated that rotavirus vaccination is safe, cost-effective, and life-saving in low-income settings, directly influencing WHO’s global recommendation to introduce rotavirus vaccines in high-burden countries. Following a landmark trial in Malawi showing a 50% reduction in severe rotavirus diarrhoea, Liverpool researchers conducted further studies proving the vaccine’s effectiveness at scale: a 33% reduction in infant diarrhoea deaths and averted hospitalisations and disability. This evidence catalysed Malawi’s vaccine rollout and served as an exemplar across Africa. As a result, 38 African countries introduced rotavirus vaccination, preventing an estimated 169,400 deaths and over 40 million gastroenteritis cases between 2013 and 2020. The work continues to shape WHO policy and national vaccine programmes.
<a href=""https://results2021.ref.ac.uk/impact/396dbe80-c15f-4532-b846-b954b0ff7152"" target=""_blank"">Read more...</a></p>
<h6>New generation seasonal influenza vaccines</h6>
<p>Research from the University of Cambridge has fundamentally reshaped the global selection process for seasonal influenza vaccines, directly informing decisions that affect over 500 million annual vaccinations. By developing antigenic cartography and revealing the mechanisms behind antigenic shifts—including the pivotal “backboost” immune phenomenon—this work enabled accurate prediction of viral evolution and introduced the concept of using antigenically advanced strains to pre-empt circulating variants. Since 2004, Professor Smith has served on the WHO vaccine strain selection committee, and since 2012, his group has provided the WHO with near real-time analyses of thousands of global viral sequences, now integral to the vaccine decision-making process. These innovations have improved vaccine effectiveness and helped avoid critical mismatches, enhancing protection against influenza worldwide and informing national immunisation strategies in countries including Canada and the US.
<a href=""https://results2021.ref.ac.uk/impact/e9785952-e070-432a-a8bf-b01a369c53a9"" target=""_blank"">Read more...</a></p>
<h6>Better protection against influenza through national childhood vaccination programmes</h6>
<p>Reverse genetics technology developed at the University of Oxford revolutionised influenza vaccine production by enabling rapid, precise generation of vaccine strains, forming the foundation for AstraZeneca’s live attenuated intranasal vaccine, FluMist/Fluenz. This vaccine, introduced into the UK’s National Childhood Vaccination Programme in 2013 as Fluenz Tetra, has since been administered to over 20 million children aged 2–17, significantly reducing influenza-related GP consultations, hospitalisations, and respiratory mortality, while also providing indirect protection across the population. The programme’s phased rollout, informed by pilot studies, demonstrated that vaccinating school-aged children not only conferred direct benefits but also generated herd immunity, reducing flu incidence in unvaccinated age groups, including older adults. The technology underpinning FluMist/Fluenz has also supported national immunisation programmes in countries including the US, Canada, Finland, and South Korea, with up to 22 million doses manufactured annually in the UK. In addition to measurable public health benefits, the vaccine has contributed to a reduction in antibiotic prescriptions and is recognised as a cost-effective intervention that strengthens pandemic preparedness and alleviates winter pressures on health systems.
<a href=""https://results2021.ref.ac.uk/impact/3aaab703-5ce1-464d-883d-5012099c5dd8"" target=""_blank"">Read more...</a></p>
<h6>Prevention of epidemic meningitis in Africa</h6>
<p>Pioneering research by LSHTM demonstrated that the MenAfriVac vaccine, designed to prevent group A meningococcal meningitis, not only protected vaccinated individuals but also halted epidemics by interrupting bacterial transmission through the prevention of carriage, leading to rapid herd immunity across the African meningitis belt. A pivotal study in Chad—where only part of the country was initially vaccinated—revealed a 94% reduction in meningitis incidence in vaccinated areas and showed near-elimination of group A carriage. These findings provided critical real-world evidence of the vaccine’s effectiveness, accelerating global rollout and influencing WHO recommendations for universal mass campaigns followed by routine infant immunisation. As a direct result, over 300 million people were vaccinated across 26 countries, virtually eliminating serogroup A meningitis from the region, preventing an estimated 142,000 deaths and more than a million cases. The research shaped Gavi policy and catalysed investment exceeding USD367 million, with MenAfriVac now a global case study in cost-effective, lifesaving vaccine deployment.
<a href=""https://results2021.ref.ac.uk/impact/509c66f4-f603-4c29-862f-217dbca590e8"" target=""_blank"">Read more...</a></p>
<h6>Discovery of a virus assembly mechanism using models of viral geometry: new opportunities for anti-viral therapy</h6>
<p>Groundbreaking research at the University of York overturned long-held assumptions about virus assembly by showing that the process is not driven solely by electrostatics but instead relies on multiple dispersed RNA packaging signals (PSs) that guide capsid formation. Using mathematical tools such as group theory and Hamiltonian paths, the team developed a novel modelling paradigm that enabled the discovery of PSs in viruses including Hepatitis B, HIV, and coronaviruses. This insight has catalysed new avenues for antiviral drug development—adopted by the US National Cancer Institute to establish a high-throughput screening platform targeting RNA-protein interactions—and underpinned patents for engineering virus-like particles (VLPs) to improve drug delivery, vaccine stability, and gene therapy. The technology has attracted industry interest, including from GlaxoSmithKline, and addresses a critical bottleneck in therapeutic VLP manufacturing. Public engagement has also been extensive: the research inspired virtual reality installations viewed by thousands at international venues such as the Lowry Gallery and Centre Pompidou, enhancing public understanding of viruses and the role of mathematics in biomedical innovation, and supported fundraising for the MathsWorldUK mathematics education centre.
<a href=""https://results2021.ref.ac.uk/impact/9cd197c0-3d8e-4369-9e99-e3d3951cf9ec"" target=""_blank"">Read more...</a></p>
<h6>Anthropological insights improve the humanitarian response to Ebola</h6>
<p>The public health response to the Ebola outbreak in West Africa between 2014 and 2016 faltered for a variety of reasons, many of which were social and cultural (e.g., mortuary and burial practices) but also political and economic (the sodalities managing burial practices in the region were also essential components of the political system). Researchers leveraged anthropological research to create the Ebola Response Anthropology Platform (ERAP) to provide social analysis to enable effective medical response and offer real-time advice during such outbreaks. ERAP authored 40 rapid response briefings, solicited by DFID, MOD, WHO, UNMEER, Christian Aid, and others, which drew 16,000 users to their website. ERAP’s insights aided such organisations and individuals in navigating social resistance to humanitarian responses by involving local communities. ERAP has now been renamed the Social Science in Humanitarian Action Platform (SSHAP), and this platform model is now informing the COVID-19 response.
<a href=""https://results2021.ref.ac.uk/impact/f7423d56-740f-435f-8b87-8b7330de7c1e?page=1"" target=""_blank"">Read more...</a></p>
",
3,1,Cancer,Cancer (various),Cancer Treatments,"This research topic focuses on cancer treatments, support and care for patients. Key themes included are early detection and screening innovations, precision medicine and targeted therapies and treatment technologies. There's a strong emphasis on patient-centered care that prioritises the overall experience and wellbeing of cancer patients. Elements of clinical guidance, policy and service management specific to cancer are also included.","<h6>Lung Cancer Screening: Improving early detection of the commonest cause of cancer death through the UK Lung Cancer Screening (UKLS) trial catalysing implementation and unique risk modelling</h6>
<p>Research at the University of Liverpool led to the development of the Liverpool Lung Project (LLP) risk model, a validated tool for identifying individuals at high risk of lung cancer, which underpinned the UK Lung Cancer Screening (UKLS) trial—the first randomised controlled trial in the UK to demonstrate that a risk-based approach to low-dose CT screening effectively detects early-stage lung cancers. This trial established the clinical efficiency and cost-effectiveness of targeted screening, significantly improving early diagnosis and enabling curative treatment, with 67% of detected cancers at stage I and 83% of patients suitable for surgery. The LLP model and UKLS findings directly influenced the launch of NHS England’s £70 million Targeted Lung Health Checks programme, projected to identify 3,400 early cancers by 2023 across 17 localities and laying the groundwork for nationwide rollout to 14 million people by 2028. The model has also shaped policy and implementation in Wales, Scotland, Europe, and China, where it is cited in national guidelines and used in screening pilots. The UKLS trial’s risk-based strategy and nodule management pathway have become international benchmarks for lung cancer screening, supported by economic modelling demonstrating a cost per QALY of £8,466, well below NICE thresholds, and leading to tangible health gains and reduced mortality in high-risk populations.
<a href=""https://results2021.ref.ac.uk/impact/8b1e655c-9d94-4d58-814e-fb690643f97c"" target=""_blank"">Read more...</a></p>
<h6>Specialist cancer services improve outcomes for Teenagers and Young Adults with cancer</h6>
<p>Research at the University of Leeds identified that teenagers and young adults (TYA) with cancer faced poorer outcomes due to fragmented, non-specialised care and environments unsuitable for their age group. This led to the development of national NHS policy in 2005 mandating specialist TYA cancer services, with Leeds research providing the evidence base for both the guidance and its implementation. Following these changes, cancer mortality in TYA fell by 27% between 2001 and 2013, with national studies such as BRIGHTLIGHT showing that specialised care improves survival, quality of life, and access to multidisciplinary, fertility and rehabilitation services. Leeds research methods have shaped national data infrastructure and clinical metrics, and informed NHS service models that now support 1,400 TYA annually. Internationally, the Leeds-led approach to TYA specialisation has influenced cancer policy and services in the US, Germany, France, the Netherlands, and India, and has been integrated into European medical education programmes, transforming global standards of age-appropriate cancer care.
<a href=""https://results2021.ref.ac.uk/impact/8b1e655c-9d94-4d58-814e-fb690643f97c"" target=""_blank"">Read more...</a></p>
<h6>Lifestyle Changes to Improve Outcomes in People Living With and Beyond Cancer</h6>
<p>Research at Sheffield Hallam University has transformed global cancer survivorship care by demonstrating that tailored lifestyle and exercise interventions significantly improve quality of life, reduce fatigue, enhance cardiovascular health, and alleviate psychological distress in people with cancer. These findings underpin international clinical guidelines, including those of the European Association of Urology, and have been adopted in national policies across countries such as Germany, Australia and the United States. The research has reshaped clinical practice in the UK, leading to the integration of exercise-based support into NHS cancer care pathways, the establishment of a dedicated rehabilitation service for cancer survivors, and the national training of healthcare and fitness professionals. These developments have improved care for thousands of patients worldwide, making evidence-based lifestyle interventions a recognised component of standard cancer treatment.
<a href=""https://results2021.ref.ac.uk/impact/0019795c-5288-488b-8233-b851e2b917a1"" target=""_blank"">Read more...</a></p>
<h6>PARP inhibition in BRCA-mutated cancer: improved survival for ovarian, breast, pancreatic and prostate cancer patients</h6>
<p>Researchers at The Institute of Cancer Research (ICR) pioneered a paradigm-shifting cancer therapy: the use of PARP inhibitors to selectively target cancers with deficiencies in DNA homologous recombination repair (HRR), especially those with BRCA1 or BRCA2 mutations. They showed that BRCA-deficient cells are hypersensitive to PARP inhibition—a concept they termed “synthetic lethality.” This led to the development and global regulatory approval of four PARP inhibitors (olaparib, niraparib, rucaparib, talazoparib) now used in ovarian, breast, pancreatic, and prostate cancers. Over 30,000 patients have been treated with olaparib alone, with approvals in over 70 countries. ICR's foundational science also drove more than USD 5 billion in sales for the pharmaceutical industry and informed ongoing efforts to target related DNA repair pathways (e.g., ATR, ATM). The impact spans clinical practice, health policy, patient survival, drug development, and biomarker-driven precision oncology.
<a href=""https://results2021.ref.ac.uk/impact/8269d635-2494-4236-9bc8-e2504cf0fe39"" target=""_blank"">Read more...</a></p>
",
8,2,Health,Neurology,Neurological & Neuropsychiatric Treatments and Rehabilitation,"Case studies in this topic contain research surrounding neurological and neuropsychiatric diseases and their management. Studies include development of new treatments, treatment management, assessment, diagnosis and imaging. Furthermore, healthcare services for long-term support and rehabiliation are included, along with clinical practice guidelines and policy specific to this disease area.","<h6>An app that is improving the quality of life of patients suffering with visual field defects after brain injury</h6>
<p>Durham Reading and Exploration (DREX), a computerised training for the rehabilitation of brain injury related visual field defects, has been converted into an app to maximise accessibility and effectiveness. After implementing a consultation process with NHS professionals, patients and carers to address perceived barriers to use (e.g., tablets being a better technology for people with limited technical experience), the team developed a multiplatform app to improve the reach of this rehabilitation aid. At the time of ICS, the app has over 2,250 individual users, primarily in the UK but also in the USA, Malaysia and New Zealand. Interest in DREX increasing – it is now listed in the British and Irish Orthoptic Society's list of available rehabilitation options. DREX is also now being repurposed for other uses, such as clinical teaching in Malaysia.
<a href=""https://results2021.ref.ac.uk/impact/b7366a90-d5f7-497d-86f3-8c3eaef6076c?page=1"" target=""_blank"">Read more...</a></p>
<h6>Making music with brain signals to improve the quality of life of severely motor-impaired individuals</h6>
<p>Brain-Computer Music Interface (BCMI) technology allows a person or group of people suffering from severe motor impairment to create and perform music together, significantly benefitting their mental health and wellbeing. Paramusical Ensemble, a documentary of the preparation and performance of ‘Activating Memory’ by the initial trial group, won Best Documentary at the BioFiction Science Art Film Festival in 2019, and was screen across the globe, with 104,000 views on Vimeo alone in December 2020. The ICS produced a film for the series ‘Defiant Pioneers’, showcasing the work of Rosemary Johnson, a former violinist of the Welsh National Orchestra, paralysed in a car accident. The documentary was aired during the advert break of the season finale of Game of Thrones, attracting 12,100,000 viewers. Johnson received an MBE for her services to music using the BCMI technology.
<a href=""https://results2021.ref.ac.uk/impact/7f3d0570-0cf2-4e46-8c5c-1c1d9f67fad5?page=1"" target=""_blank"">Read more...</a></p>
",
80,4,Environment,Malaria,Malaria & Tropical Diseases,"Research in this topic investigates malaria and tropical diseases, this includes understanding disease burden and achieving disease control through policy and strategy, awareness and prevention. Modelling of tropical diseases, healthcare access, economics and regulations are all encompassed, as are treatments, drug development and diagnostics. Studies into vector control for malaria and tropical diseases are also inlcuded.","<h6>Overcoming regulatory barriers for the implementation of Gene Drive technology to control malarial mosquitos in Africa</h6>
<p>Researchers at the University of Cambridge, as part of the Target Malaria consortium, were the first to demonstrate that gene drive technology could function in animals—paving the way for its application in malarial mosquito control. Building on this proof-of-concept in fruit flies, they supported the transfer of the technology into Anopheles mosquitoes, leading to the development of gene drives that suppress malaria vectors. Critically, their work helped overcome regulatory barriers in Africa: in 2016, Burkina Faso became the first African country to approve importation and later, in 2019, to permit the field release of genetically modified mosquitoes. This represented the first GM insect release in Africa and led to the development of national regulatory frameworks in Burkina Faso, Mali, and Uganda. The research also influenced international biosafety policy and public engagement strategies, contributing to capacity building and shaping responsible innovation pathways in global health biotechnology.
<a href=""https://results2021.ref.ac.uk/impact/c9e6c088-fcbb-406c-96b2-a690398df672"" target=""_blank"">Read more...</a></p>
<h6>Improving Lives and Societies by the Targeted Treatment of Lymphatic Filariasis Morbidity in Africa and Asia</h6>
<p>Researchers at Liverpool School of Tropical Medicine (LSTM) significantly improved the identification, treatment, and care of people suffering from lymphatic filariasis (LF)—a disabling mosquito-borne disease—in seven countries across Africa and Asia. Through innovations like an SMS-based mHealth tool, hotspot mapping, hospital assessments, and quality-of-life surveys, LSTM enabled more efficient patient identification, improved access to care (including over 11,000 hydrocoele surgeries), and demonstrated measurable gains in patients’ physical, social, and economic wellbeing. These tools and strategies are now used in national LF programmes and have helped countries like Malawi meet WHO elimination criteria, contributing to global LF eradication goals and the alleviation of poverty and disability for thousands.
<a href=""https://results2021.ref.ac.uk/impact/ef1fbef3-acff-45ee-b739-b8310dfb9b9e"" target=""_blank"">Read more...</a></p>
<h6>Reducing the disease burden of tropical snakebite</h6>
<p>Researchers at the Liverpool School of Tropical Medicine (LSTM) played a central role in tackling snakebite as a major neglected tropical disease. Their work defined the global burden of snakebite, linking it to rural poverty and long-term psychological harm, and influenced the World Health Organization’s designation of snakebite as a priority NTD in 2017. LSTM led the development and clinical testing of safer, more effective antivenoms in West Africa, which drastically reduced mortality and treatment costs. Their efforts also led to WHO establishing a prequalification system for antivenom quality, with LSTM-developed products among the first approved. These initiatives transformed international policy, improved patient care, and created lasting partnerships and commercial benefits for manufacturers.
<a href=""https://results2021.ref.ac.uk/impact/cd408873-557a-4661-9879-f1f3fbf01f10"" target=""_blank"">Read more...</a></p>
",
133,7,Society,Migration,"Migration Policy, Integration, Rights","Research in this topic has shaped migration policy, supported migrant integration, and amplified migrant and refugee voices in public life. Projects informed international, national and local policies, improved data on migration flows, and guided service provision for migrant youth and communities. Research supported NGOs, enhanced legal protections, and addressed challenges such as racism, trafficking, and smuggling networks. Following Brexit, studies helped adapt UK migration policy and underpinned public discourse with research based insights. Creative and co-curated initiatives—ranging from arts-based events to faith-led global efforts—helped struggling populations, raised awareness and shared the lived experiences of refugees,migrants and diasporas, fostering empathy, inclusion, and evidence-based engagement.","<h6>‘Here to Stay’ - Influencing policy, improving public services for Eastern European migrant young people and informing public debate and attitudes to migration</h6>
<p>Research has shown that young people born in Central and Eastern Europe who have settled in the UK are disadvantaged in rights and opportunities, particularly in access to education and support services. Working with over 1,500 of these young people, this research developed a programme of training, policy, and community activities. Events and training materials highlighted youths' understanding of their experiencing and barriers to participation in society, foregrounding discrimination and loss of rights after Brexit. This training has been accessed by over 5,000 individuals working in key services (education, social work, police, voluntary sector). The research informed social media campaigns, such as @MigrantYouth on Twitter (#heretostay #migrantyouth #migrantsrights), Instagram and Facebook. There has also been significant news coverage, such as the LSE Brexit Blog (overall monthly readership of 790,000) and Channel 4 News, where the story was viewed more than 50,000 times.
<a href=""https://results2021.ref.ac.uk/impact/d25d0e7c-de58-480b-88dc-80c67992943f?page=1"" target=""_blank"">Read more...</a></p>
<h6>Countering the ‘Hostile Environment’ through Creative Practice: Making Space for the Stories of Immigration Detainees</h6>
<p>David Herd’s Refugee Tales, a project culminating in a three-volume collection of first-hand accounts of refugee experience, has been instrumental in changing public perception of refugee experience. Refugee Tales has informed changes to local and national policies to support these vulnerable communities, and has been used as a lobbying tool to press for legal change. For example, Refugee Tales included accounts of indefinite detention that influenced the framing of new detention policy. 28for28.org, which filmed readings of the published tales released on social media across 28 days, had such reach that extracts from Refugee Tales I and II was used as evidence in the Joint Committee on Human Rights’ Report on Immigration Detention. The Refugee Tales are taught in over 50 universities across the world, including Oxford, Cambridge, Cornell, Leiden, and the Federal University of Rio de Janeiro. The Oak National Academy, which funded by the Department of Education and was the main provider of home-school education during lockdown, dedicated a series of online lessons for KS3 students to the Refugee Tales books, with a reach of 4.7 million visitors to the online site.
<a href=""https://results2021.ref.ac.uk/impact/a15f9d32-c3c5-48d6-892d-cfd2fad31f8d?page=1"" target=""_blank"">Read more...</a></p>
",
9,2,Health,Cardiovascular,Cardiovascular Health,"The case studies in this topic relate to research into cardiovascular health. This covers all aspects of cardiovascular health from treatments and management of conditions, to drug and device development, diagnosis, imaging and monitoring of conditions. It also inludes resarch informing clinical practice guielines, patient safety guidance, screening and prevention, and risk management strategies for patients. Finally, studies into public awareness and action for improved public health are included.","<h6>A risk prediction model for sudden cardiac death in hypertrophic cardiomyopathy patients (HCM Risk-SCD)</h6>
<p>Researchers at University College London developed and validated the first statistically robust risk prediction model for sudden cardiac death (SCD) in patients with hypertrophic cardiomyopathy (HCM), an inherited heart condition. Incorporated into European Society of Cardiology (ESC) guidelines and endorsed in 57 countries, this model is now widely used by cardiologists to identify high-risk patients who may benefit from an implantable cardioverter defibrillator (ICD), while avoiding unnecessary procedures for those at low risk. The model improves clinical decision-making, supports shared treatment planning between patients and clinicians, enhances quality of care, and has helped reduce inappropriate ICD use—resulting in significant health and economic benefits across global healthcare systems.
<a href=""https://results2021.ref.ac.uk/impact/c825b2b8-6bf2-4a8e-b598-aeb1c127ac75"" target=""_blank"">Read more...</a></p>
<h6>Exercise participation following stroke or transient ischaemic attack: Informing the implementation and delivery of the HELP Hampshire Stroke Clinic</h6>
<p>Research from the University of Winchester has directly shaped the creation and delivery of the HELP Hampshire Stroke Clinic, a pioneering community-based programme supporting people recovering from stroke or mini-stroke. By demonstrating that early participation in structured exercise improves blood pressure, quality of life, and long-term health outcomes while reducing hospital admissions, the research prompted a major shift in local NHS referral practices. Instead of relying solely on GP referrals, stroke patients are now identified directly by hospital stroke units, significantly increasing access to rehabilitation. The programme has also catalyzed new collaborations, enhanced student training, supported the Stroke Association’s outreach efforts, and influenced national discussions on cost-effective stroke recovery models.
<a href=""https://results2021.ref.ac.uk/impact/d86ce193-642f-4438-800f-9d773b9e86f8"" target=""_blank"">Read more...</a></p>
<h6>Minimally Invasive treatment for varicose veins in the legs gives patients a significantly improved quality of life</h6>
<p>Research from the University of Hull has led to a global shift in how varicose veins and venous leg ulcers are treated, replacing traditional open surgery with minimally invasive techniques. These innovations have been adopted in NICE, European, and Royal Society of Medicine guidelines and implemented widely across the NHS and internationally. Patients now experience faster recovery, less pain, and significantly improved quality of life—over 80% report better outcomes. The approach also reduces long-term healthcare costs by preventing complications. The work has catalyzed a growing global market in endovenous technologies, benefiting patients and the medical technology sector alike.
<a href=""https://results2021.ref.ac.uk/impact/199d8fe8-57a7-4e1a-8211-f6d529a7b0fd"" target=""_blank"">Read more...</a></p>
<h6>Identifying cost-effective imaging strategies to diagnose acute stroke and to prevent secondary disabling stroke</h6>
<p>Research influenced key clinical stroke guidelines to recommend immediate CT scanning after acute stroke, reducing the time between hospital admission and CT scanning. Immediate CT scanning in the UK has caused 42,000 more quality-adjusted life-years and a reduction in the cost of stroke patients for the NHS by £1-2billion over the REF2021 period.
<a href=""https://results2021.ref.ac.uk/impact/fd43725f-4b75-4558-8d4a-30de1a9733e5?page=1"" target=""_blank"">Read more...</a></p>
",
37,2,Health,Global Health,Global Health / Health Guidance & Regulation,"Case studies in this topic are underpinned by global health impacts in healthcare guidance and regulation. This includes reasearch studies into areas such as healthcare policy, access and equity, economics, strategy and resource management. There are also studies into medical developments, such as diagnostics and treaments, healthcare decision making, and clinical practice guidance with globally-reaching impact.","<h6>Development of Cochrane reviews for summarizing evidence of the accuracy of diagnostic tests have improved patient care and outcomes</h6>
<p>A new methodology for evaluating the accuracy of diagnostic tests, developed at the University of Birmingham, has transformed global healthcare decision-making. Adopted by health authorities worldwide, this approach underpins hundreds of clinical guidelines and the WHO’s Essential Diagnostics List. It has directly shaped updated WHO recommendations for diagnosing malaria and tuberculosis, enabling the rapid adoption of reliable rapid diagnostic tests in low-resource settings. As a result, millions more patients are now accurately diagnosed and treated earlier—reducing unnecessary deaths, improving outcomes, and enhancing equitable access to care in countries with the highest disease burdens.
<a href=""https://results2021.ref.ac.uk/impact/a29abe39-b713-471f-af5e-d4c4c86830b5"" target=""_blank"">Read more...</a></p>
<h6>Global surgical studies inform hospital care during the COVID-19 pandemic</h6>
<p>A global surgical research initiative rapidly launched during the COVID-19 pandemic provided critical evidence that improved surgical care and saved lives worldwide. The collaborative’s studies revealed heightened risks for patients infected with the virus, leading to changes in clinical practice such as routine pre-operative testing and the creation of COVID-free surgical zones. These findings shaped World Health Organization and national guidelines, influenced surgical recovery planning in over 100 countries, and helped avoid millions of cancelled operations. The initiative also improved public understanding and patient confidence through accessible guidance, contributing to safer, more informed surgical care during a global health crisis.
<a href=""https://results2021.ref.ac.uk/impact/bbb9a65f-5cee-4520-8d24-c4c36aa260c1"" target=""_blank"">Read more...</a></p>
<h6>Using Economics to Inform Budget Allocation in Global Health.</h6>
<p>Research by the University of York has transformed how health budgets are allocated in low- and middle-income countries, helping governments and global organisations make better decisions with limited resources. Their work developed practical tools to evaluate which health interventions offer the most benefit for the money available—leading to smarter, more equitable health planning in countries like Malawi and across East and Southern Africa. It changed the way the World Health Organization sets value-for-money thresholds and directly shaped global HIV policy, improving care for millions by promoting cost-effective strategies like viral-load monitoring and HIV self-testing. This research has led to healthier populations and substantial cost savings by ensuring funds are focused on the most effective treatments.
<a href=""https://results2021.ref.ac.uk/impact/c487ce95-326a-40ff-aa76-d48b7a79bb53"" target=""_blank"">Read more...</a></p>
",
1,1,Cancer,Prostate Cancer,Prostate Cancer,"This topic includes case studies pertaining to prostate cancers, including health policy surrounding prostate cancers, as well as treatments and therapies, clinical practise standards, and screening, imaging, diagnostics, prognoses for patients.","<h6>Prostate Cancer Screening trial informs guidelines, reduces harms to men from overdetection and avoids unnecessary health service costs internationally</h6>
<p>A major UK study led by the University of Bristol found that offering men a one-off blood test to screen for prostate cancer does not save lives and instead leads to the detection and treatment of many harmless cancers. This research changed national and international health guidance by showing that routine screening of men without symptoms causes unnecessary harm and cost without clear benefit. As a result, health authorities now recommend that men make individual, informed decisions about whether to have the test, rather than being routinely offered it—helping to avoid anxiety, side effects from unnecessary treatment, and saving the NHS an estimated £250 million in the first year alone.
<a href=""https://results2021.ref.ac.uk/impact/1031ccd1-935d-4814-bb97-ea0996bdf129"" target=""_blank"">Read more...</a></p>
<h6>Changing international practice for metastatic prostate cancer by improving survival and patient outcomes</h6>
<p>Research led by UCL transformed global treatment for metastatic prostate cancer, demonstrating that adding docetaxel chemotherapy, abiraterone hormone therapy, or radiotherapy to standard hormone treatment significantly improves survival. Using the innovative STAMPEDE clinical trial design and STOPCAP meta-analysis approach, UCL researchers showed docetaxel extends survival by 15 months, abiraterone improves 3-year survival by 12%, and radiotherapy benefits men with lower disease spread. These results were rapidly adopted into UK and international clinical guidelines, influencing practice in over 20 countries. In the UK, an estimated 2,500 patients per year now benefit from docetaxel, potentially gaining 31,250 extra life-years over a decade.
<a href=""https://results2021.ref.ac.uk/impact/16db6fd3-8181-4dcc-bd4b-5a3f55d759a1"" target=""_blank"">Read more...</a></p>
",
107,7,Society,Macro & Finance,"Macroeconomics, Monetary policy, Financial Markets & Banking","Research in this topic has strengthened the design, governance, and resilience of financial and monetary systems. Case studies informed central banks—including the Bank of England, ECB, US Federal Reserve, and others globally—on monetary policy and interventions, debt sustainability, bond auction designs and macroprudential policies. Work shaped the toolkit available for responses to financial crises through new bank rescue and stress testing schemes, and systemic risk mitigation strategies. Central Banks were equipped with improved research based tools influencing interest rate decisions, credit risk assessment, and financial market stability. Research also improved more general macroeconomic modelling, forecasting, and official statistics.. Projects also supported regulatory reform in banking and credit sectors. Many mathematical and computational research projects advanced asset and option pricing tools in financial markets. They also informed ESG investment strategies, digital banking innovation, and inclusive practices such as microfinance.","<h6>Designing auctions to improve central bank operations</h6>
<p>The Bank of England’s Indexed Long-Term Repo (ILTR) operation has become a key policy tool for the Bank of England to ensure sufficient liquidity for the financial system at times of stress. It is based on economic research on auction design and has been implemented and tested together with researchers. The design has led to practice changes in other central banks.
<a href=""https://results2021.ref.ac.uk/impact/6f26a336-0c54-4e8b-bcc6-64e2060d285f?page=1"" target=""_blank"">Read more...</a></p>
<h6>New approaches to forecasting financial markets</h6>
<p>Forecasting Financial and Currency Markets: New forecasting models have changed key practices in both private and public sector decision making and have been used by Bank of England, the European Central Bank and major asset management companies
<a href=""https://results2021.ref.ac.uk/impact/fea17d20-7873-4b01-83b5-1cc609367b7a?page=1"" target=""_blank"">Read more...</a></p>
<h6>Enhancing the banknote security of five major currencies through the application of perception science in their design</h6>
<p>Worked with the International Banknote Designers Association (representing 70 countries) to develop new professional standards for user testing, lead innovation, and commercial impact in banknote production. The research demonstrated that intaglio printing and 3D stereo visual cues are most commonly identified by consumers. Design decisions reflecting this are now made by central banks in England, Europe, Australia, Canada, and the USA.
<a href=""https://results2021.ref.ac.uk/impact/48f0dd2d-824c-4f96-bd6b-af82527375f9?page=1"" target=""_blank"">Read more...</a></p>
",
97,6,Education,Literacy & Reading,Literacy & Reading,"Case studies in this topic focus on educational and therapeutic initiatives and practical provisions that promote literacy and reading practices. Work provides innovative, research-informed approaches to reading comprehension, informing educational policies and supporting adoption of new teaching methods and tools across schools and adult learning settings. Many studies promote public engagement with reading at all stages of life, and underpinned provisions such as funding for public libraries and widening access to reading-related technologies.","<h6>Enhancing children's reading comprehension by changing national and international policy and practice</h6>
<p>Research that demonstrated the importance of including three discourse-level skills that support successful reading comprehension (inference and integration, knowledge and use of text structure, and comprehension monitoring) in early reading instruction has improved reading instruction for 4 million children in the UK by underpinning policy changes that require reading comprehension to be taught. Since 2014 and beyond, these policy changes have reached 6,000 school leadership teams, globally.
<a href=""https://results2021.ref.ac.uk/impact/a42eeb51-047a-45cc-a541-9839c147d661?page=1"" target=""_blank"">Read more...</a></p>
<h6>Developing effective Reading for Pleasure practices in primary schools</h6>
<p>Research identified five key elements of an effective strategy for developing reading for pleasure within primary schools. This research has helped improve learning and practice in 308 primary schools, for 5,320 primary school practitioners (and their pupils), for 30 Initial Teacher Education Providers and for 3,858 student teachers. It has also helped guide public policy by influencing five national Reading for Pleasure initiatives.
<a href=""https://results2021.ref.ac.uk/impact/f91a3dee-96ad-41d3-a7e9-988d368e08af?page=1"" target=""_blank"">Read more...</a></p>
",
16,2,Health,Med. Treatments,Advances in Medical Treatments & Therapies,"This topic focuses on advances in medical treatments and therapies including the development, evaluation, and implementation of treatment options for patients. Studies encompass diagnostics, clinical decision-making, and management strategies that inform treatments and therapies used, as well as the research and development of new treatments. Case studies also often discuss policy and standards of care. The topic includes a broad range of disease areas and treatment types.","<h6>Optimising outcomes for people with venous leg ulcers</h6>
<p>Research at the University of Manchester has improved care and reduced costs for people with venous leg ulcers, a painful and recurring condition affecting thousands in the UK. Their systematic review confirmed that multi-layer compression bandages with elastic are most effective for healing, while a subsequent trial showed that 2-layer compression stockings are equally effective in suitable patients, reduce recurrence, and are more cost-effective. These findings have informed national and international clinical guidelines and driven significant changes in NHS practice. Prescribing of 2-layer stockings in England increased by 84% between 2013 and 2018, delivering an estimated annual saving of £7 million to the NHS and improving patient comfort and outcomes.
<a href=""https://results2021.ref.ac.uk/impact/1d278b74-0a27-4223-a396-f84cf0b26ee5"" target=""_blank"">Read more...</a></p>
<h6>Radical advance in treating age-related macular degeneration leading to global impact in prevention of blindness</h6>
<p>University of Bristol research demonstrated that the low-cost drug bevacizumab is as effective and safe as the licensed, expensive alternative for treating wet age-related macular degeneration (AMD), a major cause of blindness. The landmark IVAN trial, co-led in Bristol, provided definitive evidence that treating only active disease with bevacizumab maintains eye health while greatly reducing cost and treatment burden. These findings influenced UK NICE guidance and global health policy, including WHO recommendations and national protocols in countries such as India and Brazil. As a result, millions more patients worldwide now access effective sight-saving treatment, with substantial savings to public health systems.
<a href=""https://results2021.ref.ac.uk/impact/97113965-67e9-4d07-960e-6d09d91cf2cc"" target=""_blank"">Read more...</a></p>
<h6>Access to more effective therapies for Non-Hodgkin Lymphoma</h6>
<p>University of Manchester research played a central role in advancing two life-extending therapies for Non-Hodgkin Lymphoma. The team was pivotal to the clinical development and regulatory approval of Brentuximab Vedotin for T-cell lymphomas, the first treatment to show improved survival in this aggressive cancer, and now a new global standard of care. In parallel, their foundational laboratory discoveries led to the development and adoption of Obinutuzumab for B-cell lymphomas, improving progression-free survival and replacing a decade-old standard treatment. These breakthroughs have transformed international clinical guidelines and expanded access to more effective therapies for tens of thousands of patients worldwide.
<a href=""https://results2021.ref.ac.uk/impact/f6571138-0844-4a32-8992-127e12b3e422"" target=""_blank"">Read more...</a></p>
<h6>New sustainable technologies, support tools and standards have improved the lives of people with incontinence</h6>
<p>Research at the University of Southampton has transformed care for people with incontinence by developing sustainable technologies, accessible guidance tools, and international standards that expand choice, improve safety, and reduce stigma. Their work enabled CE marking of the world’s first reusable, biodegradable catheter and an effective biocidal cleaning wipe, supporting more sustainable alternatives to single-use plastics. The Continence Product Advisor website and educational resources have empowered thousands globally—patients, carers, and clinicians—to make informed choices, while new international terminology and WHO procurement standards have improved access to safe, affordable products in low-income settings.
<a href=""https://results2021.ref.ac.uk/impact/33995f65-9ff6-4479-b96d-580965fe830c"" target=""_blank"">Read more...</a></p>
<h6>Transforming the diagnosis and treatment of ATTR amyloidosis: from a rare untreatable disease to a common remediable disorder</h6>
<p>Research at UCL’s National Amyloidosis Centre has transformed the diagnosis and treatment of ATTR amyloidosis—a progressive, often fatal disease caused by abnormal protein deposits in the heart—into a model of precision medicine. Previously undetectable without invasive heart biopsies, ATTR amyloidosis can now be diagnosed safely and accurately using repurposed bone imaging, advanced cardiac MRI, and simple blood tests. These innovations, developed and validated by UCL, are now standard in UK and international clinical guidelines, enabling early diagnosis, patient access to new gene-silencing therapies, and improved outcomes for thousands worldwide.
<a href=""https://results2021.ref.ac.uk/impact/a40c15ce-0c8d-47a1-ad02-10c3ace75c6a"" target=""_blank"">Read more...</a></p>
",
12,2,Health,Anti-Microbials,"Antibiotics, Infections & Microbes","Research in this topic has improved the prevention, diagnosis and treatment of infectious diseases and addressed the global challenge of antimicrobial resistance (AMR). Work has shaped international guidelines on antibiotic stewardship, transformed national infection control policies, and reduced antimicrobial use in both human and veterinary medicine. Studies have accelerated drug discovery, including new antibiotic classes and antifungals, and advanced therapies for tuberculosis, Clostridioides difficile, and aspergillosis among others. Researchers have influenced WHO strategies, developed infection-resistant materials and hospital technologies, and improved novel genomic diagnostics. Communication, design, and systems-based interventions have also supported better public and clinical engagement with AMR.","<h6>Pathogen whole-genome sequencing transforms healthcare-associated infection and outbreak management</h6>
<p>Whole-genome sequencing (WGS) research at the University of Oxford has transformed global approaches to controlling healthcare-associated infections by enabling rapid identification of transmission sources and routes. This has led to safer clinical practices, such as removing reusable equipment to halt Candida auris outbreaks and redesigning surgical devices to eliminate Mycobacterium chimaera infections. Oxford’s findings also prompted international shifts in antibiotic stewardship, with fluoroquinolone restrictions helping reduce Clostridioides difficile infections. Their methods now underpin national surveillance systems and outbreak response strategies in the UK and abroad, directly influencing guidelines from Public Health England, the CDC, WHO, and other global health authorities.
<a href=""https://results2021.ref.ac.uk/impact/f59fb334-cc83-4a37-b631-c29eff19e1d5"" target=""_blank"">Read more...</a></p>
<h6>Reducing Waterborne Superbug Dissemination Around the World</h6>
<p>Research at Newcastle University fundamentally shifted global understanding of antimicrobial resistance (AMR) by demonstrating that environmental pollution—especially from untreated human waste—is a major driver of AMR spread in low- and middle-income countries. This evidence informed WHO guidance and three of its six recommended actions on AMR mitigation through water, sanitation and hygiene (WASH). It enabled countries to adopt low-cost, context-specific interventions, supported global investment and training in regions such as Ethiopia and Thailand, and influenced international AMR policy, public awareness, and response strategies, including during the COVID-19 pandemic.
<a href=""https://results2021.ref.ac.uk/impact/b0af3bb0-89d2-4394-a1bc-c3e1a4c5356a"" target=""_blank"">Read more...</a></p>
<h6>Transforming understanding of antimicrobial resistance through communication design</h6>
<p>‘Information Design and Architecture in Persuasive Pharmacy Space: combating AMR’ (IDAPPS): a design-led collaboration and creative approach to health communication, specifically related to Antimicrobial Resistance (AMR). IDAPPS has enabled pharmacists in the UK and Rwanda to provide clear advice and information on the dangers of AMR to member of the public. Organisations including Public Health England, the Commonwealth Pharmacy Association (CPA) and the Rwandan Community Pharmacists’ Union (RCPU) have adopted design-led approaches to enable effective and relevant public health communication. The Rwandan ‘Beat Bad Microbes’ campaign was recognised with an Antibiotic Guardian commended award in 2019. Design companies involved in this research have partnered on projects moving beyond the initial AMR projects. Design Science collaborated with bio-medical scientists on ‘Milk Guard’, a project in India to help treat and reduce AMR in cows and buffalo. Members of IDAPPS in bio-science and information design stimulated a campaign at Reading for public participation in developing the instructional components of home-testing kits for Covid-19.
<a href=""https://results2021.ref.ac.uk/impact/5cf5781d-aba7-4f64-a166-290d363cd4ac?page=1"" target=""_blank"">Read more...</a></p>
<h6>A reduction in healthcare-associated infections through influencing policy and healthcare practice</h6>
<p>Research at Glasgow Caledonian University significantly improved infection prevention in healthcare. It led to changes in Scotland’s screening policy for resistant organisms, increasing hospital compliance and reducing MRSA infections by 17.1% annually. At the European level, their validation of infection survey methods resulted in 450,000 more healthcare-associated infections being identified across 28 countries, improving investment and policy decisions. Globally, the research underpinned WHO guidance on national infection control programmes, contributing to an increase from 41% to 63% in countries implementing such programmes between 2015 and 2018.
<a href=""https://results2021.ref.ac.uk/impact/5e249374-aade-4127-b5bc-4e5ea8996dea"" target=""_blank"">Read more...</a></p>
<h6>Interactive Learning Resources and Behavioural Training to Improve Young Children’s Knowledge of Microorganisms and Handwashing Skills Globally</h6>
<p>Interdisciplinary research for the co-creation of ‘A Germ’s Journey’, a resource-based intervention comprising books, web games, videos, and posters. These resources provide information on how germs spread and how to prevent it with handwashing, in particular. Resources have been utilised globally across Africa, Asia, and Europe, with 3,540 books donated to schools, museum exhibits, community centres, and refugee camps to reach 145,432 people so far. 3,000 books and 340 e-books have been sold, and the GJ website has been used across 117 countries. Programming has led to improvement in children’s handwashing and reduced diarrhoea and vomiting episodes. These resources have been developed to reflect WHO guidelines on handwashing in response to the COVID-19 pandemic.
<a href=""https://results2021.ref.ac.uk/impact/8290e2d2-4b67-4861-83e0-a770e63492d5"" target=""_blank"">Read more...</a></p>
",
104,6,Education,Disability Inclusion,Disability Inclusion,"Case studies in this topic raise awareness of disabilities and offer technological and therapeutic innovations to support those living with disabilities across a range of settings. Work informs public education, institutional policy, and practical interventions aimed at changing attitudes and improving social participation for people with disabilities. Many focused on enhancing educational provisions and outcomes for disabled individuals. Work in arts and performance plays a key role in promoting inclusive practices and fostering meaningful connection between disabled and non-disabled communities.","<h6>Transforming the inclusion of people with intellectual disabilities in elite sports across the world.</h6>
<p>Research at Canterbury Christ Church University led to global changes in elite sport by enabling the re-inclusion of athletes with intellectual disabilities (ID) in the Paralympics and establishing new classification systems used by the IPC and Virtus. These systems expanded opportunities for over 1,000 ID athletes and introduced a new competition class for more severely impaired athletes, including those with Down Syndrome. The work has also improved professional training, changed public attitudes, and helped unlock international investment, strengthening inclusive sport infrastructure across over 30 countries.
<a href=""https://results2021.ref.ac.uk/impact/72077667-2637-401c-82da-b7277281069b"" target=""_blank"">Read more...</a></p>
<h6>The PBS Academy: improving understanding and enhancing the delivery of Positive Behavioural Support (PBS)</h6>
<p>Research at the University of Warwick has transformed the national delivery of Positive Behavioural Support (PBS) for people with intellectual disabilities, establishing the PBS Academy and a nationally adopted competence framework. These standards have guided government policy, NHS commissioning, and third-sector training, improving support for thousands of individuals and carers. Widely used by regulators, service providers, and families, the framework has influenced care practice across the UK and beyond, leading to improved quality of life, workforce training, and regulatory change in the sector.
<a href=""https://results2021.ref.ac.uk/impact/0af3893e-b157-4346-a9a4-eb21250ed6b2"" target=""_blank"">Read more...</a></p>
<h6>The RIX Wiki; Multimedia advocacy for young people with learning disabilities</h6>
<p>Researchers pioneered multi-media advocacy via “The RIX Wiki'' software tool, which directly addresses inequalities faced by people with Learning Disabilities. This tool enabled them to communicate their views, wishes, aspirations and preferences to ensure improvements in the services they receive.
<a href=""https://results2021.ref.ac.uk/impact/ec9c0308-d585-47f5-b12f-98886eabc0d9?page=1"" target=""_blank"">Read more...</a></p>
",
55,3,Technology,Electricity,Electrical Power & Networks,"Research in this topic has advanced the design, control and resilience of modern electricity systems, supporting a global shift toward low-carbon and decentralised energy. Innovations have enhanced the efficiency and reliability of power transmission and distribution—particularly in integrating offshore renewables and balancing AC/DC networks. Projects informed smart grid development, demand-side flexibility, and equitable access through minigrids in remote and underserved areas. New modelling and simulation tools have shaped energy infrastructure planning, improved overvoltage protection, and underpinned the UK’s electricity capacity market. Work has also driven international renewable deployment, reduced emissions, and enabled novel technologies for microgeneration, such as microbial fuel cells for off-grid sanitation and lighting.","<h6>Informing decisions and debate on low-carbon electricity</h6>
<p>Imperial College’s research shaped UK and EU energy policy by providing the economic modelling that underpinned the European Commission’s approval of State Aid for Hinkley Point C—enabling the UK’s largest low-carbon energy project. Their open-access wind modelling tool, Renewables Ninja, is used by global policymakers and institutions including the International Energy Agency. Through Drax Electric Insights, their analysis also informs public and media debate on Britain’s electricity system, influencing both national policy and public understanding of low-carbon transitions.
<a href=""https://results2021.ref.ac.uk/impact/0afda29b-41c2-4f7c-97da-17210b9777c6"" target=""_blank"">Read more...</a></p>
<h6>Driving Siemens Gamesa’s offshore wind turbines</h6>
<p>Research from the University of Sheffield into permanent magnet direct-drive generator technology has been integrated into all 1,049 Siemens Gamesa offshore wind turbines operating globally, supporting 23% of global installed offshore wind capacity and generating £3.5bn in turnover. This collaboration enabled five successive turbine generations, boosting output from 6MW to 14MW and helping reduce the levelised cost of offshore wind energy from £157 to £39 per MWh. These advances directly contributed to the world’s first zero-subsidy offshore wind farm and helped position Siemens Gamesa as a global market leader.
<a href=""https://results2021.ref.ac.uk/impact/834eab83-645e-4dd4-a112-4fc804cd120f"" target=""_blank"">Read more...</a></p>
<h6>Electricity system reliability assessment and capacity procurement</h6>
<p>Research from the Maxwell Institute underpinned critical reforms in how Great Britain ensures electricity system reliability, directly informing the design and operation of the national Capacity Market. Their statistical and decision-analysis methods improved how wind variability, energy storage, and extreme scenarios are factored into capacity procurement decisions—guiding billions of pounds in investments while enhancing supply security. Their work also led to revised risk metrics that more accurately value battery storage, preventing overpayment and ensuring fairness in auctions. Internationally, their contributions shaped the IEEE 859 standard, a foundational tool for outage data reporting used across North America, influencing decisions that affect grid reliability for hundreds of millions of people.
<a href=""https://results2021.ref.ac.uk/impact/5ff3bc47-b6ac-486a-87ff-5a8e59acc0d9"" target=""_blank"">Read more...</a></p>
<h6>Pee Power – microbial fuel cell electricity generation for safe sanitation</h6>
<p>Pee Power®, developed at UWE Bristol, uses microbial fuel cell technology to convert urine into electricity, improving sanitation safety in areas without power. Installed in schools in Uganda and Kenya and in a South African settlement, it has enhanced nighttime toilet access for thousands. The technology has also influenced humanitarian planning, with Oxfam identifying it as a potential game changer for refugee camps. High-profile demonstrations at Glastonbury Festival raised public awareness, highlighting Pee Power’s potential for sustainable, off-grid sanitation in both emergency and everyday contexts.
<a href=""https://results2021.ref.ac.uk/impact/3ba4ae52-0107-48c2-8dcb-67f3b4263acd"" target=""_blank"">Read more...</a></p>
",
13,2,Health,Organs,"Organs: Transplants, Research, Treatments","Research in this topic has transformed organ donation and transplant systems, advanced kidney and liver preservation technologies, and improved treatments for various organ conditions. Work has informed national organ allocation strategies and public health campaigns, with particular impact on reducing inequalities in donor registration. Innovations have enhanced viability and utilisation of donor organs and improved survival outcomes among others in dialysis and nephrotic syndrome care. Genetic insights and precision therapies have shaped guidelines and enabled earlier, more effective interventions for adults and children worldwide.","<h6>Transforming the care of children and adults with nephrotic syndrome throughout the world</h6>
<p>University of Bristol research transformed diagnosis and treatment of steroid-resistant nephrotic syndrome (SRNS) by identifying its molecular and genetic causes. Their development of a gene panel and national patient registry enabled precision medicine approaches, reducing harmful treatments and improving transplant outcomes. Over 1,000 UK patients have benefited from genetic testing, saving the NHS an estimated £5–10 million annually. The work underpinned global clinical guidelines, supported patient well-being, and catalysed over £50 million in industry investment, including the £45M launch of gene therapy spin-out Purespring Therapeutics.
<a href=""https://results2021.ref.ac.uk/impact/e8442984-9c3e-4ca1-96d3-b01530d8b4ee"" target=""_blank"">Read more...</a></p>
<h6>OrganOx: Organ preservation to improve liver transplantation</h6>
<p>Oxford researchers developed OrganOx metra, the world’s first normothermic liver perfusion device, enabling longer and more effective liver preservation before transplantation. Their work led to a 50% reduction in discarded donor livers and improved transplant outcomes, including halved graft injury and increased availability of viable organs. Endorsed by NICE in 2019, the device is now routinely used in all UK liver transplant centres and in 12 other countries, supporting over 850 transplants. The Oxford spinout OrganOx Ltd has generated £7M in sales and attracted further investment, creating high-value jobs and international recognition.
<a href=""https://results2021.ref.ac.uk/impact/04e4c17c-d5b9-4373-81a6-b51c1e161dc4"" target=""_blank"">Read more...</a></p>
",
129,7,Society,Women,"Women's Rights, Representation, History","Case studies in this topic focus on contemporary and historical feminist initiatives for women’s rights and histories. Work informed gender-sensitive reforms in government, legislation, and global politics. ICSs address the protection of women’s rights and celebration of women’s historic and contemporary contributions at local, national and international levels. Work also promotes public education and engagement, fostering deeper understanding of both past and present struggles and achievements in the pursuit of gender equality.","<h6>Implementing Gender Sensitive Reforms in Parliaments: creating a more diverse and inclusive UK Parliament</h6>
<p>Research led to The Good Parliament Report in 2016, following a 6-month House of Commons secondment. With its 40+ recommendations, the Report has driven extensive and unprecedented institutional change including the adoption of new gender and diversity sensitive formal parliamentary rules and practices, including a permanent change to the House of Common’s Standing Orders regarding proxy voting.
<a href=""https://results2021.ref.ac.uk/impact/6b5a23bb-262c-4286-a56b-4f588e6df6f1?page=1"" target=""_blank"">Read more...</a></p>
<h6>Expert Women on Air: Achieving greater gender parity among experts appearing on leading UK radio and television news programmes</h6>
<p>Journalism research into gender representation in the six flagship UK news programmes revealed that men experts outnumbered women experts 4.4:1 in 2013. The Expert Women survey research and subsequent campaign for better representation inspired broadcaster equity schemes and changed the faces and voices of British broadcasting by the late 2010s. Compared to 2014, twice as many women interviewees now appear on radio and TV flagship news broadcasts in the UK.
<a href=""https://results2021.ref.ac.uk/impact/e4f95d1a-630f-43df-a1c4-c17332654f52?page=1"" target=""_blank"">Read more...</a></p>
<h6>Advancing Global Gender Equality through Educational Partnerships</h6>
<p>Research providing robust data enabling the creation of more gender-equitable, safe schools, with far-reaching effects on the safety and well-being of girls and boys in eight African countries. The research has influenced the release of long term funding of £800,000,000 for implementation projects.
<a href=""https://results2021.ref.ac.uk/impact/d3101cee-b7e9-4766-9e27-c29bd2514188?page=1"" target=""_blank"">Read more...</a></p>
<h6>Empowering Women through Radio in the Sahel</h6>
<p>Through a mixed-methods approach, this research demonstrated how radio can improve women’s rights and empowerment. Dozens of radio stations in Niger have implemented research-based changes to their policies and practices. As a result, women listeners now have access to newly created listening associations with saving clubs, resulting in financial empowerment and education opportunities for themselves and their daughters. The success of this project has led to its expansion into Mali, and the methodology has most recently been applied to tackle the spread of COVID-19 related misinformation in Burkina Faso.
<a href=""https://results2021.ref.ac.uk/impact/22a20aaa-0e90-42fd-b613-562ef681a3ea?page=1"" target=""_blank"">Read more...</a></p>
",
88,5,Culture,Therapeutic Arts,Arts & Humanities for Health & Wellbeing,"Case studies in this topic used research-informed performance, theatre, and creative arts as tools for therapeutics, health and education. This included drawing on historical and philosophical approaches to mental wellbeing, performance in hospice settings, and somatic arts to aid in patient care and communication as well as supporting practitioner resilience and wellbeing. Work also raises awareness of societal and environmental issues and empowers marginalised voices through innovate forms of expression and creative collaboration. These approaches contribute to cultural understanding and inform policy related to health, wellbeing and social care for specific groups.","<h6>Changing film screening practice to bring about wellbeing benefits for the over 65s, including those living with dementia, and professional/training benefits for their carers and cultural activities providers in the UK and Brazil</h6>
<p>Creation and application of a downloadable ‘Cinema, Memory and Wellbeing’ (CMW) Toolkit for carers. This toolkit enabled the use of films with nursing home residents, day care centre users, GP practice visitors, and dementia ward patients in the UK and/or Brazil. It also furthered the running of age-/dementia-friendly cinema screenings and the use of film with participants of film clubs for the socially isolated (Merseyside and Manchester).
<a href=""https://results2021.ref.ac.uk/impact/cc949c1b-e11d-44c3-986f-99a1e4c744ea?page=1"" target=""_blank"">Read more...</a></p>
<h6>Changing the lives of people living with dementia (PWD) and their families through music therapy research</h6>
<p>Research showed how music helps memory, reduces agitation, improves relationships, and improves synchrony for people living with dementia (PWD), their families and caregivers. This research resulted in the inclusion of music therapy in NICE guidelines for the first time. Consultancy work in care homes enhanced care for ~20,000 PWD since 2014. Benefits of the therapy are documented in the 2019 BBC TV documentary ""Our Dementia Choir"".
<a href=""https://results2021.ref.ac.uk/impact/eb620419-157a-4952-8549-3f7902161d4b?page=1"" target=""_blank"">Read more...</a></p>
<h6>Applied Theatre for Children in Hospital</h6>
<p>Over 4,000 children at Birmingham Children’s Hospital and Heartlands Paediatrics NHS Trusts have been reached through 1:1 bedside performances.
<a href=""https://results2021.ref.ac.uk/impact/454a323a-c72e-4eac-82c1-079facdd72d5?page=1"" target=""_blank"">Read more...</a></p>
",
103,6,Education,Neurodevelopment,Neurodevelopmental Disorders & Disabilities,"This topic centres on research and practice related to neurodevelopmental conditions, such as autism, ADHD, and cerebral palsy. Case studies explore themes such as diagnosis, therapies, and ongoing support; equitable access to services; inclusive education and workplace integration; and policy frameworks promoting patient and carer well-being. Broader considerations include cultural awareness, professional training, and health and social care systems for support of neurodivergent individuals across the lifespan.","<h6>A motor learning approach to speech therapy for children with cerebral palsy underpinned UK guidance and international teaching practice</h6>
<p>This research showed that intensive speech therapy, based on motor learning theory, led to significant increases in children’s intelligibility. This research informed UK NICE guidelines and therapeutic practice.
<a href=""https://results2021.ref.ac.uk/impact/adcff1c6-5631-426f-88d9-c53239752e4c?page=1"" target=""_blank"">Read more...</a></p>
<h6>Advancing multimodal evidence-based treatment of ADHD worldwide</h6>
<p>The ADHD research programme at the University of Southampton has generated the most rigorous body of evidence synthesis available worldwide on the treatment of ADHD. This research has informed international clinical guidelines, including those adopted by the American Academy of Paediatrics (67,000 members), European guidance for ADHD management during the pandemic, and the World Federation of ADHD's (2,000 members) guidelines. This research has also benefited patients (e.g., from ADHD Europe, including 28 organisations from 23 countries). It informed the development of a parent training strategy, the New Forest Parenting Programme (NFPP), that has been included in guidelines and recommendations both nationally and internationally.
<a href=""https://results2021.ref.ac.uk/impact/0b76321a-896f-4a4a-8233-1ce3282238c2?page=1"" target=""_blank"">Read more...</a></p>
",
63,3,Technology,Appl. Physics & Chem.,Industrial/Commercial Physics & Chemistry Applications,"Case studies in this topic focus on research and development of advanced physics and chemistry technology with a strong emphasis on real-world application. Studies are broad bringing together enabling technologies (i.e. quantum systems, photonics, semiconductors, electromagnetic, chemical technologies) with application-driven sectors (i.e. maufacturing, analytics, space, catalysis, healthcare, electronics). There’s also a clear through-line of commercial and entrepreneurial focus, connecting early-stage R&D with scalable industry solutions via start-ups, investment, and technology transfer. The breadth of themes within the topic to reflect interdisciplinary integration and real-world impact of the studies.","<h6>Using plasma technology to extend food shelf-life and for safe, powerful decontaminatior</h6>
<p>The University of Glasgow’s research on plasma-generated ozone led to a novel, safe method of sterilising sealed packages, spun out into the companies Anacail and Glanadair. This technology extended the shelf-life of over 1 million fruit packages by ~50% and reduced food waste by over 30%. It was also adapted for powerful, chemical-free sterilisation of medical devices and contaminated drains, outperforming standard techniques. The innovation has created high-value jobs, influenced EU policy on ozone use, and offers a sustainable, non-toxic alternative to conventional decontamination methods.
<a href=""https://results2021.ref.ac.uk/impact/d8a1f9b0-f535-4540-a202-734c2b5952f8"" target=""_blank"">Read more...</a></p>
<h6>Driving the industrial biotechnology revolution: cheaper and more sustainable chemical manufacturing through enzyme discovery, engineering and scale-up</h6>
<p>The University of Manchester’s CoEBio3 has revolutionised sustainable chemical manufacturing by developing over 1,000 engineered enzymes now widely used in pharmaceutical and agrochemical production. These biocatalysts—commercialised via Prozomix Ltd—have enabled greener, more cost-effective synthesis processes. Through training programmes and the online tool RetroBioCat, CoEBio3 has transformed industrial practice at companies like GSK, AstraZeneca, and Bayer. A Massive Open Online Course has trained over 38,000 learners globally, while multilingual outreach has inspired hundreds of schoolchildren. CoEBio3 researchers have also shaped UK government policy through contributions to the national bioeconomy strategy.
<a href=""https://results2021.ref.ac.uk/impact/e5f73926-1a1c-40ab-b15b-c334c7497d64"" target=""_blank"">Read more...</a></p>
<h6>Teledyne: Manufacture and development of microwave semiconductor devices by the Teledyne Semiconductor Technology Centre, an embedded industrial facility</h6>
<p>The University of Nottingham’s semiconductor physics research has driven commercial innovation at Teledyne UK Ltd, underpinning over £5.5M in sales of microwave oscillator and receiver components fabricated in an embedded facility on campus. The Teledyne Semiconductor Technology Centre (TSTC), co-located within the university, uses Nottingham-grown III-V semiconductor wafers and modelling expertise to manufacture world-leading high-frequency devices used in defence and security. Nottingham’s research has also shaped Teledyne’s strategic roadmap, leading to new superlattice-based THz technologies and next-generation receiver protectors, reinforcing the UK’s capabilities in advanced microwave systems.
<a href=""https://results2021.ref.ac.uk/impact/494a0378-d85b-4cec-add9-f833ba0090b1"" target=""_blank"">Read more...</a></p>
<h6>Supporting the creation of a UK Quantum Industrial Revolution</h6>
<p>The University of Oxford has been pivotal in launching the UK’s quantum computing industry, with breakthroughs in ion traps, superconducting circuits, photonics, and quantum algorithms. Their research catalysed over 10 commercial collaborations and led to four spin-out companies—Oxford Ionics, Oxford Quantum Circuits, ORCA Computing, and Quantum Dice—employing over 40 people by 2020. These ventures attracted significant venture capital and industrial partnerships with global firms such as IBM, BAE Systems, and M Squared Lasers. Oxford’s work laid the technological and commercial foundation for the UK’s emerging quantum industrial ecosystem.
<a href=""https://results2021.ref.ac.uk/impact/569727d4-e4fa-445b-aff5-c118b40e2e9a"" target=""_blank"">Read more...</a></p>
<h6>A UK Quantum Technology Industrial Ecosystem in Quantum Sensors for Gravity and Optical Clocks</h6>
<p>The University of Birmingham catalysed the UK’s industrial ecosystem in quantum sensors and optical clocks, enabling over £120M of collaborative R&D projects and 17 patent applications. Their breakthroughs in compact, robust quantum technology directly influenced the UK MOD’s Defence Science and Technology Laboratory to reorient its strategy and commit its largest-ever academic investment. The university’s leadership sparked £25M in industrial R&D, with over 70 companies—including major multinationals—engaged in quantum commercialisation, securing the UK’s position in next-generation sensing and timing technologies.
<a href=""https://results2021.ref.ac.uk/impact/4ef2561e-aa36-4b18-8894-abb1f0d394f0"" target=""_blank"">Read more...</a></p>
<h6>Increasing commercialisation and public awareness of ultralow-temperature technologies.</h6>
<p>Lancaster University’s ultralow-temperature research has driven commercial innovation and global public engagement in quantum technology. Collaborating with Oxford Instruments NanoScience, researchers co-developed a compact, cryogen-free refrigerator for quantum sensors, generating £1.69M in sales. Their award-winning public outreach, including a viral LEGO®-based science documentary with over 275 million in media reach, significantly raised awareness of cryogenics and quantum technologies worldwide.
<a href=""https://results2021.ref.ac.uk/impact/93790e3b-71ac-42ce-96b3-d1a9a57921d3"" target=""_blank"">Read more...</a></p>
",
93,5,Culture,Holocaust and WWII,Holocaust & World War II,"Case studies in this topic focus on official histories, commemoration practices and the role of historical memory in reconciliation around the second world war. Many worked to document and preserve and the experience of a range of groups, often in collaboration with survivors, local archives, and communities. Particular attention is on contested cultural histories and ‘forgotten’ voices of vulnerable or minority communities in World War II. Emphasis is placed on education and open archives to inform public and institutional understandings, fostering constructive engagement with complex and sensitive histories. This includes German, Russian and Holocaust narratives, and their commemoration and reconciliation for community wellbeing.","<h6>Enhancing public understanding and interpretations of collective violence and its aftermath: Nazi and communist rule in Germany</h6>
<p>Research in this case study explores how people become involved in collective violence under dictatorial conditions and the socio-cultural aftermath of this, particularly in relation to the Holocaust and German dictatorships. This research was shared through an online exhibition accessed by viewers in 71 countries, educational workshops, and extensive media coverage to deepen understanding of involvement in collective violence. This research reached around 3 million people in 2019-20 through print media alone, and inspired further exhibitions, educational efforts, publications, podcasts and public lectures developing discourse and public understanding of collective violence and its legacies.
<a href=""https://results2021.ref.ac.uk/impact/929a66ff-db93-4f0f-bda3-806a410d7838"" target=""_blank"">Read more...</a></p>
<h6>Secret History of War Crimes trials: Lessons for ending impunity today</h6>
<p>Research on the 1943-1948 United Nations War Crimes Commission raised awareness and understandings of the wartime response to Nazi crimes. The findings of this research led to the archival records of the Commission being made public for the first time, and access boosted through public partnerships with education networks and museums. This work informed legal education, practice, and is now used as a resource informing approaches in the Office of the High Commissioner for Human Rights.
<a href=""https://results2021.ref.ac.uk/impact/9ce47944-c616-42cb-84ef-cb4b81dc2a3a"" target=""_blank"">Read more...</a></p>
",
99,6,Education,Teaching,"Teaching, Training & Education Policy","Case studies in this topic are concerned with all aspects of teaching and education, shaping policy and approaches to foster better experiences and outcomes for both teachers and learners. They focus on enhancing teaching and education through training educators and developing research-based pedagogical tools and approaches to improve learning outcomes across all education levels, from early years to universities, vocational training and apprenticeships. Case studies shaped curriculum reform and the modernisation of teaching methods, often through integrating technology in the classroom. Emphasis is placed on equity and inclusivity, informing policies and interventions that promote access to education for diverse learners and that support lifelong learning.","<h6>Changing practice in the early years of primary schooling: Teaching and Learning Playfully</h6>
<p>A 20 year research program on the synergies between teaching, learning, and playing led to educational reform for all 4-6-year-old children in Northern Ireland (NI), affecting 720,000 children since 2015.
<a href=""https://results2021.ref.ac.uk/impact/52deafc8-f552-4dcf-93e2-e6ae92f77fbe?page=1"" target=""_blank"">Read more...</a></p>
<h6>Reforming Initial Teacher Education in Wales</h6>
<p>Research into the effectiveness of teacher training has led to reforms in the training of Welsh teachers, including a changed accreditation procedure, a revised inspection framework, and extensive investment in educational capacity. All teacher trainees in Wales at the time, about 2,700, and their subsequent students were affected by this.
<a href=""https://results2021.ref.ac.uk/impact/095c1a64-3973-4318-89de-248385634342?page=1"" target=""_blank"">Read more...</a></p>
<h6>Transforming professional teacher development in India</h6>
<p>The TESS-India (Teacher Education through School-based Support in India) project provided a sustainable and scalable approach to pre-and in-service teacher education, emphasising inclusive, participatory, child-centred pedagogy. The program was used in 7 state governments in India and informed the approaches of 6 non-governmental organisations (in India, Ghana, and Uzbekistan). It has impacted the understanding and learning of over one million trainee teachers, teaching, and teacher educators.
<a href=""https://results2021.ref.ac.uk/impact/3fa550fd-f04e-4b1c-8d0a-540299a7bab9?page=3"" target=""_blank"">Read more...</a></p>
<h6>The Pupil Premium Toolkit: Evidence for Impact in Education</h6>
<p>The Pupil Premium Toolkit is a synthesis of research from 200 systematic reviews, meta-analyses, and quantitative studies and provides a resource for schools on improving outcomes for learners, particularly those from disadvantaged backgrounds. It guides the work of the Education Endowment Foundation (EEF) and its funding strategy for the £200 million being spent over 15 years to reduce inequalities in school outcomes in England.
<a href=""https://results2021.ref.ac.uk/impact/efda03e1-b57a-417b-b97d-72cd0d99529d?page=1"" target=""_blank"">Read more...</a></p>
<h6>Ketso: improving professional practice and participation by embedding research findings into a physical toolkit</h6>
<p>Ketso is a toolkit developed to improve stakeholder participation, particularly among vulnerable and marginalised groups, in service design and delivery, ensuring that diverse perspectives are included in the process. It is used by multiple public and third sector organisations and has been expanded beyond planning to include healthcare (33 examples), community development (26 examples), education (29 examples), and business (11 examples). Since 2013, the number of organisations using Ketso has increased to 625 in total, with 2,220 toolkits supporting 42,500 workshop participants in a total of 77 countries. Ketso has enabled organisations to procure resources more effectively. In 2017, it helped communities enter a successful bid for £3,200,000 million National Lottery Heritage Funding by the Lancashire Wildlife Trust for the Carbon Landscape Project. The project resulted in over 1,000 volunteers making ecological enhancements to 335 hectares.
<a href=""https://results2021.ref.ac.uk/impact/38af31e3-d7f7-4140-960d-10129b7e38ea?page=1"" target=""_blank"">Read more...</a></p>
",
95,6,Education,Language & Linguistics,"Language, Linguistics & Culture","Case studies in this topic support the teaching, preservation and revitalisation of languages to reclaim and promote heritage and cultural identities, and to broaden horizons in an increasingly globalised world. Many focused on safeguarding endangered languages and improving access to linguistic resources through digitisation, community collaboration, and public outreach. Work also focused on education and pedagogical approaches to reading and language, promoting foreign language learning and supporting multilingualism. Many trialled innovative approaches, new technologies, and developments in teacher training to enrich language education for teachers, learners, and public worldwide.","<h6>An Early Start to Foreign Language Learning and Literacy</h6>
<p>Early foreign language (FL) learning in schools is a global education phenomenon but many countries report problems with learner progression and motivation. These problems are due in part to curricula uninformed by empirical evidence, a lack of age-appropriate resources, and a lack of teacher expertise and pedagogic confidence. FL learning research undertaken at the University of Southampton by Professor Ros Mitchell and Dr Alison Porter has: (A) Informed policy and addressed national implementation challenges. Mitchell’s research informed the rationale and attainment targets of the new FL requirement in the Primary National Curriculum in England, introduced in September 2014. Porter and Mitchell have since engaged with education stakeholders to ensure its sustainability and effective implementation. (B) Improved classroom practice and school provision: Since 2017, Porter and Mitchell have worked with teachers locally, nationally and globally, successfully encouraging research-informed primary FL pedagogy in participant schools. (C) Co-created original FL resources: The teacher-researcher partnerships have led to the co-construction of innovative FL literacy resources inspired by Porter’s research findings.
<a href=""https://results2021.ref.ac.uk/impact/a65b3302-2441-414a-bb7b-cb2309a96cef?page=1"" target=""_blank"">Read more...</a></p>
<h6>Informing and improving grammar teaching in English schools and beyond: the free web-based Englicious platform</h6>
<p>Englicious, a free online platform containing a library of original English language teaching resources, enables primary school teachers to teach grammar to the 2014 National Curriculum for England standard. Over 10,000 teachers signed up to Englicious in January 2021 to improve individual ability to teach English grammar in the National Curriculum. Englicious has also had global impact, providing English language resources for over 14,000 users in 227 countries.
<a href=""https://results2021.ref.ac.uk/impact/32e3df8b-f27e-4473-9c68-f18984245ae1?page=1"" target=""_blank"">Read more...</a></p>
<h6>Language for Resilience: A global programme of language learning for refugees and migrants</h6>
<p>This research has created a global programme of language learning initiatives, ‘Language for Resilience’, supported by the British Council. These initiatives have been developed with partners across the Middle East, Sub-Saharan Africa, and Latin America. The principles of this research are used to design and support language teaching programmes which employ trauma-sensitive methods of language learning to build resilience in refugee settings. This has changed how governments, major funding organisations (e.g., the British Council), and NGO’s (e.g., Mercy Corps) approach teaching practices in conflict and post-conflict settings. For example, Mercy Corps in Iraq drew on the pre-existing cultural practices of language teachers and multilingual pedagogies to delivery identity-affirming language programmes to Arabic-speaking displaced people from the south of Iraq, Kurdish-speaking refugees from Syria, and Kurdish-speaking host community students from Kurdistan. The British Council invited researchers to write a FutureLearn Massive Open Online Course: Migrants and Refugees in Education: A Toolkit for Teachers, that  reached 7,411 learners in over 130 countries in its first two runs.
<a href=""https://results2021.ref.ac.uk/impact/d6af245a-3e0a-4736-907d-47f8f390ee4c?page=1"" target=""_blank"">Read more...</a></p>
",
101,6,Education,Social Work,Social Work and Support,"Case studies in this topic support a range of initiatives and policies improving the care, wellbeing and legal rights and protection of women, children and families. ICSs span diverse settings, informing childcare services, early childhood interventions, support for children in care and those with disabilities, and strategies to reduce poverty and inequalities. There is strong emphasis on amplifying the voices of children ,young people and adolescents to guide social interventions and policy reform. It also informs education for parents and practitioners, contributing to national and international politics on family care and parental rights. Research also addresses legal and practical support for victims of domestic abuse and sexual violence, shaping public awareness, legislation and institutional responses.","<h6>Domestic Violence Perpetrator Programmes – Broadening understandings, influencing public policies, and changing practice</h6>
<p>This research changed how Domestic Violence Perpetrator Programmes (DVPPs) are understood, designed, and implemented across the world -- particularly in the UK, USA, and Australia. In the UK, this contributed to perpetrator sections of the UK Government's ‘Ending Violence Against Women and Girls Strategy’ and to an increased focus on perpetrators in the Domestic Abuse Bill, effecting changes to DVPP programme delivery.
<a href=""https://results2021.ref.ac.uk/impact/eefef9bf-c15f-4ed8-8f21-ae89231a8a13?page=1"" target=""_blank"">Read more...</a></p>
<h6>Domestic Abuse, Child Arrangements and the Family Courts</h6>
<p>This research shaped the Domestic Abuse Bill 2020, including the ban on cross-examination of victims by their abusers in family court proceedings, and underpinned the UK Government Plan to improve family court protection for childre and victims of domestic abuse.
<a href=""https://results2021.ref.ac.uk/impact/36d707ce-245f-41ec-b5c1-82334f90e684?page=1"" target=""_blank"">Read more...</a></p>
",
127,7,Society,Pol. Institutions,Political Institutions and Public Participation,"Research in this topic has strengthened democratic institutions and expanded opportunities for citizen engagement. Projects shaped legislation and practice on freedom of information, lobbying transparency, and judicial independence, while seeking ways to improve parliamentary practices in the four nations of the UK, the EU and globally. Research enhanced democratic accountability by supporting electoral participation, public petitions, and citizen assemblies. Digital tools and arts-based initiatives promoted active citizenship and civic inclusion, especially among underrepresented groups. Studies empowered grassroots movements, influenced constitutional reform, and deepened public trust in political processes through more transparent, participatory decision-making.","<h6>Forging a revised constitutional relationship between Wales and the UK state through the Wales Act 2017</h6>
<p>This research reshaped the constitutional and financial foundations of Welsh devolution. Cardiff University’s work guided key recommendations of the Silk Commission, leading to the Wales Act 2017 and a more stable ‘reserved powers’ model for Welsh governance. Researchers influenced revisions to the draft legislation, prompting the UK Government to pause and rewrite critical sections, and removing legal barriers that threatened devolved autonomy. Their fiscal analysis underpinned a new funding agreement that secured an extra £360 million for Wales (2018–2021), ensuring a fairer, needs-based settlement and laying the groundwork for sustainable tax devolution.
<a href=""https://results2021.ref.ac.uk/impact/782a9e2e-bc61-4044-924d-6a3de762178d"" target=""_blank"">Read more...</a></p>
<h6>Democratic Innovations: Citizens’ Assemblies</h6>
<p>After a successful pilot project, ‘Democracy Matters’ (DM), the research team generated a broader programme of research into the uses and challenges of Citizens' Assemblies. They were involved in the development and design of the Citizens’ Assembly on Social Care (CASC), the first ever Citizens’ Assembly commissioned by the UK Government. Research on input and recruitment processes was essential to achieving a diversity of political opinion in this first Assembly, giving MPs confidence in the process. The research team also helped develop the Citizen’s Assembly on Brexit (CAB), and the PI served as an important consultant in the development of Climate Assembly UK. The 2018 Innovation in Democracy Programme launched by the Ministry of Housing, Communities and Local Government and the Department for Digital, Culture, Media and Sport enables Local Authorities (LAs) to apply for funding to run a Citizen’s Assembly on any topic. Over 70 LAs expressed interest in this funding. The DM pilot won the UK Political Studies Association’s 2016 Democratic Innovation of the Year prize.
<a href=""https://results2021.ref.ac.uk/impact/e8cc4e1d-1a0b-45b0-b8b6-2c65f2ae19b5?page=1"" target=""_blank"">Read more...</a></p>
<h6>The Politics of Judicial Independence</h6>
<p>This research reshaped how judicial independence is protected in the UK’s evolving constitutional landscape.The researchers' work led to improved engagement between judges and politicians, persuading the Lord Chief Justice to provide annual reports to Parliament and encouraging select committees to invite judicial input without compromising independence. It prompted governance reforms to reduce undue influence in judicial appointments and informed a new model for judicial involvement in court administration in Northern Ireland. The research fostered cross-branch dialogue at the highest levels, strengthening both transparency and the constitutional balance between the judiciary and government.
<a href=""https://results2021.ref.ac.uk/impact/fa44e2a5-ceda-42b8-9551-76baf2a08b24"" target=""_blank"">Read more...</a></p>
",
25,2,Health,Pain,Pain Management and Palliative Care,"Case studies in this topic focus on research pertaining to pain management and palliative care, for example considering improvement of policy, of public and professional education, and of service provision for patients. Pain assessment and management are included for a range of patient groups, from chronic to long-term conditions and young patients. End-of-life care and ethics and decision-making for patients is also incorporated in the topic.","<h6>Improving Adolescent Chronic Pain Management</h6>
<p>University of Bath research has transformed adolescent chronic pain care worldwide by shifting clinical focus to psychological and family-based mechanisms, enabling more effective diagnosis, treatment, and service delivery. Its assessment tools (BAPQ and BAP-PIQ) are now standard in the UK, USA, Australia, and New Zealand, used in clinical pathways and national audit systems. This work underpins key UK and WHO guidelines, and has led to new care models that improve children’s quality of life and reduce unnecessary opioid use.
<a href=""https://results2021.ref.ac.uk/impact/48740ac7-55fd-48cd-8dc6-25ed1a6b7359"" target=""_blank"">Read more...</a></p>
<h6>Reducing inequalities in palliative care for people with non-malignant disease</h6>
<p>Hull’s research has transformed global palliative care for patients with non-cancer conditions by improving management of chronic breathlessness, particularly in heart and lung disease. This work led to the first regulatory licence for morphine to treat chronic breathlessness, influenced 14 national and international clinical guidelines, and increased palliative care access in the UK and abroad. Novel assessment tools and service models developed at Hull are helping to reduce inequities, enabling better triage, care planning, and end-of-life support for millions previously underserved.
<a href=""https://results2021.ref.ac.uk/impact/d2b22d43-824f-4acf-9a43-4628c6aa583a"" target=""_blank"">Read more...</a></p>
",
105,6,Education,Inclusive Design & Art,Inclusive Design & Art,"Case studies in this topic used novel design and design approaches to improve accessibility and inclusion for diverse and often vulnerable groups, with a particular focus on disabled communities. Research emphasised user-centred design, driving innovation and improving understanding of varied needs across multiple settings, including the creative arts, healthcare and urban environments. Case studies demonstrate how inclusive design can foster greater participation, equity and empowerment through thoughtful, responsive design approaches.","<h6>Embedding user-centred design into the development of innovative medical devices</h6>
<p>Researchers in art and design helped a leading surgical robot company with the product design and development for a new radio-guided laparoscopic surgery device used in cancer patient’s treatment.
<a href=""https://results2021.ref.ac.uk/impact/219e8f2a-1c2c-4418-b461-219cac89cdb2?page=1"" target=""_blank"">Read more...</a></p>
<h6>Design meets disability: changing the relationship between disability and design in business, culture, practice and education</h6>
<p>Research transformed how disability is framed in design-led businesses and culture. Alleles, founded in 2013, creates fashion-forward prosthetic covers, empowering thousands of disabled users worldwide to express their identity. The Valuable 500, launched in 2019 at the World Economic Forum, influences nearly 400 global CEOs to prioritize disability inclusion at leadership levels, reshaping corporate mindsets on disability and innovation. Culturally, exhibitions like Hands of X at the Cooper Hewitt Museum and V&A Dundee engaged over 240,000 visitors, challenging stereotypes and fostering disability pride. Disabled artists involved reported profound personal and artistic growth. In practice and education, Microsoft’s Inclusive Design initiative, inspired by the research, has trained over 50,000 employees and influenced products. The Inclusive Design Toolkit and documentary have reached 70+ universities and 5,000+ companies globally. This work reframes disability as a source of innovation, emphasizing design’s role in identity, accessibility, and inclusion.
<a href=""https://results2021.ref.ac.uk/impact/4d249453-78e9-499d-b28e-866c09fd19b0"" target=""_blank"">Read more...</a></p>
",
38,2,Health,Health Access,Healthcare Access & Equity,"This topic includes case studies focussed on healthcare access and equity. Subject matter includes equity of health service provision, access to healthcare, social care and health information, and to community and social enterprises for health and well-being. Additionally, healthcare systems, policy, funding, investment and spending all feature in this topic with a focus on improving access and equity of healthcare.","<h6>Ensuring Right to Health and HIV prevention, treatment and care in African prisons</h6>
<p>Research led by LJMU has driven global policy change to uphold the health rights of women in African prisons—especially in preventing mother-to-child HIV transmission. The work informed UNODC/WHO guidance adopted in 10 countries and supported increased funding for menstrual health in Malawi’s prisons. It has shaped regional UN strategies, promoted gender-sensitive prison healthcare, and empowered incarcerated women via transformative theatre. Through global partnerships, the research continues to influence prison health reform across sub-Saharan Africa and the MENA region, aligning with efforts to end the AIDS epidemic.
<a href=""https://results2021.ref.ac.uk/impact/cf7a3898-5b2c-4b58-b0ac-d214e212eeb4"" target=""_blank"">Read more...</a></p>
<h6>Informing fairer, more transparent, and cost-effective social care policy</h6>
<p>LSE research has informed national and international efforts to make social care fairer, more transparent, and financially sustainable. Evidence from the Care Policy and Evaluation Centre led directly to England’s new national eligibility threshold for social care, contributed to long-term funding reform debates, and supported government plans for unpaid carers. Their models shaped UK Government and WHO responses to COVID-19 in care homes. Regionally, their real-time data analysis helped London councils manage the pandemic’s impact on care services and allocate emergency resources effectively.
<a href=""https://results2021.ref.ac.uk/impact/fc10d055-6d6a-4bc8-9069-a0ff851c47ee"" target=""_blank"">Read more...</a></p>
<h6>Mobilising knowledge from lived experiences to reduce social and health inequalities</h6>
<p>Lancaster research has helped bring the voices of disadvantaged communities into decisions affecting their health and wellbeing. By evaluating large-scale community empowerment initiatives in England and working with local and international partners, the team influenced public health engagement policy in England, Wales, and Spain, contributed to WHO strategies on health equity, and supported co-produced local action on housing, employment, and social isolation. Through initiatives like The COVID-19 Other Front Line Alliance, the team also enabled marginalised voices to inform pandemic recovery policies globally.
<a href=""https://results2021.ref.ac.uk/impact/588e5114-a790-4bb3-ab62-8fe2a820a4fd"" target=""_blank"">Read more...</a></p>
",
100,6,Education,Higher Ed,"Higher Education, Universities","Case studies in this topic focus on higher education and universities, their policies, education practices, institutional culture and student experiences. They address issues such as preventing abuse and harassment both online and offline. There is a strong emphasis on inclusivity and widening access for underrepresented groups, promoting equity and improved participation and outcomes. Research also informed curriculum development and pedagogical innovation, such as cross-cultural collaboration and personalised learning support. Research informs policy and practice that enhances the global role of universities and their place in shaping narratives around social mobility, migration, and freedom of information.","<h6>Healthy Universities: A Whole System Approach to Improving Health, Wellbeing and Sustainability in Higher Education</h6>
<p>Using the ‘healthy settings’ approach, involving a holistic and multi-disciplinary method that integrates action across risk factors, the researchers created a Healthy Universities Model trialled by University of Central Lancaster. The healthy universities model has since been adopted by 86 UK HEIs, informed the publication of a Charter for Health Promoting Universities, and the establishment of an International Steering Group chaired by Dooris (an ICS researcher). The International Steering Group has overseen the adoption of the Healthy Universities Model by over 400 universities across 35 countries. This research has also influenced implementations of similar health support models. For example, the University of Sydney introduced Self-Review Tool that facilitated identification of priority areas for action by its 70,000 students and 7,500 staff, and the University of British Columbia pioneered Canadian Action for Healthy Universities, a model informed by this research to prioritise ‘health in all policies’.
<a href=""https://results2021.ref.ac.uk/impact/d4a85d5e-9c7e-4bea-9447-ee384d15891a?page=1"" target=""_blank"">Read more...</a></p>
<h6>Decolonising the University Across Disciplines</h6>
<p>This research has significantly influenced universities in the UK and worldwide, particularly in the Arts, Humanities, and Social Sciences. At SOAS, a formal Vision for Decolonising was adopted in 2017, backed by annual funding of £50,000-60,000 and supported by senior committees. SOAS’s work shaped national higher education policy and was highlighted by government ministers. Between 2019 and 2020, workshops and talks led by Dr. Sabaratnam reached over 1,000 staff and students across major UK universities, improving understanding of inequality and transforming curricula and pedagogy. Internationally, the research influenced universities in Sweden, South Africa, Nigeria, and beyond, connecting scholars and helping develop African-focused curricula. In Norway, student activism grew following Sabaratnam’s keynote, leading to national policy adoption. The work received broad media attention in the UK, sparking public debate and political commitments to address colonial legacies. Additionally, Sabaratnam’s consultancy in museums helped present more balanced global histories.
<a href=""https://results2021.ref.ac.uk/impact/f82917fc-bc81-4425-b1ad-56c5e2d3dcfc"" target=""_blank"">Read more...</a></p>
<h6>Improving social mobility through evidence-informed practice and policy in Higher Education</h6>
<p>The Centre for Social Mobility has shaped national policy and practice to advance social mobility through research-driven partnerships with universities, regulators, and practitioners. It co-developed evaluation guidance and a Self-Assessment Tool now adopted by the Office for Students (OfS) to improve how universities assess the impact of £800m spent annually on widening access. This guidance has become a sector standard, enabling institutions to critically evaluate outreach work and align with national expectations. The Centre’s research has directly led to changes in admissions policies and support for disadvantaged students at Exeter, Birmingham, Warwick, and QMUL, including targeted pre-entry and transition support. It has also influenced national conversations and professional development through resources, conferences, and a bespoke Outreach Evaluation Hub. Additionally, its work on contextualised admissions, in collaboration with the Fair Education Alliance, informed OfS-endorsed guidance promoting equity in admissions processes. This contribution was recognised in the national Social Mobility Awards.
<a href=""https://results2021.ref.ac.uk/impact/6129c843-75c1-4853-89f9-54c3b4a81293"" target=""_blank"">Read more...</a></p>
",
18,2,Health,Sports,Sports,"Case studies in this topic focus on provisions for sporting environments and opportunities safe from abuse or discrimination and promote the potentials for sport to support wider social and political change. Work highlighted sport’s potential to enhance health, social change, wellbeing and community cohesion at all levels of participation, from grassroots to elite performance. Research advanced coaching strategies and athlete development and achievement, as well as underpinning initiatives to improve the health and wellbeing of athletes and general public alike at all levels of recreational and professional participation. Case studies supported ethical practices in sport, including anti-doping measures and enforcing duties of care held by coaches and institutions, and opened discourse around harmful competitive cultures.","<h6>Advancing regulatory frameworks within Para sport: Ensuring sport is practiced in a manner that respects fair play and protects the health of athletes globally.</h6>
<p>Members of the PHC at Loughborough University engaged in strategic, high profile capacity building in parasport. This resulted in the establishment of new sports at the Paralympics and Commonwealth Games, including Paracanoe at the 2020 Tokyo Paralympics and Wheelchair Basketball at the 2022 Commonwealth Games. Their research informed the implementation of healthcare and practical advice for organisers, coaches, and athletes. For example, the International Triathlon Union changed their regulations concerning wetsuit use in 2019 to account for added strain when wearing a wetsuit in high water temperatures.
<a href=""https://results2021.ref.ac.uk/impact/b3205bd3-aa18-42c3-95c1-e55562aea241?page=1"" target=""_blank"">Read more...</a></p>
<h6>Changing masculinities and enhancing safety in sport.</h6>
<p>Collaboration to establish LGBT+ Research in Sport Network with Sport England. Textbooks by ICS researchers have been adopted in UK universities. Oxford Brookes, Wolverhampton, Durham, and Southampton Solent now feature teaching on inclusive masculinities on sport-related and gender/sexuality-related courses. Anderson was one of the founders of the Sport Collision Injury Collective (SCIS), a multidisciplinary collective of academics highlighting injuries sustained in youth sport participation. The group published an open letter ‘Preventing injuries in children playing school rugby’ which petitioned to make contact sports non-compulsory. The SCIS website has received 900,000,000 hits, and the letter itself was printed in major print and online newspapers (e.g., The Guardian, The Telegraph, The Independent). New regulations regarding tackling in children’s rugby and banning heading in football for children under 12 have resulted.
<a href=""https://results2021.ref.ac.uk/impact/a786fe31-5a83-40b3-88d5-281ccc3fbd6f?page=1"" target=""_blank"">Read more...</a></p>
<h6>Defining the autonomy and specificity of sport in EU law: Shaping the adoption of globally applicable football agent regulations and the EU’s approach to nationality-based eligibility rules in European sport.</h6>
<p>Most impact resulted from informing various EU commissions on regulating sports discrimination. Parrish’s work on nationality discrimination in sport has helped alter the EU’s approach to this issue whilst setting the boundaries for sports bodies on questions of nationality-based eligibility rules. Related commissions created change of nationality-based eligibility regulations of 26 Olympic sports across all 27 Member States of the EU, identifying that the widespread sporting practice of denying access to sporting competitions on account of nationality was in conflict with EU law regarding non-discrimination of nationality in economic matters. Judgements informed by this research protect athletes from discriminatory nationality measures adopted by both states and private bodies, such as sporting entities, under EU citizenship rights regardless of the level of economic activity (e.g., if the athlete is an amateur). Research underpinned an enquiry into nationality in European team sport launched by the European Commission in 2012, which challenged the legality of UEFA’s home-grown player rule (introduced in 2006/7). This challenge argued that the rule created indirect discrimination on the grounds of nationality.
<a href=""https://results2021.ref.ac.uk/impact/6a3ffad1-51c7-4c8e-a981-6ce4789bb390?page=1"" target=""_blank"">Read more...</a></p>
<h6>Enhancing practice and improving outcomes of career transition support services in elite sport</h6>
<p>Introduction of mental health and practice support for professional athletes transitioning into non-sporting roles at the end of their competitive careers. This work has increased issue awareness in professional organisations and led to constructive outcomes. The England Rugby Players Association has introduced 8 development managers and 1 transition manager to support over 800 current and 400 former players across premiership clubs. These reforms became particularly significant during the Covid-19 pandemic, when team sports were heavily impacted and early career transition became necessary. This research prompted campaigns by the English Institute of Sport (#More2Me) and the International Federation of Professional Footballers Associations (FIFPro) to use the finding to encourage athletes to recognise the benefits of planning for life after sport. #More2Me was publicly backed by both the Minister for Sport and the Chair of UK Sport. Third sector organisations, such as the UK-based charity Switch the Play Foundation, have improved sport career transition outcomes based on this research.
<a href=""https://results2021.ref.ac.uk/impact/da901cc2-6b92-4285-b7e5-872bee3c3678?page=1"" target=""_blank"">Read more...</a></p>
<h6>Football4Peace (F4P): Building bridges in divided, unequal and unjust societies</h6>
<p>University of Brighton research led to the creation of Football4Peace (F4P) which uses values-based coaching methodology and delivery to promote peace-building in divided and post-conflict societies. Early work in Northern Ireland, Israel and South Africa has been extended in The Gambia, Colombia and South Korea. Related NGOs have been formed to support and further this programme and its methodologies, including the formation of UNESCO clubs based on the Brighton F4P initiatives. The model has been applied to several other sports, and since 2014 has benefitted 532 coaches/volunteers, 4,699 young people, residents and pupils in 87 local communities in 7 major cities. F4P training in Columbia in partnership with Fundación Buen Punto enabled FBP to obtain international recognition through an award given by Peace and Sport in Rhodes, 2018.
<a href=""https://results2021.ref.ac.uk/impact/e21b8627-9d49-4a8f-a9c3-9505904abd88"" target=""_blank"">Read more...</a></p>
<h6>Safeguarding Children in Sport</h6>
<p>Informing safeguarding guidelines through identifying and disseminating good practice with 32 organisations across Africa, Asia, Europe and North and South America. Development of an evidence-based, flexible framework within the International Safeguards that allows people to tailor implementation to the specific cultural characteristics of their settings. Implementation guides have been produced for 126 organisations working directly and indirectly with children. These resources have affected work with around 10,000,000 children. The Commonwealth Advisory Body on Sport has recommended the adoption of the Safeguards to Sports Ministers of the 53 Commonwealth nations. In 2018, 125 organisations working with over 35,000,000 children worldwide had signed up to work towards the Safeguards.
<a href=""https://results2021.ref.ac.uk/impact/3a4e0459-e480-42ac-b825-a1c27d8f724b?page=1"" target=""_blank"">Read more...</a></p>
",
102,6,Education,Children,"Children: Care, Development, Education, Rights, Health","Research in this topic supported national and international efforts to improve outcomes for children by informing child-focused policies, care systems and educational practices. Case studies underpinned governmental and non-governmental services and policies which address childcare provision, safety, education, wellbeing and legal rights, especially for children in care, with disabilities, or facing poverty. Many worked to centre children’s voices and agency, improving their participation in shaping services that impact their lives. Work also informed safeguarding practices, including protection from abuse and emerging online threats.","<h6>Preventing and mitigating child poverty and inequality</h6>
<p>This research on child poverty led to changes in legislation and local authority policies in Scotland. As a direct result, approximately 120,000 children who are living in poverty across Scotland now have access to a £100 annual school clothing grant. In several local authorities, they also have access to free meals through breakfast clubs and during school holidays.
<a href=""https://results2021.ref.ac.uk/impact/234c85ca-0a0e-4ae1-b1ad-b95258de628d?page=1"" target=""_blank"">Read more...</a></p>
<h6>Designing and implementing scalable early childhood development interventions for low and middle-income countries</h6>
<p>This research on Early Childhood Development interventions in low- and middle-income countries provided a scalable programme that has been implemented by governments in Latin America (Colombia, Peru, Ecuador) and the largest education NGO in India to improve development and cognition for an estimated 100,000+ children between 2014-2021. The Inter-American Development Bank and the World Health Organisation have endorsed the model in published guidance.
<a href=""https://results2021.ref.ac.uk/impact/0c48e645-7de4-4b3c-8228-4349b6280d74?page=1"" target=""_blank"">Read more...</a></p>
<h6>Building global practitioner and organisational mental health services for traumatised children</h6>
<p>This research supported mental health support for >44,000 children traumatised by war, displacement and abuse, globally. Researchers trained 1,200 front-line professionals in 14 countries to recognise trauma in children, implement psychosocial interventions, reduce stigma, and improve mental health and education. The research informed global policies and practices, including UNESCO trauma-reduction policies (2018, 2019) and The World Health Organization’s 2018 care guidance for one million children seeking asylum in the EU.
<a href=""https://results2021.ref.ac.uk/impact/ddab4bbc-511e-4f70-8558-e6161982a321?page=1"" target=""_blank"">Read more...</a></p>
<h6>Preventing child abuse globally through research-driven parenting programmes</h6>
<p>Researchers used randomized control trials in South Africa, Philippines, and Thailand to develop and test the world’s first evidence-based, non-commercialised, parenting programmes. Programs were estimated to have reduced cases of severe abuse by 81,000. The programmes are endorsed by the World Health Organisation (WHO), UNICEF, USAID, CDC, and the Global Partnership to End Violence Against Children. Over 3,000 local staff have been trained as parenting supporters, with programmes translated into 22 languages.
<a href=""https://results2021.ref.ac.uk/impact/cf426347-1cb2-4320-afec-528ce840379d?page=1"" target=""_blank"">Read more...</a></p>
<h6>Transforming Early Education Policy and Practice</h6>
<p>Two major longitudinal studies demonstrated the long-term benefits of early education and identified effective pedagogy. This underpinned UK government initiatives such as the provision of free early childhood education to millions of 2-4 year olds, encouraging and supporting home learning, and professional development interventions based on quality scales developed by the researchers.
<a href=""https://results2021.ref.ac.uk/impact/b828ea5f-0089-4913-8e57-f6a05be7cffa?page=1"" target=""_blank"">Read more...</a></p>
",
36,2,Health,Smoking,Tobacco & Smoking,"The case studies in this topic focus on research around tobacco and smoking, this includes health research into smoke and second-hand smoke impacts, as well as for alternatives (i.e. e-cigarettes). Studies also cover policy and law, marketing ethics and public messaging, generally focussed on reducing usage and the impacts of smoking on public health and wellbeing.","<h6>Introduction of Minimum Excise Tax (MET) on Tobacco</h6>
<p>University of Bath research exposed how tobacco companies undermined tax policy by keeping cheap cigarettes affordable—targeting young and low-income smokers. This evidence led directly to the UK Government’s 2017 introduction of a Minimum Excise Tax (MET), ensuring a price floor per cigarette. MET raised the price of the cheapest products, reduced sales, and curbed smoking—especially among 18–24-year-olds. The work also helped counter tobacco industry lobbying and informed international tax policy debates, with global uptake and citations in over 20 countries.
<a href=""https://results2021.ref.ac.uk/impact/e808780d-9ddb-41c7-a258-5c7c422ab09d"" target=""_blank"">Read more...</a></p>
<h6>Successful elimination of second-hand smoke in Scottish prisons through a comprehensive smoking ban</h6>
<p>University of Glasgow research directly informed and supported the 2018 ban on smoking in all 15 Scottish prisons, protecting the health of over 12,000 staff and people in custody. Working in partnership with the Scottish Prison Service, researchers provided the largest ever dataset on second-hand smoke (SHS) in prisons, revealing exposures comparable to living with a smoker. These findings drove policy adoption and shaped implementation, with SHS levels reduced by 80% immediately and 91% within six months. The policy has been proven highly cost-effective and is now a model for international prison health reform.
<a href=""https://results2021.ref.ac.uk/impact/9f386b58-f55c-40a0-ad66-d407fc43e22d"" target=""_blank"">Read more...</a></p>
",
42,3,Technology,Cybersecurity,"Cybersecurity, Online Safety & Data Protection","Research in this topic has shaped the technologies, policies, and practices that safeguard digital infrastructure, protect privacy, and combat cybercrime. Projects have informed national and international cybersecurity standards, strengthened industrial and governmental incident response, and guided inclusive, human-centred approaches to digital risk. Work has enabled secure encryption, privacy-preserving computation, and AI-driven cyber threat detection across sectors—from aviation to healthcare. Researchers have improved online safety for children, influenced data protection regulation, and supported digital resilience for small businesses.","<h6>Securing Data During Computation: Turning Theory into Practice</h6>
<p>University of Bristol research made secure data computation practical, enabling data to be processed without revealing its contents to the parties performing the compuation. Advances in Multi-Party Computation (MPC) and Fully Homomorphic Encryption (FHE) led to tools like the SPDZ protocol and SCALE-MAMBA software, now used in sectors from finance to cybercrime prevention. This work underpins over USD100 million in investment and the creation of companies including Unbound Tech, Duality, and Enveil. It has influenced global tech standards (e.g. NIST, Common Criteria) and shaped policy debates at the US Congress and United Nations, helping to enable secure data-sharing in sensitive domains like national statistics, defence, and disaster response.
<a href=""https://results2021.ref.ac.uk/impact/f7c62ed8-d121-4f10-9670-d08bb23b3aa1"" target=""_blank"">Read more...</a></p>
<h6>Intercepting cyber-attacks using bespoke predictive AI for Airbus</h6>
<p>Cardiff University’s research into artificial intelligence and cyber risk has significantly strengthened global cyber defence capabilities, notably through a strategic collaboration with Airbus. Facing increasingly sophisticated cyber threats, Airbus integrated Cardiff’s bespoke AI malware detection system into its frontline operations, protecting sensitive data and infrastructure across its 134,000-strong European workforce. Unlike conventional tools, the Cardiff system predicts and blocks threats in real time, detecting ransomware with 98% accuracy in seconds and reducing file damage by over 80%. In parallel, Cardiff developed a goal-oriented risk modelling tool that assesses cascading impacts of cyber incidents, now used by Airbus and its clients—including national infrastructure operators—to manage operational vulnerabilities. This partnership led to the creation of the Airbus Cyber Innovation Hub and an £8 million co-investment in the Cyber Lab in Wales. The Welsh Government cited this collaboration as central to its 2020 International Strategy, positioning Wales as a leader in cybersecurity innovation.
<a href=""https://results2021.ref.ac.uk/impact/6817be57-dda5-4f15-98d9-f07f19309db1"" target=""_blank"">Read more...</a></p>
<h6>Protecting Employees, Children and Sensitive Data using Innovative Approaches to Cyber Security</h6>
<p>Research at Edinburgh Napier University has led to major advances in cyber security and digital forensics, resulting in the creation of two successful spinout companies. One, ZoneFox, developed an AI-based insider threat detection system using an innovative ""digital DNA"" approach to track malicious activity on computer systems. This technology was adopted by the Scottish Government to protect 15,000 endpoints and was later acquired by global cybersecurity firm Fortinet for £28 million. The second company, Cyan Forensics, created breakthrough tools that enable law enforcement to detect illegal digital content—such as child abuse material—on devices up to 100 times faster than previous methods. Their technology is now in use across UK police forces and international agencies, supporting investigations into child protection and counter-terrorism. These innovations have significantly enhanced digital threat detection, strengthened national cyber defence capabilities, and accelerated justice in sensitive criminal cases.
<a href=""https://results2021.ref.ac.uk/impact/9a58fe9e-d4bd-40d5-a227-fc63c2e7331b"" target=""_blank"">Read more...</a></p>
<h6>Cryptographic Analysis of RC4 and Improvement of Transport Layer Security: Enhancing the Security of the Global Digital Infrastructure</h6>
<p>Cryptographic research led by Royal Holloway revealed major vulnerabilities in the RC4 encryption algorithm used in the widely deployed Transport Layer Security (TLS) protocol. At the time, RC4 secured about 50% of all TLS traffic—including sensitive data exchanged in web browsing, e-commerce, and banking. The work demonstrated that RC4 biases allowed attackers to recover plaintext from encrypted communications, prompting global action. Within three years, major browser vendors (Apple, Google, Microsoft, Mozilla) and service providers eliminated RC4 support, and usage dropped below 1% by 2018. The findings directly shaped global standards, accelerated adoption of stronger encryption (TLS 1.2 and 1.3), and improved the security of digital infrastructure worldwide—benefiting billions of users and protecting global e-commerce and communications systems from systemic cryptographic flaws.
<a href=""https://results2021.ref.ac.uk/impact/2015b289-c4d1-495e-b4e3-c98c9335f939"" target=""_blank"">Read more...</a></p>
",
17,2,Health,Hereditary Disorders,Hereditary/Genetic & Neurodegenerative Diseases,"This portfolio of research addresses neurodegenerative and genetic diseases, and particularly focuses on therapeutic development and clinical management. The research encompasses treatments and therapies, including drug development, diagnostic services, and improvements to care services, clinical guidelines and policies. It also considers holistic patient care, incorporating case studies on patient and family support for improved quality of life.","<h6>Improving quality of life for patients with Parkinson’s disease</h6>
<p>Research led by the University of Birmingham has significantly improved the treatment and quality of life for people with Parkinson’s disease (PD) by shaping national and international clinical guidelines and changing frontline care practices. Large clinical trials demonstrated that initiating treatment with levodopa, rather than more expensive alternatives, offers better long-term outcomes and fewer side effects. The findings also established the effectiveness of deep brain stimulation (DBS) in advanced PD and showed limited benefit of physiotherapy and occupational therapy in early disease. These insights directly influenced the UK’s 2017 NICE guidelines and Canada's 2019 national guidance, contributing to a marked rise in the use of levodopa and DBS and leading to substantial NHS cost savings—estimated at £1.8 million annually—while improving patient mobility, independence, and quality of life.
<a href=""https://results2021.ref.ac.uk/impact/3962ff3a-dcde-488f-af3e-cb2dcb203844"" target=""_blank"">Read more...</a></p>
<h6>Transforming the landscape of drug development with life-changing RNAi-based drugs</h6>
<p>The University of East Anglia’s foundational research on RNA interference (RNAi) has revolutionized the development of drugs targeting genetic diseases once deemed untreatable. Building on the discovery of small interfering RNAs (siRNAs), the research enabled the creation of four first-in-class RNAi-based therapeutics: ONPATTRO®, GIVLAARI®, OXLUMO™, and LEQVIO®. These drugs have provided transformative clinical benefits for over 1,300 patients with conditions such as hereditary transthyretin-mediated amyloidosis and acute hepatic porphyria. The RNAi technology, licensed to Alnylam Pharmaceuticals, generated over £10 million in royalties and underpinned a rapidly growing therapeutics market, valued at over USD 1 billion by 2018. This research not only improved health outcomes globally but also reshaped drug development by enabling precision gene silencing to treat previously intractable diseases.
<a href=""https://results2021.ref.ac.uk/impact/c281f32f-6132-436d-9c48-79480ffbe8d6"" target=""_blank"">Read more...</a></p>
<h6>Advancing treatments for lysosomal storage disorders</h6>
<p>University of Manchester researchers led pioneering work developing treatments for lysosomal storage diseases (LSDs), rare, life-limiting childhood conditions. Their research was central to the development and licensing of two enzyme replacement therapies: Sebelipase Alfa for lysosomal acid lipase deficiency and Elosulfase Alfa for Morquio A syndrome. These therapies are now approved worldwide and have benefitted over 1,000 patients globally, including more than 90 in England. In parallel, their gene therapy research contributed to the founding of Orchard Therapeutics, a major gene therapy company that has grown from 33 to over 250 employees and secured $33 million in early-stage investment. These breakthroughs have extended and improved the lives of affected children and built commercial capacity for rare disease therapeutics.
<a href=""https://results2021.ref.ac.uk/impact/d9c3f02e-6e8d-4409-a404-70dc9d1915f9"" target=""_blank"">Read more...</a></p>
<h6>Development and validation of the first treatments for Duchenne Muscular Dystrophy and Spinal Muscular Atrophy</h6>
<p>Research at University College London (UCL) has led to the development and validation of the first effective treatments for two devastating childhood neuromuscular disorders: Duchenne Muscular Dystrophy (DMD) and Spinal Muscular Atrophy (SMA). UCL scientists pioneered the use of antisense oligonucleotides (ASOs) to restore expression of key proteins missing due to genetic mutations, directly enabling the approval of Exondys 51 and Vyondys 53 for DMD, and Spinraza for SMA. These therapies now benefit thousands of patients worldwide, significantly prolonging life and improving motor function. UCL also played a key role in securing access to Spinraza through the NHS and in training healthcare professionals to deliver it effectively. The research has generated over $5.5 billion in drug sales, reflecting substantial economic and clinical impact.
<a href=""https://results2021.ref.ac.uk/impact/5de5d6fc-ce7f-47dc-9c41-c4882620f96b"" target=""_blank"">Read more...</a></p>
<h6>Changing mental health care to improve wellbeing in people with cystic fibrosis and their caregivers</h6>
<p>Research on the mental health of people with cystic fibrosis and their caregivers has created new jobs and guidelines for provision of mental health care and support. This research also contributed to the founding of US and European Mental Health Working Groups and $20,000,000 committed to fund 138 mental health coordinators. New guidelines for mental health professionals by the Mental Health Advisory Committee resulted in 25,000 patients and carers entering screening programmes, 10,000 individuals bring referred for treatments, and 1,000 people being urgently referred for suicidal ideation by 2019. The PI received the Richard and Carolyn Mattingly Award for Leadership in Mental Health Care in the first year the award was open to researchers and clinicians outside the US.
<a href=""https://results2021.ref.ac.uk/impact/14e8f61e-857d-4a49-9acd-8626d2a5bf91?page=1"" target=""_blank"">Read more...</a></p>
",
40,3,Technology,Biometrics,"Speech & Facial Modelling, Biometrics","Research in this topic has advanced the use of biometric data for security, identity verification, health, and justice. Projects enabled reliable speech and facial recognition, forensic voice and DNA analysis, and the creation of realistic synthetic speech and animation. Innovations have supported refugee identification, border control, and forensic investigations, while also transforming accessibility and communication for people with speech impairments. Work shaped public and commercial use of biometric technologies, influenced policing practice, and guided policy on ethical and algorithmic governance of biometric systems.","<h6>Personalised speech synthesis improves quality of life, changes health legislation, and leads to new commercial products</h6>
<p>Research in personalised speech synthesis at the University of Edinburgh has significantly enhanced the lives of individuals who have lost their voice due to conditions like motor neuron disease, enabling them to communicate using synthetic voices that retain their unique vocal identity. This work led to the creation of SpeakUnique Ltd, a spin-out company providing personalised voices globally, supported by major health charities and the NHS. It also influenced Scottish health legislation, mandating access to communication support. The research has further powered commercial innovations, supporting product development at ObEN and Papercup, which use synthetic voice technology in digital avatars, patient care, and multilingual media content.
<a href=""https://results2021.ref.ac.uk/impact/9b1478e7-ae88-444b-bdd5-955685f6e571"" target=""_blank"">Read more...</a></p>
<h6>Iris recognition technology transforms the speed and security of refugee aid distribution, and access to critical benefits and services</h6>
<p>Iris recognition algorithms developed through research at the University of Cambridge have become the global standard for biometric identification systems, enabling rapid and highly accurate identity verification. Since 2013, over 800 million additional individuals have been enrolled using these systems, which have significantly improved the efficiency, fairness, and security of aid distribution, especially in refugee settings. In Jordan and Uganda, the technology supports World Food Programme and UNHCR operations, streamlining food assistance and reducing fraud. In India, it underpins the Aadhaar biometric ID system, facilitating access to benefits and services for over a billion people, including those previously lacking official identification.
<a href=""https://results2021.ref.ac.uk/impact/bb9e3f8d-4324-4e0f-a971-3f813953e386"" target=""_blank"">Read more...</a></p>
<h6>EvoFIT Facial Composites: Helping police identify serious criminal suspects</h6>
<p>A new system of software and procedures helps police identify suspects of serious crimes, such as rape and assault, with identification rates of around 60 to 70% compared to 5% for traditional systems. During the REF period, it has been used by 26 police forces in 11 countries for over 2,500 investigations, assisting in the identification and arrest of an estimated 1,500 serious offenders.
<a href=""https://results2021.ref.ac.uk/impact/d1953685-9f19-4629-a2e4-657dfed6fd48?page=1"" target=""_blank"">Read more...</a></p>
<h6>Developing character animation techniques to improve production practice in the animation sector and create economic impact on Humain Ltd.</h6>
<p>Research to improve techniques for character animation for film and video games reduced the time needed to create a facial rig from several weeks to several minutes. Developed techniques were used by private sector firm humane ltd and were used to attract over 1,000,000 GBP in investment including contracts with HBO and Microsoft.
<a href=""https://results2021.ref.ac.uk/impact/a3a86a81-fad3-4251-b8c8-864a94948bae?page=1"" target=""_blank"">Read more...</a></p>
",
20,2,Health,Phys. Exercise,Physical Activity for Population Health,"Case studies in this topic informed public health policy, physical activity guidelines and education initiatives, supporting long-term behaviour change and improved population health. They promoted physical activity in the general population through the creation of supportive, inclusive environments and improved health education, underpinning efforts to increase participation among underrepresented groups, including women, children and disable individuals. Research also aided the integration of physical activity into healthcare strategies for treatment and prevention, including physiotherapy and post-surgical care to improve patient outcomes, and promoting regular movement to lower the risk of sedentary-lifestyle-related diseases.","<h6>Placing Physical Activity at the Heart of the NHS: Co-locating Healthcare and Physical Activity Services within Bespoke Facilities in Economically Disadvantaged Communities</h6>
<p>Research on physical activity led to a £10 million Department of Health and Social Care grant, supporting three NCSEM sites in Sheffield. Located in underserved areas, these centres co-locate NHS services with leisure facilities, enabling over 100,000 NHS appointments annually, including 60,000 for musculoskeletal care. The model improves access, reduces anxiety, and embeds care in supportive, activity-focused settings. Referrals now come from both secondary and community care, streamlining treatment. Over 150 NHS staff report that the environment encourages patient engagement and fosters collaboration, such as a chronic pain pathway combining physiotherapy and mental health services. Staff also benefit from better wellbeing and a stronger sense of community. The centres have seen major growth in use, boosting jobs, business, and investment in inclusive facilities. The model has shaped policy locally, nationally, and internationally. During COVID-19, the centres resumed face-to-face care early and supported national physical activity efforts, proving both resilient and sustainable.
<a href=""https://results2021.ref.ac.uk/impact/b6883dda-a1cc-4ed5-baa8-46b40ac75fd4"" target=""_blank"">Read more...</a></p>
<h6>LifeLab: increasing health literacy and inspiring positive health-related lifestyle and behaviour choices among teenagers.</h6>
<p>LifeLab is a hospital-based education programme that has reached over 11,500 students and 340 teachers across 66 Wessex schools. Designed to improve health literacy and science engagement among teenagers, it combines classroom lessons, teacher training, and hands-on experiences in a clinical research setting. Evaluations show sustained improvements in students’ understanding of how lifestyle affects long-term health and increased motivation to adopt healthier behaviours. Students make health pledges, supported by teachers and a bespoke behaviour-change app. LifeLab has influenced career aspirations, with students reporting greater interest in health and science. It is embedded in local public health strategies, recognised by councils, endorsed by the Royal Society for Public Health, and cited in parliamentary debates. During COVID-19, the programme adapted to support national testing efforts through a DHSC-funded science-for-health-literacy curriculum. LifeLab’s model has been adopted internationally and continues to shape public health and education policy.
<a href=""https://results2021.ref.ac.uk/impact/317732a8-8ca0-4ae0-9dda-1de8d0a60ae5"" target=""_blank"">Read more...</a></p>
",
123,7,Society,Conflict & Peace,Conflict & Peacekeeping,"Research in this topic has shaped global efforts to prevent, resolve, and recover from violent conflict. Case studies supported peace and reconciliation efforts in regions such as Afghanistan, Syria, and Colombia, informed international diplomacy and post-conflict reconstruction, and guided UK policy towards conflict as well as UN peacekeeping strategies. Projects promoted inclusive peace processes, advancing new global norms and laws to strengthen women’s participation and civil society leadership. Research contributed to transitional justice and reconciliation efforts—from documenting genocide in Rwanda and Indonesia to shaping school curricula and community healing. Partnerships with governments, NGOs, and international agencies are a recurring aspect of research impact in this domain. Researchers also influenced terror prevention and counter-radicalization efforts in the UK. Statistical work improved conflict prediction through data science and created more solid evidence bases for the analysis of violent conflict. Work ranged from high-level political advice for peace processes to very direct practical efforts such as demining post-war landscapes.","<h6>Case Study 1: Constitution-Making as a Tool for Ending Conflict and Supporting Peace Processes</h6>
<p>This research mapping the connections between peace processes and constitution-making informed more effective peace processes around the world. This research supported peace processes (2013-2018) to end conflict between the Ethiopian Government and the Ogaden National Literation Front (ONLF) by supporting the ONLF to represent the international self-determination law and the Ethiopian constitution as linked rather than in opposition. The research was also used by both the Colombian Government and Revolutionary Armed Forces of Columbia (FARC) to reach a peace agreement. The research was used for sub-state constitution drafting in meetings of Ethnic Armed Organisations (EAOs) during Myanmar’s complex transition from authoritarian to democratic state.
<a href=""https://results2021.ref.ac.uk/impact/a97c36d3-917e-4c24-ad23-cc096ab60f53?page=1"" target=""_blank"">Read more...</a></p>
<h6>Countdown to Annihilation: Shifting the global discourse on the genocide of the Rohingya</h6>
<p>The International State Crime Initiative’s (ISCI) research influenced offices of the UN which had initially resisted any ‘genocide determination’ to recognise the persecution of the Rohingya as ‘genocide’. The researchers briefed and worked closely with the UN Fact Finding Missions (FFM) on Myanmar in 2018, and the ISCI report is cited in the FFM recommendation of ‘genocide’ recognition. The ISCI advised The Gambia’s legal team in The Gambia’s Genocide case against Myanmar before the International Court of Justice. NGOs, such as the Burmese Rohingya Organisation UK, have testified that the ISCI’s work in supporting the recognition of ‘genocide’ status has empowered them to speak out on behalf of the effected minority groups to raise awareness. The ICSI worked with global media to encourage the use of the terminology of ‘genocide’ in reporting on atrocities against the Rohingya. They briefed journalists and organisations, leading to widespread change to terminology by media organisations including CNN, Nikkei Asian Review, LA Times, and TIME. Sky News Television, who won a BAFTA Award for their Rohingya coverage, cited the fundamental importance of the ISCI research input.
<a href=""https://results2021.ref.ac.uk/impact/3edc62c6-9fe3-42c5-a0dd-e774ea7ed75c?page=1"" target=""_blank"">Read more...</a></p>
",
82,5,Culture,Film,"Film, Television, Cinema","Case studies in this topic focus on the production, exhibition, and curation of film and television as a means of preserving heritage, shaping public understanding, and informing societal and political discourse. Case studies celebrate the history and culture of film and cinema, examining its role in commemoration, representation, and reclaiming marginalised or ‘hidden’ histories. A number of studies focus on improving access to film and television archives, enhancing curatorial practices to encourage engagement and preservation. Research also highlights the potential of film for reframing both past and future narratives, foster cross-cultural engagement and inclusive storytelling.","<h6>Transforming the Accessibility and Discoverability of Millions of Archival Television Programmes</h6>
<p>Much of recent historical heritage is stored in television programs. This project built databases of 2,500,000 TV content items. Almost all UK HEIs subscribe to the database, and use content from news and documentaries to sitcoms and reality shows, to enhance teaching. In total there are about 1,700,000 programme streams per year.
<a href=""https://results2021.ref.ac.uk/impact/674f4f56-deee-442f-9a88-13043f8133e6?page=1"" target=""_blank"">Read more...</a></p>
<h6>Beyond Fact or Fiction: enhancing documentary discussions</h6>
<p>Collaboration between researchers and the Edinburgh International Film Festival (EIFF) enriched the cultural conversation about documentary film and media. A public discussion (a ‘DocSalon’) on the subject of documentary in the age of fake news was held at the EIFF in 2017. This allowed public exchange between the audience and documentary professionals, including festival programmers, filmmakers, and commissioning editors. The EIFF adopted the DocSalon as a permanent annual feature. It has now taken place three times as of 2020 and sold out immediately. The DocSalon has been adopted by other film festivals, such as the Documentary International Human Rights Festival (Glasgow). The research highlighting the links between artists’ film practice and documentary production has inspired the creation of documentary art installations produced in Vietnam and exhibited in Scotland, Hong Kong, Switzerland, and The Netherlands.
<a href=""https://results2021.ref.ac.uk/impact/1d2fb355-654c-48de-9d91-a26ca98c2210?page=1"" target=""_blank"">Read more...</a></p>
",
34,2,Health,Working Conditions,Epidemiology and CoVID-19,"Research in this topic encompasses epidemiology and COVID-19. Case studies span epidemiology from detection, characterisation, monitoring and surveillance of disease, to modelling and public health protection strategies including policy development. Furthermore, studies into specifically COVID-19 are included in this topic, covering areas such as diagnosis, transmission, intervention and treatments, as well as risk management, response, and policy.","<h6>Understanding disease spillover from wildlife to improve public health outcomes in a changing world</h6>
<p>Research from UCL and the Institute of Zoology significantly advanced global understanding of the ecological and socio-economic drivers of zoonotic disease spill-over. This work shaped international research and policy priorities by identifying emerging disease hotspots and promoting the ‘One Health’ approach. It guided over $1.5 billion in USAID investments (e.g. PREDICT), influenced UK and global research agendas (e.g. DFID ZELS, IPBES, Trinity Challenge, EU PREZODE), and informed responses to Ebola and COVID-19. Findings supported the UN’s 2020 pandemic prevention efforts and contributed to UK government planning and communications. Public understanding was also enhanced through widespread media engagement and contributions to major documentaries and briefings.
<a href=""https://results2021.ref.ac.uk/impact/f7ea6490-3678-4710-9954-4bb545ebc6bd"" target=""_blank"">Read more...</a></p>
<h6>Shaping national policy to reduce the rate of COVID-19 transmission in care homes</h6>
<p>Research by UCL’s Institute of Health Informatics rapidly influenced UK national policy to reduce COVID-19 transmission in care homes. Drawing on pre-existing expertise and access to large-scale care home datasets, UCL researchers led key studies during the first wave, identifying critical factors driving infection such as low staffing ratios, use of agency staff, and lack of sick pay. Their findings informed government decisions to prioritise staff testing, limit cross-site work, and implement the £600m Infection Control Fund. The research underpinned the national weekly testing strategy for care home staff, supported real-time surveillance through an interactive dashboard used across government, and shaped national vaccination prioritisation for care home residents and staff.
<a href=""https://results2021.ref.ac.uk/impact/d83de44b-dd7a-4e8e-8b0f-48cf919e1847"" target=""_blank"">Read more...</a></p>
<h6>Demographic and Sociological interventions during COVID-19</h6>
<p>LCDS’s research influenced national and international policies during the COVID-19 pandemic. These findings were extensively cited as an underpinning for the decision to allow people living alone to form a ‘support bubble’ with one other household. The dissemination of this research also informed social bubble implementation around the world by organisations such as the European Centre for Disease Prevention. The initial study on the demographics of COVID-19 mortality rates in Italy, England and Wales gained attention from policy-makers and the media, shaping public understanding. Newspapers covering the research findings included The New York Times, The Wall Street Journal, News18 India, II Post, The Sydney Morning Herald, National Geographic España and The Economist. It was also circulated through the Dear Pandemic initiative, with Facebook posts reaching 1,022,226 viewers from August-September 2020.
<a href=""https://results2021.ref.ac.uk/impact/47ee4f78-2ed2-430f-bc68-81b21b3b0a07?page=1"" target=""_blank"">Read more...</a></p>
",
73,4,Environment,Eco Conservation,Ecosystem Management & Conservation,"Research in this topic has advanced global efforts to protect biodiversity, manage ecosystems sustainably, and align conservation with social justice. Projects informed international frameworks and national policies, guiding the design of biodiversity indicators, invasive species management, and carbon offset strategies. Work amplified Indigenous knowledge, strengthened protected area governance, and developed community-based and participatory conservation models. Studies shaped responses to climate change impacts on ecosystems, enhanced restoration and land-use practices, and improved the integration of conservation with rural livelihoods, resource use, and environmental justice. Research has supported better decision-making tools, novel monitoring technologies, and sustainable practices across forests, wetlands, rangelands, and peatlands globally.","<h6>Improving sustainable oil palm</h6>
<p>Research at the University of York has significantly influenced sustainable oil palm policies through evidence demonstrating the ecological value of forest patches within plantations. This work informed the Roundtable on Sustainable Palm Oil (RSPO)’s High Conservation Value (HCV) and High Carbon Stocks Approach (HCSA) standards, leading to the protection of approximately 790,000 hectares of tropical forest and avoiding around 1.4 million tonnes of CO₂ emissions annually. York’s findings on patch size, biodiversity, carbon storage, and landscape connectivity shaped RSPO’s certification requirements and smallholder guidelines, contributing to more effective deforestation-free commitments and improved habitat protection for numerous threatened species across tropical regions.
<a href=""https://results2021.ref.ac.uk/impact/8d65d146-d4d7-41a1-9ab7-cd0aa3c1f8e2"" target=""_blank"">Read more...</a></p>
<h6>Pheromone Traps: providing new Tools across Europe for the Prevention of Spread of Pine Wood Nematode, an Invasive Disease of Pine Forests</h6>
<p>Research at the University of Greenwich led to the development of a pheromone-based trapping system that has transformed EU policy and practice for controlling the pine wood nematode (PWN), a major invasive threat to pine forests. By identifying the pheromone compound “monochamol” used by the beetle vector Monochamus galloprovincialis, the team enabled early detection and population suppression through baited traps. These tools informed EU regulations, reducing costly clear-felling and surveillance zones while improving eradication success rates in countries like Spain and Portugal. The traps have been widely adopted across Europe and internationally, with at least seven SMEs—including Spanish company SEDQ—benefiting economically from commercialising the patented technology, generating over €1.5 million in sales and enhancing forest biosecurity across the continent.
<a href=""https://results2021.ref.ac.uk/impact/a16d2649-e3c4-460c-8979-9c4df700749b"" target=""_blank"">Read more...</a></p>
<h6>Protecting tropical peatlands and their ecosystem services</h6>
<p>Research at Liverpool John Moores University has significantly influenced international efforts to protect tropical peatlands—vital carbon sinks threatened by agricultural expansion. Through the TROCARI consortium, the research generated field-based data that doubled previous UN IPCC greenhouse gas emission factors for peatland conversion and fire, contributing to global emissions inventories (IPCC, NCAR, GFED). These findings informed key policy documents, including the Roundtable on Sustainable Palm Oil (RSPO) guidelines, which now require subsidence monitoring and promote the eventual phase-out of oil palm cultivation on peat. The work directly supported the protection of over 1,000 hectares of Malaysian peat swamp forest, preserving an estimated five million tonnes of carbon, and influenced the management of an 81,000-hectare forest reserve. The research has been cited in Indonesian restoration policy and featured in UK-Southeast Asia climate diplomacy, contributing to evidence-based decision-making on land use and emissions reduction.
<a href=""https://results2021.ref.ac.uk/impact/254c8c22-f357-4039-abf9-adc7851a3a99"" target=""_blank"">Read more...</a></p>
<h6>Biodiversity Indicators to inform international policy</h6>
<p>Research at the Institute of Zoology and University College London led to the creation and refinement of global biodiversity indicators—specifically, the Living Planet Index, Red List Index, and Biodiversity Intactness Index—which have become cornerstone tools for tracking biodiversity change worldwide. These metrics are now embedded in international policy frameworks and are used by major organisations including the UN Convention on Biological Diversity, IPBES, and the IUCN to monitor progress toward global biodiversity targets. They have shaped global reports such as the UN’s Global Biodiversity Outlook and WWF’s Living Planet Report, informed UK and Canadian policy, and underpinned biodiversity assessments across diverse ecosystems, from the Arctic to Australia. The indicators have also driven new species-level conservation actions, helped guide climate-related extinction risk assessments, and catalysed political responses, such as UK parliamentary debates on biodiversity. This work has fundamentally changed how biodiversity is measured, reported, and acted upon at global, regional, and national levels.
<a href=""https://results2021.ref.ac.uk/impact/9ac44c41-b4cc-46a2-af97-5c8df74562e8"" target=""_blank"">Read more...</a></p>
<h6>Amplifying Indigenous knowledge within environmental management and governance in South America</h6>
<p>Research at Royal Holloway has empowered Indigenous communities in South America to use participatory video as a means of documenting and sharing their environmental knowledge, strengthening their role in environmental management and governance. This work has built capacity among Indigenous groups in Guyana and Venezuela, enabling them to articulate how their knowledge systems contribute to biodiversity conservation and climate resilience. It also transformed how NGOs and government agencies engage with Indigenous communities—shifting practices towards more inclusive and respectful collaborations. At policy levels, the research helped influence new frameworks such as Guyana’s Traditional Knowledge National Action Plan and informed fire management strategies in Venezuela, where ancestral fire knowledge is now formally recognised. Through intercultural dialogue, training, and advocacy, the research has amplified Indigenous voices in environmental policy, challenged knowledge hierarchies, and supported more equitable, sustainable governance of natural resources.
<a href=""https://results2021.ref.ac.uk/impact/db18e3ad-e419-49c7-b388-658f71c94a0a"" target=""_blank"">Read more...</a></p>
",
53,3,Technology,Low-Emission Vehicles,"Sustainable Transportation Technologies, Fuels & Batteries","Research in this topic has advanced the decarbonisation of transport through innovations in electric mobility, hydrogen systems, and low-emission propulsion technologies. Projects shaped the development of electric vehicles and batteries, supported the use of alternative fuels, and informed industrial design and strategy. Researchers enabled reductions in carbon and resource intensity by improving motor efficiency, fuel systems, and materials. Work also supported the rollout of hydrogen infrastructure and smart energy integration, influencing national transport and energy policy. Further contributions improved freight logistics and vehicle control systems, supporting a broader transition to sustainable and low-carbon mobility.","<h6>National and international strategy development and implementation of hydrogen systems for low emission transport and industry</h6>
<p>Research at the University of South Wales has played a central role in advancing hydrogen as a viable low-emission energy source for transport and industry. By pioneering cost-effective and renewable hydrogen production—particularly through PEM electrolysis—the work directly enabled commercial deployment by ITM Power and helped scale global electrolytic hydrogen production more than tenfold between 2010 and 2020. The research has shaped UK and Welsh hydrogen policy, informed national strategies via the UK Hydrogen Advisory Council, and influenced industrial decarbonisation plans through the South Wales Industrial Cluster. Internationally, it impacted Chinese energy infrastructure by integrating hydrogen into grid-balancing and transport systems. The work has also fostered wide adoption of hydrogen refuelling technologies and supported decarbonisation in hard-to-abate sectors like steelmaking, helping drive a strategic transition to a hydrogen-based low-carbon economy.
<a href=""https://results2021.ref.ac.uk/impact/09a871db-2ac8-4ad4-b76d-2e5d1b272f8b"" target=""_blank"">Read more...</a></p>
<h6>Transitioning to the 'new normal' of electric vehicles</h6>
<p>Research at Oxford Brookes University has played a key role in accelerating the transition to electric vehicles by addressing both the technological and behavioural challenges of adoption. Through collaboration with industry, particularly BMW, and public stakeholders, the work influenced the design and development of the BMW i3 and MINI Electric, informing battery management, cabin design, charging behaviour, and consumer uptake strategies. It also shaped UK policy on electric mobility and infrastructure planning by providing critical insights into driver psychology, energy use, and life cycle emissions. This research has supported the commercial success of electric vehicles, improved public infrastructure, and contributed to policy initiatives aimed at decarbonising transport.
<a href=""https://results2021.ref.ac.uk/impact/0f1cbefa-ab37-4d46-aa32-b494373db75f"" target=""_blank"">Read more...</a></p>
<h6>Reducing the requirement for rare earth metals in high performance magnets for Hybrid Cars</h6>
<p>Research on magnetic materials has significantly advanced the sustainability and efficiency of hybrid electric vehicles by reducing reliance on scarce and environmentally damaging rare earth elements. Collaborative work with industrial partners led to the development of magnets requiring less neodymium, dysprosium, and terbium, which have since been integrated into approximately 6.5 million hybrid vehicles. This innovation has cut rare earth metal usage by an estimated 450 tonnes, reduced CO₂ emissions by 11 million tonnes globally since 2016, and contributed to $108 million in production savings. The improved materials also enhanced motor efficiency and durability, yielding benefits for manufacturers, consumers, and the environment alike.
<a href=""https://results2021.ref.ac.uk/impact/e738adf9-fe14-473b-9baf-8e4964a24864"" target=""_blank"">Read more...</a></p>
",
23,2,Health,Suicide,Suicide & Self-Harm Prevention,"Case studies in this topic shaped more effective strategies for self-harm and suicide prevention through improvements in identifying and safeguarding vulnerable individuals in a range of contexts. Case studies inform targeted interventions strategies through improved understanding and regulation of social media and access to harmful substances. Work supported vulnerable individuals through direct care, clinician and community training, and policy reform across sectors including healthcare, the military and prisons. Research also played a key role in shaping public understanding and governmental and institutional practices to reduce stigma and improve mental health outcomes.","<h6>Preventing Railway Suicide</h6>
<p>59% of Transport for London (TfL) staff have received suicide prevention training at date of ICS authorship. Has resulted in an unprecedented drop in suicide of a third in two years (the first two-year consecutive drop for almost 20 years, despite a rise in UK suicide rate by all methods). The PI of the project received a ‘Lifesaver Award’ by TfL in 2019. A team led by the PI received recognition as a ‘Nation’s Lifesaver’ for research carried out between 2018-2020 (‘the top 100 individuals or groups based in universities across the country whose work is saving lives and making a life-changing difference to our health and wellbeing’). The award-winning Small Talk Saves Lives media campaign launched in November 2017 was developed by the Samaritans and RSSG with direct and ongoing input from the research team, based on their findings that suicidal thoughts at railways are often temporary. Extensive media coverage created 158 million opportunities for people to see or hear the campaign. This has inspired similar campaigns in the Netherlands (where railway suicides reduced by 10% in 2019), Germany, and Japan. It also inspired the Thames Water Safety Forum to create a new Drowning Prevention Strategy.
<a href=""https://results2021.ref.ac.uk/impact/b239cf41-273f-4730-b2a2-4773d464b75e?page=1"" target=""_blank"">Read more...</a></p>
<h6>The development and evaluation of a self-help app (BlueIce) to prevent adolescent self-harm</h6>
<p>Research at the University of Bath created the first self-harm prevention app designed for high-risk young people (ages 12-17) who self-harm. The BlueIce app is endorsed on the NHS app library and is prescribed by 18 Child and Adolescent Mental Health Services across the UK. It was used by 2,520 young people at time of ICS authorship. 73 percent of users report reduced self-harm, equivalent to a reduction of 10 episodes per user over a 12-week period. Improvements in the trial sample alone saved the NHS an estimated £69,923. National roll-out would save the NHS an estimated £1,700,00 per year.
<a href=""https://results2021.ref.ac.uk/impact/f1ce694b-eb51-4c29-8e54-380d7463d5a2?page=1"" target=""_blank"">Read more...</a></p>
",
11,2,Health,Medication,"Medication: Prescribing, Administration, Treatment Adherence","The case studies in this topic encompass the optimisation of the medication lifecycle, from development of drug dosing strategies, to prescribing frameworks and policy, and provision to patients. Studies may consider ares of benefit-risk ratios, population diversity, reduction of prescribing errors, as well as access and adherence to treatments, and service provision to particular patient groups.","<h6>Improving medicines adherence in chronic illness</h6>
<p>The outcome of the New Medicine Service (NMS) review, led by University of Nottingham researchers, underpinned the decision by NHS England to adopt the service delivered by community pharmacists. Between September 2014 and September 2020, over 5,348,000 NMS consultations have been delivered in England to patients starting a new medicine for a chronic condition. Increased medicine adherence afforded by NMS has provided £558,000,000 long-term cost savings to the NHS and 213,952 quality adjusted life years (QALYs) gained. The study’s success and impact within England influenced equivalent services introduced internationally, therefore benefitting patients’ health in Europe and Australia.
<a href=""https://results2021.ref.ac.uk/impact/f065ce1f-6a75-4de3-96c1-46ab2cb8f46d?page=1"" target=""_blank"">Read more...</a></p>
<h6>A Single-Drop Blood Test to Identify Patient Nonadherence to Cardiovascular Medication, Change Care Delivery and Optimise Treatment Plans</h6>
<p>De Montfort University developed a world-first single-drop blood test to objectively detect nonadherence to cardiovascular medication, transforming care for hundreds of patients in Iraq and Kenya. The test enabled personalised treatment adjustments, improved blood pressure control, reduced emergency admissions, and triggered systemic changes in clinical practice. It also exposed serious concerns about counterfeit drugs in Kenya, prompting national regulatory review—demonstrating the test’s power not only to enhance outcomes but also to safeguard medicine quality at scale.
<a href=""https://results2021.ref.ac.uk/impact/663920cc-a146-4053-88af-9e3f753352b0"" target=""_blank"">Read more...</a></p>
<h6>Opioid prescribing in Scotland: stemming the epidemic</h6>
<p>Research led by the University of Dundee defined the scale and risks of opioid prescribing for chronic pain in Scotland, directly shaping the development of SIGN 136—the world’s first comprehensive evidence-based guideline for chronic pain management. Since its 2013 publication and 2019 update, SIGN 136 has underpinned national prescribing strategies and policy, contributing to an 18.8% reduction in opioid prescribing across Scotland, with local and national adoption improving safety, reducing dependence, and reversing rising trends in opioid use.
<a href=""https://results2021.ref.ac.uk/impact/1cc8b2c4-9620-4ad9-8e6d-f7f5beed03b5"" target=""_blank"">Read more...</a></p>
<h6>Implementing PINCER to reduce medication errors in general practices</h6>
<p>Researchers at the University of Nottingham developed PINCER, a pharmacist-led, IT-based intervention proven to reduce clinically significant medication errors in general practice—particularly those causing gastrointestinal bleeding. Endorsed by NICE and embedded in multiple NHS policies, PINCER has been implemented in nearly 2,700 practices, covering 40% of England’s population. With over 25 million patient records searched and more than 2,000 clinicians trained, PINCER has led to measurable reductions in hazardous prescribing and is credited with preventing hospital admissions and patient harm, transforming medication safety at national scale.
<a href=""https://results2021.ref.ac.uk/impact/a5f86ded-0279-4156-b13d-44916f86e2d5"" target=""_blank"">Read more...</a></p>
",
68,4,Environment,GHGs,"Greenhouse Gas Emissions, Atmosphere & Climate","Case studies in this topic contain research pertaining to greenhouse gas emissions, atmosphere and climate. The studies discuss climate change mitigation through improved greenhouse gas measurement, refined emissions reporting, and the development of decision support tools. They include research validating CO₂ emissions, accounting for methane and hydrocarbon impacts, and shaping global and national policies—including UK Net Zero targets, the UN Paris Agreement, and the Montreal Protocol. Advances also focus on satellite observations, carbon capture and storage (including negative emissions and cryogenic methods), emissions reduction in agriculture, shipping and aviation, and the environmental benefits of novel technologies such as aerosol valves and the CarbFix system.","<h6>Carbon Capture and Storage including Negative Emissions to deliver UK Net Zero Emission</h6>
<p>University of Edinburgh research on Carbon Capture and Storage (CCS) and negative emissions underpinned the UK’s strategy to reach Net Zero emissions, informing the 2019 Net Zero legislation and major government investments in CCS infrastructure. This work supported the development of the Acorn CCS cluster in Scotland, guided over £15M in UK, Scottish, and EU investment, and influenced UK and EU industrial decarbonisation policy. It also contributed directly to national climate targets, including the commitment of £1B to CCS deployment and support for Direct Air Capture and negative emissions technologies.
<a href=""https://results2021.ref.ac.uk/impact/819c8d4a-60cb-41e2-9917-42ec7899a5b0"" target=""_blank"">Read more...</a></p>
<h6>Evidence-based international standards and regulation to mitigate the environmental effects of aviation emission</h6>
<p>Research from Manchester Metropolitan University on the climate impacts of aviation emissions has directly shaped global standards and policy instruments to reduce CO₂ from international aviation. This work informed the EU Emissions Trading Scheme for aviation, credited with avoiding 193MtCO₂, and underpinned technical decisions adopted by ICAO, including the global CORSIA offsetting scheme, which will mitigate over 3GtCO₂ to 2035. It also drove the creation of new aircraft CO₂ and particulate emissions standards, influencing technological design and regulatory compliance in all 191 ICAO member states.
<a href=""https://results2021.ref.ac.uk/impact/3cea7814-1898-49c7-8393-df0a81cc3248"" target=""_blank"">Read more...</a></p>
<h6>New measurements of trees and forests: improving global observations for climate and carbon studies and extending public understanding</h6>
<p>UCL’s development of 3D terrestrial laser scanning (TLS) has revolutionised how forest carbon is measured, enabling more accurate estimates of carbon stocks and improving validation of satellite data used by NASA and the European Space Agency. This work directly informed updates to UN IPCC guidelines for national greenhouse gas reporting, supporting global climate policy under the Paris Agreement. It has also strengthened the case for preserving both tropical and urban forests, empowering environmental charities, informing urban planning, and engaging mass public audiences through exhibitions, media, and awareness campaigns.
<a href=""https://results2021.ref.ac.uk/impact/db8763e5-c95f-4014-bc40-eeab66518865"" target=""_blank"">Read more...</a></p>
",
15,2,Health,Respiratory Health,"Asthma, Respiratory Health, Allergies","Case studies in this topic address respiratory health, including asthma, allergies and respiratory diseases. Research covers drug development and therapies, treatments and disease management, as well as prevention and care. Studies in this topic often discuss best clinical practice, therapy development, healthcare delivery and service provision, and healthcare policy. Studies in this topic also extend to respiratory conditions such as breathlessness and sleep apnoea.","<h6>Improving outcomes for people experiencing seasonal respiratory allergies through refining pollen and fungal spore forecasts</h6>
<p>Research at the University of Worcester has transformed the management of seasonal respiratory allergies by refining pollen and fungal spore forecasts used by millions across the UK and Ireland. Through advanced modelling, allergen mapping, and species-level detection, the University’s forecasts—delivered via the Met Office, Met Éireann, media, and direct online platforms—help sufferers plan activities and medication, reducing symptoms, hospitalisations, and missed workdays. Clinicians, charities, and businesses use these data to personalise treatment, raise awareness, and enhance customer services, improving health outcomes and quality of life for allergy sufferers nationwide.
<a href=""https://results2021.ref.ac.uk/impact/32b051f3-a6d6-4f1b-9d69-a32292f659a6"" target=""_blank"">Read more...</a></p>
<h6>Chronic cough: defining a “new” disease and producing a novel class of effective drugs</h6>
<p>University of Hull research redefined chronic cough as a distinct disease, transforming diagnosis, treatment, and drug development globally. The Hull Airway Reflux Questionnaire (HARQ), now used in over 39 countries, has improved patient identification and reduced misdiagnosis. Hull’s leadership shaped the 2020 European Respiratory Society’s international guidelines and uncovered key mechanisms in cough hypersensitivity, catalysing the first effective antitussive drugs in over 40 years. This underpinned Merck’s $1.25 billion acquisition of Afferent Pharmaceuticals and led to global phase 2 and 3 trials of five novel compounds, directly benefiting millions of previously untreated patients.
<a href=""https://results2021.ref.ac.uk/impact/0e838f8a-27be-4446-a597-74a8bcab4dfb"" target=""_blank"">Read more...</a></p>
",
22,2,Health,HIV & STDs,HIV/Aids & Sexual Health,"This research addresses HIV prevention and treatment, and sexual health. Research encompasses clinical practice, public health policy, prevention, and community interventions, as well as scientific developments, diagnostic tools, and therapies to reduce HIV transmission and improve treatment outcomes. Frequent themes include healthcare access and equity, community engagement, and public health policies. Sexual health, relationships and education studies are also incorporated in this topic.","<h6>Cash + Care: Transforming HIV outcomes for adolescents in Africa through social protection.</h6>
<p>Research demonstrating that combinations of social welfare, cash transfers, and caregiving support led to 50-70% reductions in HIV infection risk behaviours, such as transactional sex, reduced HIV infection risks and improved health for 2,000,000 adolescents across Southern and Eastern Africa. These findings have been directly translated into policy and service delivery for adolescents by USAID's President’s Emergency Plan for AIDS Relief (PEPFAR), UNICEF, UNAIDS, and national governments including South Africa, Kenya, Malawi, Mozambique, Zambia, and Zimbabwe.
<a href=""https://results2021.ref.ac.uk/impact/b7c453f7-69bc-4b45-86a9-438482ce3d77?page=1"" target=""_blank"">Read more...</a></p>
<h6>HIV policy formulation and prevention: driving the decision for and implementation of publicly-funded pre-exposure prophylaxis in Scotland</h6>
<p>Researchers contributed essential data and understanding needed by Scottish policymakers to plan and fund pre-exposure prophylaxis (PrEP) for HIV prevention. In July 2017, Scotland became the first UK nation to fund PrEP on the NHS. In the first three years, 4,100 people received PrEP, reducing HIV incidence five-fold in men who have sex with men (MSM) with high risk behaviour.
<a href=""https://results2021.ref.ac.uk/impact/3e2cf197-8253-4882-9640-0186ae7fd2c7?page=1"" target=""_blank"">Read more...</a></p>
",
48,3,Technology,Research Data,Open Access and Research Data,"Research in this topic has transformed how scientific knowledge is produced, shared, and accessed. Case studies informed national and international open access policies, strengthened GDPR-compliant data practices, and improved editorial standards and transparency across scientific publishing. Projects advanced open, scholar-led, and experimental publishing models and worked with libraries and publishers to broaden public access to research. Researchers developed influential open databases—from genetics to socio-economic data—as well as open-source tools and data ressources for digital humanities and open research software abroad many scientific fields. Citizen science initiatives empowered public participation in data collection, while efforts in knowledge organization and publishing reform shaped the future of accessible, ethical, and high-quality research dissemination.","<h6>The Openness Agenda: Re-Shaping the Governance of Science, Digital Technologies and Research Infrastructure in Europe</h6>
<p>This research reshaped how Open Science is governed across Europe and beyond. Work on data practices and scientific infrastructure directly influenced the European Commission’s Open Science policy, including the Plan S framework and the creation of the EU’s Open Research Platform. The research underpinned major shifts toward inclusive, sustainable, and equitable open access and open data practices. The insights were used to advise over a dozen national governments, shaped high-level EU recommendations, and contributed to UNESCO’s global Open Science guidelines. Countries reformed research incentives, evaluation, and infrastructure, enabling wide adoption of open knowledge systems.
<a href=""https://results2021.ref.ac.uk/impact/5513885a-53c6-43b4-8136-0360dff145b8"" target=""_blank"">Read more...</a></p>
<h6>The miRBase microRNA database – driving the development of commercial microRNA research tools, diagnostics and therapeutics</h6>
<p>miRBase, an open access database developed at the University of Manchester, has become the global reference for microRNA gene sequences, powering research, diagnostics, and therapeutics worldwide. Used by over 20,000 monthly users—including 10% from industry—it underpins commercial products from biotech leaders, guides clinical trials of microRNA-based therapies, and shapes international genomic standards. With over 34,000 entries added, miRBase directly supports a USD160M+ market in experimental tools and has enabled breakthroughs in disease diagnostics, drug development, and genome policy globally.
<a href=""https://results2021.ref.ac.uk/impact/94d73568-4a2b-430c-b1b7-041cdd5696b4"" target=""_blank"">Read more...</a></p>
<h6>Zooniverse: harnessing Citizen Science for Global Impact</h6>
<p>Zooniverse, developed from Oxford Physics’ Galaxy Zoo project, is the world’s largest citizen science platform, engaging over 2.1 million volunteers across 248 projects spanning science, the arts, history, and medicine. Enabled by cutting-edge research in human-machine collaboration, Zooniverse has transformed research and public engagement globally. It has informed disaster relief by rapidly analysing satellite images after hurricanes, influenced environmental policy through penguin population data, inspired digital art and museum exhibits, and enhanced science learning in schools. Projects like Planet Hunters and Penguin Watch demonstrate its scientific, educational, and societal reach and impact.
<a href=""https://results2021.ref.ac.uk/impact/f54b425c-e3e4-490d-ab96-d98f21b0479e"" target=""_blank"">Read more...</a></p>
",
113,7,Society,Public Services,"Public Services, Civil Service & Local Governance","Research in this topic has strengthened the design, delivery, and governance of public services, and local government. Projects informed evidence-based policymaking and evaluation, supported public service reform, and improved civil service workforce training, communication and strategy. Researchers developed outcome-focused models for service innovation and helped local authorities adopt peer-led improvement approaches. Case studies enhanced both local and national procurement practices, supported small business participation in local decision-making, and shaped reforms to civil service workforce planning. Work also guided local government initiatives and revenue generation, simplified public administration across sectors, and reduced corruption—promoting more transparent, accountable, and effective governance across the UK.","<h6>Responding to a post-austerity economics by improving procurement policy and practice in Wales</h6>
<p>University of South Wales research has transformed procurement policy and practice across the Welsh public and private sectors, significantly enhancing economic outcomes in a post-austerity context. Their work led to major reforms in Welsh Government procurement strategy, including a 100% increase in SME bids and a 400% rise in contract wins. Knowledge Transfer Partnerships with public bodies like Cardiff City Council and firms such as Airbus generated substantial savings (£40m at Cardiff; projected €35m annually at Airbus). The university’s CIPS-accredited training and national leadership in procurement education further support sustainable public service delivery and regional economic development.
<a href=""https://results2021.ref.ac.uk/impact/a9e77240-e867-407f-8a30-350120e62cdd"" target=""_blank"">Read more...</a></p>
<h6>Empowering Communities in Public Service Reform in Scotland</h6>
<p>University of Edinburgh researchers helped transform public service reform in Scotland by embedding community empowerment into legislation, policy, and practice. Through sustained collaboration with government, local authorities, and civic partners, their research: (i) informed the Community Empowerment Act (2015); (ii) helped mainstream participatory budgeting, leading all councils to commit 1% of budgets to citizen-led processes; (iii) shaped NHS engagement strategies, including the creation of a Citizens’ Jury and national citizens’ panel; and (iv) drove a new governance framework based on fiscal, functional, and community empowerment, now central to Scotland’s ongoing Local Governance Review.
<a href=""https://results2021.ref.ac.uk/impact/0d297ff4-5299-4669-a3e9-d64e8574e9d0"" target=""_blank"">Read more...</a></p>
<h6>Improving the effectiveness of policy making through an innovative model of knowledge mobilisation in Wales</h6>
<p>Cardiff Business School created a demand-led knowledge mobilisation model that embedded academic expertise into Welsh Government decision-making. By tailoring rapid evidence reviews to ministerial priorities through the Public Policy Institute for Wales and later the Wales Centre for Public Policy, the model improved policy outcomes in areas including childcare, youth homelessness, and COVID-19 recovery. Impacts included £80M annual savings from revised childcare policy, a £4.8M youth housing innovation fund, and stronger evidence-based strategy across Welsh Government. Cardiff’s model has influenced UK-wide practice through the What Works Network and was recognised by the OECD as exemplary.
<a href=""https://results2021.ref.ac.uk/impact/6c5fe4a1-6161-4873-bbbd-5189954a5fbc"" target=""_blank"">Read more...</a></p>
",
71,4,Environment,Marine Ecosystems,"Marine Conservation, Fisheries, Aquaculture","This topic covers marine and aquatic research with case studies examining environmental conservation, sustainable management, and protection strategies for aquaculture, fisheries and marine environments. Studies include aspects of statistical analysis, species conservation, aquaculture development, fisheries regulation, biodiversity assessment, and marine planning approaches. Key themes are environmental protection, strengthened policy development, and improved sustainability. Some coastal management, and community engagement research is also incorporated.","<h6>Using Lumpfish to Control Sea Lice in Salmon Farming</h6>
<p>Research at Swansea University enabled the large-scale captive breeding and welfare optimisation of lumpfish, a natural predator of sea lice in salmon farming. This work has transformed industry practices by reducing the need for chemical treatments by up to 100% on some sites, saving millions and improving fish welfare. The team developed genetic tools to breed elite, lice-eating lumpfish, standardised operating procedures used internationally, and the first lumpfish welfare index. Their research led to over 6.5 million lumpfish deployed in the UK, created 12 new jobs in Wales, and helped regenerate the regional aquaculture economy while boosting sustainability across Europe’s £15 billion salmon industry.
<a href=""https://results2021.ref.ac.uk/impact/48869fd4-539e-4ab1-a911-79aa8ba006a0"" target=""_blank"">Read more...</a></p>
<h6>The Conservation of Coral Reefs in the Face of Climate Change</h6>
<p>Research at the University of Derby pioneered the first-ever successful laboratory-induced coral spawning and juvenile survival techniques, enabling full coral life cycles in captivity and revolutionising global reef restoration practices. These innovations have been adopted by leading institutions including the Florida Aquarium, AIMS in Australia, and aquaria across Europe and the US, enhancing large-scale coral propagation and reef recovery. The work shaped United Nations environmental policy, upskilled conservation practitioners in the Maldives and Israel, and engaged millions via museum exhibits, TV, and online platforms. Derby’s coral research now underpins a global model for reef resilience in the face of climate change.
<a href=""https://results2021.ref.ac.uk/impact/6a06fc0a-a946-4169-baff-1e7de99aebfd"" target=""_blank"">Read more...</a></p>
<h6>The social, economic and environmental impacts of a Marine Protected Area (MPA): Lyme Bay</h6>
<p>Pioneering research by the University of Plymouth led to the designation and long-term ecological and socio-economic monitoring of the Lyme Bay Marine Protected Area (MPA), transforming UK reef conservation. By evidencing the benefits of excluding bottom-towed fishing across an entire site, the research informed national fisheries policy, triggered new byelaws protecting 2,179 km² of reef, and helped shape the UK’s post-Brexit marine strategy and 25 Year Environment Plan. The work demonstrated ecological recovery, increased shellfish catch and income for local fishermen, boosted marine tourism, and fostered a model fisher-science partnership now replicated across the UK and internationally.
<a href=""https://results2021.ref.ac.uk/impact/d4433b6e-cf51-45dd-be78-cb06d2c3535a"" target=""_blank"">Read more...</a></p>
<h6>Adapting terrestrial property management law to protect the marine environment</h6>
<p>This research on using terrestrial property law to better manage maritime resources influenced the UK government's post-Brexit maritime regulations, a ban on electric pulse trawling throughout Europe, and the establishment of new Marine Protected Areas around Ascension Island and in Scotland.
<a href=""https://results2021.ref.ac.uk/impact/0a9f686a-5911-409d-b279-68fb4fd9b984?page=1"" target=""_blank"">Read more...</a></p>
",
43,3,Technology,Comm. Networks,Telecommunications & Data Networks,"This topic focuses on telecommunications with case studies covering network technologies, wireless systems, and connectivity solutions. Research encompasses 5G development, wireless communication protocols, optical fiber technologies, internet infrastructure improvements, and 'Inernet of Things' connectivity systems. Case studies may demonstrate enhanced network performance, improved communication standards, or commercial innovations across telecommunications policy, infrastructure development, and digital service delivery.","<h6>Millimetre wave technology enables fast, reliable WiFi on the move</h6>
<p>University of Bristol research into millimetre wave wireless technology enabled FirstGroup’s evo-rail to deliver the world’s first gigabit-speed onboard WiFi via trackside-to-train connectivity, offering passengers throughput 100 times faster than cellular networks. This work directly influenced UK Government 5G policy on rail connectivity and catalysed commercial deployment on the Isle of Wight and the busy Basingstoke–Waterloo line. It also underpinned the growth of Blu Wireless Technology Ltd, whose products, co-developed and tested with the University, secured £12M investment and global contracts, expanding their team from 7 to over 110 and their revenue by over 200% in 12 months.
<a href=""https://results2021.ref.ac.uk/impact/732b941a-206b-4963-b41e-d81c25d65637"" target=""_blank"">Read more...</a></p>
<h6>Enabling the 5G Networked Society</h6>
<p>Research by the University of Bristol’s Smart Internet Lab has played a pivotal role in enabling 5G technology in the UK and globally. Their work shaped UK Government policy, securing £200M for 5G testbeds and influencing the UK’s telecom supply chain strategy. Technical innovations in Massive MIMO, mobile edge computing, orchestration, and quantum-secure networks were adopted by standardisation bodies (e.g. 3GPP, ETSI), telecom providers (e.g. BT), and major corporates (e.g. Samsung). Their spin-out, Zeetta Networks, commercialised 5G virtualisation software now deployed across cities and venues. Public showcases and collaborations helped raise awareness and drive early adoption across industry sector
<a href=""https://results2021.ref.ac.uk/impact/2f77f185-074e-482f-9bdb-8146a98d6ecc"" target=""_blank"">Read more...</a></p>
<h6>SpaceWire and SpaceFibre</h6>
<p>The University of Dundee’s research led to the development and standardisation of SpaceWire and its high-speed successor SpaceFibre, now core technologies in global spacecraft data systems. SpaceWire, used in over $40 billion worth of missions, enables reliable onboard data handling across telecommunications, environmental, and exploration satellites. The University’s spin-out, STAR-Dundee, has commercialised this globally. SpaceFibre, offering up to 100× faster data rates with advanced fault recovery, is being adopted by major space agencies and aerospace companies and is embedded in international standards, supporting next-generation, high-performance space missions.
<a href=""https://results2021.ref.ac.uk/impact/3b80cc1a-bb26-4ab1-b1b2-bcb1a940af6a"" target=""_blank"">Read more...</a></p>
<h6>Hollow Core Fibres: Delivering economic impact via the commercialisation of a disruptive optical fibre technology for next-generation communications systems.</h6>
<p>Pioneering research at the University of Southampton’s Optoelectronics Research Centre led to the development of hollow core optical fibre (HCF) technology with world-record performance, enabling significantly faster, lower-latency data transmission. This breakthrough underpinned the creation of spin-out company Lumenisity Ltd in 2016, which has since attracted substantial investment (including foreign direct investment), generated revenues from HCF product sales, and created over 50 high-skilled UK jobs. Lumenisity’s technology is being used commercially, including by financial services firms seeking latency advantages, and has spurred trials in data centre interconnect and 5G backhaul. The success of HCFs—proven by record-setting attenuation levels and robust IP licensing—has influenced strategic investment decisions across the global telecoms industry, with expanding applications in laser delivery and gyroscopic navigation, demonstrating widespread technological and economic impact.
<a href=""https://results2021.ref.ac.uk/impact/6168e649-490b-4e7b-8497-e532259b80ca"" target=""_blank"">Read more...</a></p>
",
56,3,Technology,Safety,"Occupational, Transport & Fire Safety & Emergency Responses","This portfolio of research addresses critical challenges in occupational, transport, and fire safety, as well as emergency preparedness and response. It demonstrates how academic expertise has influenced legislation, policy, design, training, and technological innovation to protect lives, improve public safety, and enhance emergency response systems across sectors.Key impacts include: improving fire safety engineering through advanced computer modelling and smoke toxicity assessments; shaping emergency response protocols for spontaneous volunteers; informing evacuation and blast safety strategies; reducing risks in hazardous occupations through behavioural science and materials research; and enhancing road safety through innovations in driver training, vehicle technology (e.g., Intelligent Speed Assistance), and road safety improvements based on AI collision modelling. The research has also led to more targeted fire prevention through novel informatics, and improved public safety policies.Through interdisciplinary methods—spanning engineering, psychology, data science, and policy research—this work has strengthened safety and resilience frameworks and technology both in the UK and internationally.","<h6>Improving and Protecting the UK Governments largest asset – the Strategic Road Network</h6>
<p>Loughborough University’s research transformed the accuracy of collision data used by Highways England (HE), improving location precision from 82% to 99% through AI-based modelling. This enabled HE to implement a data-driven Safe Systems model, leading to more effective targeting of road safety interventions across the Strategic Road Network (SRN). Between 2014 and 2019, the approach supported over £17bn in safety improvements, helped reduce collisions by 20% despite rising traffic volumes, and saved over £500m by preventing road closures. Accurate modelling also enabled more nuanced responses—such as identifying suicides rather than traffic-related deaths—shaping appropriate strategies. The evidence base built through this work supported HE in meeting its government-mandated casualty reduction target and secured £27.4bn in funding for future road safety investment (2020–2025).
<a href=""https://results2021.ref.ac.uk/impact/8a465edb-0ec5-44aa-ac0f-e128ba262494"" target=""_blank"">Read more...</a></p>
<h6>Newly developed mobile traffic collision reporting improves road safety data, increasing the efficiency of UK police services</h6>
<p>This research revealed systematic cognitive bias and inefficiencies in police officers’ recording of road traffic accidents that undermines the reliability of accident statistics used to inform road safety policy. Researchers transformed the reporting of road traffic accidents via the development and evaluation of a mobile app reporting system used by police officers at the incident scene. The new reporting practices provided to police forces in November 2018, are already in use by 24 of the 45 police forces in England, Wales, and Scotland. These measures improved the reliability of collision data, and reduced police costs associated with the incident reporting and data processing that informs the Department for Transport and Transport Scotland's road safety policies.
<a href=""https://results2021.ref.ac.uk/impact/a0477cf6-a352-4b65-80d9-36e5c22b86b8?page=1"" target=""_blank"">Read more...</a></p>
<h6>Making Tall Buildings Safe from Fire</h6>
<p>Research at the University of Central Lancashire played a key role in shaping UK fire safety policy following the Grenfell Tower fire. By demonstrating the flammability and toxicity of widely used façade materials—including polyethylene-cored aluminium composite panels (ACP) and combustible insulation—the team provided critical evidence that informed government decisions. Their findings directly influenced the ban on combustible cladding for high-rise residential buildings (December 2018) and supported a £3.5 billion remediation programme. Further evidence on the risks of high-pressure laminates (HPL) helped prompt an additional £1 billion commitment to remove unsafe non-ACM cladding. Their work was presented to government bodies, parliamentary groups, and the Grenfell Inquiry, contributing to major shifts in construction practice, including a market shift towards non-combustible materials like mineral wool
<a href=""https://results2021.ref.ac.uk/impact/76887206-0ece-4dcb-89b0-c34ce30b4fa3"" target=""_blank"">Read more...</a></p>
",
110,7,Society,Poverty,"Disadvantage, Poverty, Mobility & International Development","This body of research addresses poverty alleviation, social mobility, and international development, influencing how governments, NGOs, and international bodies design, implement, and evaluate policies aimed at improving the lives of marginalised populations.Internationally, the work has transformed approaches to poverty measurement and financial aid effectiveness, informed major anti-poverty initiatives—including programmes targeting the ultra-poor and international microfinance schemes—and shaped global frameworks such as the 2030 Agenda for Sustainable Development. It has empowered marginalised voices in economic governance, enhanced land rights for women, and informed humanitarian responses in complex political economies such as South Sudan. Innovative interdisciplinary approaches, including evolutionary anthropology, have also advanced development policy and influenced fields from agricultural policy to reproductive health.In the UK, the research in this cluster focused on poverty, often seeking ways to reduce child povertyand ensure mobility, including direct influence on relevant legislation. Across all contexts, the work supports co-produced, equitable governance and evidence-led policy to tackle poverty and promote inclusive, sustainable development.","<h6>Improved Effectiveness and Impact of an International Microfinance Programme</h6>
<p>Research by the University of Portsmouth significantly improved the effectiveness of CARE International’s microfinance platform, Lendwithcare (LWC). Insights into lender behaviour informed a 2015 website redesign, helping grow the lender base from 20,794 to 66,002 and increase loan capital from £5.5M to £31.5M, enabling over 120,000 new loans to low-income entrepreneurs. Fieldwork with microfinance partners led to operational changes: Pakistan introduced new social performance tools, Zimbabwe streamlined training and oversight, and Ecuador adjusted loan targeting to reach more marginalised borrowers. CARE has since expanded its investment in impact evaluation and prioritised academic partnerships as a result.
<a href=""https://results2021.ref.ac.uk/impact/4b8f32dd-19e8-4b40-aa8b-e1c7a6366298"" target=""_blank"">Read more...</a></p>
<h6>Improving the lives of the ultra-poor</h6>
<p>Research led by LSE and UCL demonstrated that “graduation” programmes—a form of anti-poverty intervention that provides extremely poor households with a productive asset (such as livestock), skills training, and temporary financial support—can create lasting improvements in income, savings, and wellbeing. The evaluation focused on a flagship programme in Bangladesh run by BRAC, the world’s largest non-governmental development organisation, and showed that 95% of participants maintained better living conditions years after the programme ended. These findings provided the first long-term evidence that such programmes work at scale and have since influenced global poverty policy. As a result, graduation-style programmes are now being implemented by BRAC and others in over 45 countries, supported by governments, major NGOs, and international agencies including the World Bank and UNHCR, helping millions of the world’s poorest people achieve greater stability and self-reliance.
<a href=""https://results2021.ref.ac.uk/impact/7688bd42-992f-4354-b16a-99fc33264ff3"" target=""_blank"">Read more...</a></p>
<h6>Tackling Child Poverty Policy in Scotland</h6>
<p>Research by Glasgow Caledonian University’s Scottish Poverty and Inequality Research Unit (SPIRU) significantly shaped Scotland’s approach to tackling child poverty. Their studies revealed major gaps in local authority responses under previous UK legislation, prompting the Scottish Government to include statutory duties in the 2017 Child Poverty (Scotland) Act. SPIRU was appointed as an official partner to support local authorities in producing annual Local Child Poverty Action Reports (LCPARs), offering expert guidance, analytical tools, and feedback frameworks. Their work improved the quality, focus, and evidence use in these reports across Scotland. SPIRU’s research also informed national strategy, including the introduction of the Scottish Child Payment, and helped foster collaboration between local government, health boards, and civil society to address the root causes of poverty.
<a href=""https://results2021.ref.ac.uk/impact/24a34c29-ebf5-4088-bb68-4a265b145ca7"" target=""_blank"">Read more...</a></p>
<h6>Sowing seeds; Transforming land rights for women and other disadvantaged groups</h6>
<p>Research on gender, human rights, and land tenure has significantly shaped global approaches to making land access more equitable for women and disadvantaged groups. This work influenced UN strategy on land governance, contributed to the creation of an international network promoting inclusive land tools, and led to the development of practical frameworks and training initiatives used in over 40 countries. These efforts directly improved land rights for more than 200,000 households, particularly through the application of gender-responsive tools and legal pluralism in land administration. The research has also informed policy reforms in regions affected by conflict and displacement, supported the integration of inclusive land governance into global development agendas, and provided training to over 2,400 professionals, embedding more equitable practices into national and international land management systems.
<a href=""https://results2021.ref.ac.uk/impact/907ec0a5-2cb6-4843-afff-8984406bfbfb"" target=""_blank"">Read more...</a></p>
",
72,4,Environment,Pollination,"Pollination, Bees, Horticulture","This topic focuses on pollinator with case studies researching protection strategies, policy and regulatory frameworks, and land management practices. Research encompasses pollinator protection measures, pesticide control policies, biodiversity support initiatives, and evidence-based intervention development.","<h6>Ecological “BEEHAVE” models deliver benefits for pollinators - improving European regulation, reducing risks and informing land management</h6>
<p>Research at the University of Exeter developed BEEHAVE and Bumble-BEEHAVE, advanced ecological models simulating honeybee and bumblebee colony dynamics, enabling long-term, landscape-scale assessment of stressors such as pesticides, disease, and habitat loss. These models have transformed EU regulatory practice, underpinning EFSA’s revision of bee protection goals and guiding new risk assessment tools for plant protection products. Major agrochemical companies including Syngenta, Bayer, and BASF now use the models to improve environmental safety and reduce pollinator harm. Locally, the models—integrated into the BEE-STEWARD software—have enabled pollinator-friendly land management across over 900km² in the UK, influencing strategies by Cornwall Council, the Duchy of Cornwall, and Areas of Outstanding Natural Beauty. Widely adopted by regulators, industry, and land stewards, the models have become pivotal tools for pollinator conservation policy and practice across Europe.
<a href=""https://results2021.ref.ac.uk/impact/f16c9861-9252-4d0c-b36e-786525723da4"" target=""_blank"">Read more...</a></p>
<h6>Informing policy to mitigate insect pollinator decline</h6>
<p>Research at the University of Leeds has been instrumental in shaping UK and international policies to address insect pollinator decline. By providing the first robust evidence of widespread losses in bee diversity and associated declines in pollinated plants, Leeds influenced National Pollinator Strategies in the UK and US, agri-environmental policy changes, and restrictions on harmful pesticides. Their findings have supported planting schemes across thousands of hectares, improved urban land management, and helped design national pollinator monitoring programmes, including the UK’s Pollinator Monitoring Scheme. The work also contributed to the European Red List for bees and significantly raised public awareness, helping to embed pollinator protection in environmental and conservation strategies.
<a href=""https://results2021.ref.ac.uk/impact/01d5f313-d2d7-4a88-b740-5ae93a09f799"" target=""_blank"">Read more...</a></p>
",
108,7,Society,Labour,"Wages, Labour Standards, Employment Policy","This topic encompasses a wide range of research aimed at improving employment conditions, labour standards, and wage policy. Case studies focus on reducing wage inequality, supporting low-paid and precarious workers, and promoting inclusive labour markets, but also focus on labour market efficiency and ensuring high employment rates. Research has informed minimum wage legislation and pay-setting bodies in the UK and internationally, encouraged adoption of the Living Wage, and contributed to reforms in unemployment and employment policies. Other work has advanced understanding of occupational regulation, Universal Basic Income, and digital transformation of work. Studies have also adviced on trade unions and their role in the political economy, promoted decent work principles through international institutions, and improved employability programmes for disadvantaged groups. Workplace well-being, and the rights of ageing and migrant workers are further particular labour market aspects that the research advised on.","<h6>Detecting and improving the recovery of unpaid wages</h6>
<p>This research showed the scale of non-payment of wages, amounting to £3.1 billion annually. Findings led to employment rights policy through the ‘Good Work Plan’, regulating enforcement of entitlement to holiday pay, improvements to payslip entitlement, and greater efforts to pursue directors evading employment obligations. Improved enforcement directly benefited over 2 million of Britain’s lowest paid workers.
<a href=""https://results2021.ref.ac.uk/impact/517c3975-f9f2-4a6b-8c20-95b7f42b6ec4?page=1"" target=""_blank"">Read more...</a></p>
<h6>Improving our understanding of the National Minimum Wage to benefit low-paid workers in the UK and Ireland</h6>
<p>Research exploring effects of the UK National Minimum Wage (NMW) on low-paid workers informed the Low Pay Commission’s recommendations to the UK Government to increase the NMW in 2014, 2015 and 2016, which were accepted in full. These measures raised the pay of around 1,000,000 workers by as much as GBP355 per annum.
<a href=""https://results2021.ref.ac.uk/impact/5a4a748c-d19a-4d12-b224-0d303446a884?page=1"" target=""_blank"">Read more...</a></p>
<h6>Abolishing Employment Tribunal Fees</h6>
<p>Economics and law research was instrumental in the UK Supreme Court's July 2017 ruling that employment tribunal fees introduced by the UK Government in 2013 were unlawful. This research provided the legal arguments underlying the court decision. Tribunal fees were abolished with immediate effect, affecting many thousands of potential claimants who had been deterred from bringing their cases before the courts. By September 2019, the Ministry of Justice had refunded more than £18,000,000 in illegally levied fees.
<a href=""https://results2021.ref.ac.uk/impact/32ef336d-b633-4d71-8398-a7ee3b99d519?page=1"" target=""_blank"">Read more...</a></p>
",
35,2,Health,Oral Health,Oral Health,"Case studies in this topic cover dental and oral health, including research into product development, prevention and treatment of dental diseases, child healthcare, and service provision improvements. Common themes include improved clinical outcomes, reduced health inequalities, policy improvements and service provision improvements.","<h6>Improved oral healthcare using biomimetic peptide technology</h6>
<p>University of Leeds research developed a biomimetic self-assembling peptide (SAP) technology that has transformed minimally invasive dental care. The patented peptide, P11-4, enables the regeneration of enamel and periodontal tissue by mimicking natural mineralisation processes. Initially launched for treating early tooth decay (""filling without drilling""), the technology now underpins a growing portfolio of CE-marked and FDA-compliant products, including Curodont Repair, D’Senz, and Protect. These are used across Europe, the US, and Switzerland in both professional and over-the-counter formats, including high-volume toothpaste lines. The technology has proven more effective than fluoride varnish in clinical trials, offers an aerosol-free alternative to traditional fillings, and reduces treatment cost and patient anxiety. Following successful licensing and global distribution deals, including with Straumann AG, and the acquisition of its original distributor by vVardis, SAP technology is now driving commercial innovation and improving oral healthcare worldwide.
<a href=""https://results2021.ref.ac.uk/impact/43367180-0959-4277-ac16-646d86d78819"" target=""_blank"">Read more...</a></p>
<h6>Improving the oral health of UK children in deprived communities through policy and practice change</h6>
<p>Cardiff University’s research significantly improved oral health policy and practice for children in deprived UK communities. Their landmark randomised controlled trial demonstrated that fluoride varnish is as effective but more cost-efficient than fissure sealants, leading the Welsh Government to shift its national oral health programme, Designed to Smile (D2S), away from sealants and toward early intervention with fluoride varnish and daily brushing in children under five. Cardiff’s epidemiological studies showed a 12% drop in caries in five-year-olds over nine years, supporting continued £3M+ annual investment in D2S. Their work also shaped NICE guideline PH55 and informed Public Health England’s national oral health strategy.
<a href=""https://results2021.ref.ac.uk/impact/ebc2035b-366d-49d7-b2d8-feb628ec760e"" target=""_blank"">Read more...</a></p>
",
130,7,Society,Inclusive Work,"Gender, Race & Class Equity at Work","This topic brings together research focused on advancing workplace equity across dimensions of gender, race, class, sexuality, and belief. Case studies explore the drivers of the gender pay gap and support organisations in embedding change through pay analysis, positive action, and taking into account female lifecourses from childbearing to menopause. Research has influenced board-level gender diversity in UK companies, shaped women’s enterprise and entrepreneurship policy, and informed strategies for career progression among minority ethnic professionals. Work has also tackled barriers to social mobility in elite professions and the creative industries, improved workplace experiences for LGBTQ+ employees, and supported policy development to prevent discrimination based on religion or belief.","<h6>Encouraging Women in the Scottish STEM Sector</h6>
<p>Research on barriers that prevent women progressing in STEM education and careers recommended holistic approaches to increasing female engagement, employment, and retention that directly influenced Scottish Government policies on education and employment. This research has also informed educational establishments such as The Open University and City of Glasgow College, where the proportion of women studying engineering rose from 4% to 28%.
<a href=""https://results2021.ref.ac.uk/impact/ead8c583-0260-43f2-850b-dcdd25a0ce7d?page=1"" target=""_blank"">Read more...</a></p>
<h6>Diversity and Entrepreneurial Outcomes in the UK: A case study transforming policy and practice</h6>
<p>Research into ethnic and migrant entrepreneurship in the UK led to a pioneering model of inclusive business support that directly improved the performance of around 100 previously unreached ethnic minority businesses in Birmingham. Drawing on long-term data from the Global Entrepreneurship Monitor, the project demonstrated the economic and social value of ethnic minority firms and influenced national and local support structures. It informed the development of new programmes by NatWest, Citizens UK, and other partners, helped secure £31m in new contracts for a refugee-focused housing organisation, and contributed to inclusive growth strategies across sectors. Findings also shaped national policy dialogue, with recommendations taken up by the Federation of Small Businesses and informing government and bank-led initiatives to support underrepresented entrepreneurs.
<a href=""https://results2021.ref.ac.uk/impact/9ff700be-fbad-489b-be5f-4cd4166f9aba"" target=""_blank"">Read more...</a></p>
",
131,7,Society,Ireland,"Ireland: History, Culture and Politics","Case studies in this topic focus on Ireland’s history, culture, and political landscape, with emphasis on reshaping entrenched socio-political narratives to drive reconciliation and foster a shared sense of history and identity. Research informs policy, education, and practical initiatives aimed at promoting collaboration, peacebuilding, political engagement, economic development, and cultural vitality within conflicted and/or marginalised communities. Many case studies use arts and history to address the complexities of Northern Ireland’s historic and contemporary sectarianism, helping to bridge community divides through commemoration, reconciliation and justice, particularly for those affected by conflict and marginalisation.","<h6>Improving Collection and Curatorial Practices at the National Museum of Ireland and Emphasising Social Value and Creativity in Older Irish Women</h6>
<p>Sorcha O’Brien’s research on the history of the electrification of rural Irish homes and its effects on women’s lives led to an exhibition, ‘Kitchen Power’, at the National Museum of Ireland (NMI). The exhibition prompted developments in museological practice, and a change in emphasis for NMI Country Life from folklife to social history to include the late 20th century, a gap in its coverage. This change in emphasis included the acquisition of 16 of the mass manufactured domestic appliances on display in the exhibition (out of 51 objects in the exhibition in total), adding to the 8 already in the NMI collection. It also prompted conceptual developments among the NMI curatorial staff, particularly the integration of oral histories as part of new permanent displays. The changes to curatorial and acquisition practices highlighted engrained issues of communication between departments and led to the creation of a Head of Operations position in NMI Country Life’s organisation. NMI visitor numbers increased significantly during the ‘Kitchen Power’ exhibition, rising from a previous 5-year average of 13,532 in July and 15,560 in August, to 15,060 in July and 18,002 in August. As of February 2020, 73,426 people had visited the exhibition, and 22,748 visitors attended in the break between COVID-19 restrictions from June 2020-October 2020.
<a href=""https://results2021.ref.ac.uk/impact/58ec82cd-4fbb-4c73-8a6c-ad27603b530f?page=1"" target=""_blank"">Read more...</a></p>
<h6>The Belfast Mobility Project: Transforming everyday mobility patterns in a divided city</h6>
<p>The Belfast Mobility Project has demonstrated how and why the everyday movements of city residents can both reproduce and reform systems of segregation within Belfast. It has been particularly impactful in informing government policy decisions by giving policymakers from various sectors (including the Northern Ireland Housing Executive, the Good Relations Unit, the Department of Justice, and the Northern Ireland Executive Office) better understandings of the psychology of sectarian divisions in the city and areas where access to public spaces and facilities remains shaped by these divisions. This work has shaped the approaches of the Neighbourhood Services and City Regeneration and Development teams of Belfast City Council. It has informed the Council’s encouragement of residents to live in the city centre, and the creation of a new campus site for Ulster University to support this.
<a href=""https://results2021.ref.ac.uk/impact/20f15152-6afa-4221-8c76-953f521b3879?page=1"" target=""_blank"">Read more...</a></p>
",
14,2,Health,Orthopaedics,"Orthopaedics, Biomechanics, and Kinesiology","Case studies in this topic cover research into treatments and rehabilitation across orthopaedics, biomechanics and kinesiology practice. Studies include areas such as joint replacement procedures, trauma management, rehabilitation services, biomechanical analysis, prosthetic development. Case studies demonstrate improvements in patient outcomes, healthcare cost reduction, and clinical practice guidelines and policy.","<h6>Orthopaedic implant analysis changed which implants were used and how they are monitored</h6>
<p>nan
<a href=""https://results2021.ref.ac.uk/impact/8f84482e-addc-4d82-97fe-993eb52a9560"" target=""_blank"">Read more...</a></p>
<h6>From molecule to mouse to man: transforming the clinical management of all alkaptonuria patients in the UK with molecular and whole-body level approaches</h6>
<p>Liverpool John Moores University’s research has transformed the management of alkaptonuria (AKU), a rare and debilitating metabolic disease. Preclinical studies and international clinical trials led by LJMU contributed to the licensing of nitisinone, the first approved treatment for AKU, now available to all adult patients across Europe. Complementary gait analysis research developed innovative methods to quantify movement impairment and revealed that AKU affects patients from a younger age than previously believed. These findings directly inform the clinical management of all 72 UK AKU patients via the NHS National Alkaptonuria Centre, where LJMU's gait reports guide personalised care. The work also changed clinical teaching practices: LJMU-developed methods are now integrated into the annual ESMAC Gait Course and widely used via the ‘Moments’ app in clinics and universities. This integrated molecular-to-movement approach enhances quality of life for patients, informs earlier intervention strategies in children, and is influencing international best practice.
<a href=""https://results2021.ref.ac.uk/impact/98ea1b80-72e1-490b-b58d-dc68cb3e7b83"" target=""_blank"">Read more...</a></p>
<h6>Advancing Regenerative Medicine: from the bench to a NICE-approved treatment for early osteoarthriti</h6>
<p>Keele University’s research has transformed the clinical management of early knee osteoarthritis by advancing regenerative medicine from lab to patient care. Their interdisciplinary team developed and validated autologous chondrocyte implantation (ACI), a cell-based therapy that uses a patient’s cultured cartilage cells to repair joint defects. Pioneering long-term studies demonstrated ACI’s safety, efficacy, and cost-effectiveness, leading to NICE approval in 2017—the first such approval for a cell therapy in the UK. The team also developed the ORKA-1 prognostic tool and web app to personalise treatment, helping surgeons identify patients most likely to benefit. Their internationally adopted cartilage repair scoring system (ICRS II) set a clinical benchmark for evaluating outcomes. Over 500 patients have received ACI at Keele/RJAH, with significant improvements in mobility and quality of life. The research has shaped policy, NHS practice, international trials, and clinical training, establishing Keele as a leader in orthopaedic regenerative medicine.
<a href=""https://results2021.ref.ac.uk/impact/fc164761-ee79-43ee-8937-a4a87969b0cb"" target=""_blank"">Read more...</a></p>
<h6>Advanced Pre-clinical Simulation Methods Enabling the Development of Longer Lasting Total Joint Replacements</h6>
<p>Since 2014, the University of Leeds has transformed joint replacement design and testing through advanced pre-clinical simulation methods. Working with Simulation Solutions, Leeds developed new six-axis simulators and led the creation of ISO14242-4, the first international standard to account for real-world surgical variation and edge loading. Adopted globally, these innovations have supported new hip and knee implant products from DePuy Synthes, Mathys, and Invibio. More than 300,000 joint replacements each year—over 10% of the global market—now benefit from Leeds-based simulation. DePuy doubled its ceramic head sales and launched the ATTUNE knee (used in over 950,000 patients), while Leeds’ methods also enabled Mathys’ ceramic hips and Invibio’s all-polymer knee. This work has significantly improved implant durability and patient outcomes worldwide.
<a href=""https://results2021.ref.ac.uk/impact/53bca173-4dd2-4212-b637-ca418dfc8ff9"" target=""_blank"">Read more...</a></p>
",
77,4,Environment,Crops,Crop Agriculture,"This topic encompasses agricultural plant research across disease management strategies, crop improvement technologies, and food security solutions. Case studies cover plant disease epidemiology, crop breeding techniques, pest management approaches, genetic modifications, sustainable farming practices, environmental protection strategies, and biotechnology applications. Case studies often demonstrate policy influence, agricultural productivity enhancements, and environmentally sustainable crop protection across global food production systems.","<h6>‘More crop per drop’: exploiting plant hormone signalling in agricultural technologies that enhance water and food security.</h6>
<p>Lancaster’s research on plant hormone signalling transformed water use in agriculture by enabling low-cost practices and microbial products that significantly improve water use efficiency (WUE) and crop yields. By uncovering how root-to-shoot hormone signals regulate plant responses to soil drying, the team pioneered deficit irrigation techniques such as alternate furrow irrigation (AFI), now used by over 100,000 farmers across China, India, Iran, and California. These methods reduced crop water use by up to 40%, restored degraded water systems like China’s Qingtu Lake, and boosted yields by up to 30%. In China alone, adapted rice irrigation on 5.4 million hectares generated nearly GBP200 million in seasonal farmer income. Building on these insights, microbial products developed with Lancaster’s partners manipulate hormone signalling via root bacteria to sustain crop growth under water stress. Such biofertilisers, now widely adopted in Pakistan, India, and Russia, yield 10–30% increases in crops like wheat, sugarcane, and potatoes, improving farmer incomes by up to 25%. Together, these innovations have enhanced food and water security for farmers in some of the world’s most water-scarce regions.
<a href=""https://results2021.ref.ac.uk/impact/524fb451-a8da-4bfe-95d7-176713daf242"" target=""_blank"">Read more...</a></p>
<h6>Mitigating the devastating impact of cassava virus diseases on African smallholder farmers and the cassava value chain by transforming policy and practice</h6>
<p>Research at the University of Greenwich has significantly mitigated the impact of two devastating cassava virus diseases—CMD and CBSD—on smallholder farmers across Sub-Saharan Africa. Through innovative diagnostic protocols and tissue culture techniques, the team cured over 2,500 cassava plants and enabled the first regional exchange of virus-free, improved varieties across five countries (Kenya, Malawi, Mozambique, Tanzania, Uganda). This intervention led to increased cassava yields, benefitting over a million Tanzanian farmers and catalysing the emergence of commercial cassava seed enterprises. The work directly informed a 2017 amendment to Tanzania’s Seed Act, institutionalising laboratory virus testing and tissue culture for seed certification. The protocols have since been adopted in Rwanda, Burundi, and Eastern DRC, shaping national policies and seed systems. These efforts underpinned a 25% rise in cassava production in Eastern Africa between 2010 and 2018, while improved varieties are now used in multiple breeding programmes continent-wide. Funded by major donors including the Gates Foundation, the research has reshaped cassava disease control, seed policy, and farmer behaviour across the region.
<a href=""https://results2021.ref.ac.uk/impact/4c42bab9-1903-42b5-9a3e-8ed8141de958"" target=""_blank"">Read more...</a></p>
<h6>Protecting global food production and woodland environments: forecasting and managing plant disease through epidemiological modelling</h6>
<p>Epidemiological models developed at the University of Cambridge have informed global strategies to manage major plant diseases, protecting crops, ecosystems, and livelihoods. In Ethiopia, an early warning system based on these models enabled up to 500,000 smallholder farmers to act against wheat rust. Across ten West and Central African countries, forecasts of cassava brown streak disease guided national surveillance and policy, safeguarding a key food source for 500 million people. In Australia, modelling averted a harmful policy change, protecting a AUD605M banana industry. In the UK, the models shaped government responses to ash dieback, larch disease, and oak processionary moth. In California, they helped authorities contain citrus greening disease, protecting a USD3.84B industry and over 21,000 jobs. These models have driven cost-effective, real-time disease control globally.
<a href=""https://results2021.ref.ac.uk/impact/8f802bfb-795a-4c66-9357-7532277fd40d"" target=""_blank"">Read more...</a></p>
",
94,6,Education,Translation,Translation and Multilingualism,"Research in this topic highlighted and enabled the crucial role of translation and multilingual communication in global collaboration, diplomacy and cultural exchange. Case studies supported the training, support and professionalisation of translators across diverse international contexts. Work celebrated multilingual engagement in literature and performance, using translation as a tool for preserving and sharing heritage, fostering cross-cultural understanding and promoting inclusive, multicultural interaction.","<h6>Improving conditions for subtitlers and increasing Netflix’s subtitled content coverage</h6>
<p>Development of the first ever online subtitling test and indexing system, Hermes. Capable of working with 33 languages, Hermes increased Netflix’s language coverage from 16 to 32 languages in a year. A novel accreditation system measuring translation performance – the ‘Hermes number’ has become the de facto standard of accreditation in the industry and led to an increase in demand for subtitles and in subtitlers’ financial remuneration.
<a href=""https://results2021.ref.ac.uk/impact/46f8cd5b-ebfd-4165-a002-5005b147eabd?page=1"" target=""_blank"">Read more...</a></p>
<h6>The Translator as Creative Writer: Transforming the Training, Professional Practice, and Public Status of Literary Translator</h6>
<p>Project aimed at transforming the role of the literary translator from that of linguistic technician to publicly recognised creative writer. This project is based on an innovative model of translator training that has achieved global reach through collaboration with international cultural organisations, training events in countries from China to Mexico, and the publicly funded European framework for literary translator training (PETRA-E). The training programmes and Emerging Translator Mentorships, delivered in partnership with the National Centre for Writing (NCW), have led directly to the publication of newly translated novels, poetry, and non-fiction by highly regarded publishers.
<a href=""https://results2021.ref.ac.uk/impact/c813cfe6-6379-4cc4-a99c-7bd2061f5f30?page=1"" target=""_blank"">Read more...</a></p>
",
61,3,Technology,Geology,"Geology, Fossil Fuels, Mining","This topic focuses on geology, fossil fuels and mining research, including policy development, extraction technologies, environmental protection measures, and resource management strategies across oil, gas, and mineral industries. The research encompasses studies on hydrocarbon reservoir management, geological exploration methods, mining techniques, as well as environmental impact mitigation, decommissioning strategies, safety protocols, digital analysis tools, and mathematical modeling approaches. Case studies often consider regulatory frameworks, industrial efficiency improvements, and sustainable resource extraction practices for energy and mining operations.","<h6>Building on the success of mercury capture to drive change in the petroleum industry</h6>
<p>A collaboration between Queen’s University Belfast and PETRONAS led to the industrial deployment of HycaPure™, an ionic liquid-based mercury removal technology, across thirteen Malaysian gas processing plants by 2017. The system captures all forms of mercury with significantly higher capacity and longer operational life than conventional scrubbers, reducing downtime, cutting replacement costs, and enhancing worker safety. Its success enabled PETRONAS to treat over 2.5 million tonnes of gas per plant annually while removing up to 700kg of mercury per train. HycaPure™ received the 2016 IChemE Oil and Gas Award and was licensed globally by Clariant. The collaboration also shifted PETRONAS’ research strategy, catalysing a new £2.4M programme on low-carbon technologies and embedding Queen’s-led innovation into the company’s long-term transition beyond conventional oil and gas.
<a href=""https://results2021.ref.ac.uk/impact/885b8065-06c8-4e62-8ae3-2533c5375c86"" target=""_blank"">Read more...</a></p>
<h6>Geoteric - Deep Learning for Hydrocarbon Exploration</h6>
<p>A collaboration between the University of Lincoln and UK software company Geoteric led to the development of a deep learning-based system, “AI Faults,” which transformed geological fault detection in seismic surveys used for hydrocarbon exploration. Based on Lincoln’s research in image segmentation, the system enables rapid, automated interpretation of seismic data, dramatically accelerating the fault-mapping process from months to days while increasing accuracy. Licensed in 2018, the technology helped Geoteric expand its team, launch a new software-as-a-service business model, and complete 10 commercial projects in its first year. “AI Faults” has allowed clients to reduce drilling risks and avoid costly mistakes, including identifying a missed fault that previously led to £1 million in wasted drilling. It has strengthened Geoteric’s competitive position globally and enabled oil companies to extend asset life while improving environmental and operational efficiency.
<a href=""https://results2021.ref.ac.uk/impact/767bb93c-05f2-4ef5-b404-400ee149d7f9"" target=""_blank"">Read more...</a></p>
<h6>New pyrolysis techniques delivering improved fuel additives and contributing to UK energy policy development</h6>
<p>High-pressure pyrolysis techniques developed at the University of Nottingham have delivered major commercial and policy impacts. Global chemical company Innospec used the technology to analyse diesel injector deposits, enabling the development of 10 new fuel additives and influencing the direction of its USD600 million fuel additive business. This led to over USD200 million in sales and helped protect the company’s reputation by confirming its additives were not responsible for harmful engine deposits. The same pyrolysis techniques enabled a more accurate assessment of the UK’s shale gas reserves, revealing they were significantly lower than previously estimated. This evidence was cited by the Scottish Government in its 2019 parliamentary decision to reject support for fracking, and it played a key role in shaping public debate and influencing UK energy policy.
<a href=""https://results2021.ref.ac.uk/impact/f4e811d2-b193-4f15-ac53-1c73a6b250e7"" target=""_blank"">Read more...</a></p>
<h6>New geological approaches drive exploration strategies and accelerate economic growth in the minerals industry</h6>
<p>New geological modelling and mineral fingerprinting techniques developed at the University of Leicester have transformed exploration and processing strategies in the mining industry, contributing over £408 million in gross value added to companies and regional economies in the UK, Greenland, and Zambia. In Zambia, these methods enabled the reopening of the Munali Nickel Mine, which had been closed due to uneconomic operations, by improving orebody understanding and guiding mining redesign—leading to the creation of around 500 jobs and generating over £37 million annually in nickel production. In Greenland, the identification of high-potential mineralisation zones led to new investment and the acquisition of an exploration company for £1.76 million, while also significantly expanding licensed exploration areas. Additionally, the application of these techniques at the Kitumba Copper Project in Zambia helped avoid £173 million in capital expenditure by optimising processing strategies, strengthening investment potential, and accelerating project development.
<a href=""https://results2021.ref.ac.uk/impact/b4852b3b-7175-4e87-8891-b3e6fa9da4f9"" target=""_blank"">Read more...</a></p>
",
120,7,Society,Internatl. Rights,"International Law, Human Rights, Indigenous & Environmental Justice","Case studies in this topic inform the protection and enforcement of human rights and international legislation across a range of global contexts, including prisons, conflict and post-conflict zones, border, and authoritarian regimes. Collaborating with NGOs, governments, policy groups, and communities, this work contributes to reforming justice systems and establishing legal presidents, making human rights more universally definable, enforceable and recognised. The research informed conflict resolution, international law, and legal accountability for human rights violations, while raising awareness of the experience of persecuted groups, victims on historical and ongoing abuses, and those working to defend human rights. There is also a key focus in advocating for indigenous rights and environmental justice, supporting self-representation, land rights, and sustainable access to resources.","<h6>The recognition of Aboriginal land and resource-related rights and claims, primarily in the common-law jurisdictions of Australasia and North America, as matters of legal status, political and historical treatment.</h6>
<p>This research has caused widespread change in the concept of aboriginal land/resource title and has fundamentally changed the relationship between aboriginal people and the state. It has underpinned the reversal of the conception that aboriginal territories held by the British Crown were terrae nullius (nobody’s land), rather than territories subject to the authority of indigenous polities. The impact of this work since 2013 include landmark legal decisions which resolve both contemporary and historical claims to traditional resource rights. For example, the 2014 reinterpretation of the 1840 Treaty of Waitangi in New Zealand (between the British Crown and the Māori), the 2016 recognition of Maori title over the foreshore and seabed in the Re Tipene case, and the 2018 Alderville case settlement of £640 million, benefitting 3,800 members of the seven First Nations in Canada.
<a href=""https://results2021.ref.ac.uk/impact/f3c185e7-e171-4d3d-8e6e-a00edc582d88?page=1"" target=""_blank"">Read more...</a></p>
<h6>Effective torture prevention? Detention safeguards and the reduction of torture</h6>
<p>Research showing that the best protection against torture is provided by safeguards when people are first arrested improved on previous policy which focused on monitoring detention places and prosecuting torturers. This research led UN anti-torture bodies and two prominent international NGOs to changed their approach to torture prevention and shaped policy and practice in the Republic of Georgia, Uruguay, Ethiopia, and the United Kingdom, leading to greater protection for thousands of people previously at risk of torture.
<a href=""https://results2021.ref.ac.uk/impact/26356c7e-3f46-4e91-8446-92e72ad21581?page=1"" target=""_blank"">Read more...</a></p>
",
50,3,Technology,Nuclear,Nuclear Power & Safety,"This topic addresses nuclear science, engineering, and policy research and their translation into safety standards, regulatory frameworks, and operational improvements across the nuclear sector. The research encompasses studies on reactor safety, materials, radioactive waste management, as well as radiation protection, decommissioning strategies, risk assessment, software, and modeling tools. Some case studies also consider tools for facilitating conversation and awareness in the nuclear sector.","<h6>Innovative technology for radioactive waste managemen</h6>
<p>Sheffield’s research transformed radioactive waste management by developing novel vitrification and hot isostatic pressing technologies that safely immobilise intermediate-level waste (ILW), including plutonium-contaminated materials previously lacking viable disposal routes. This work directly influenced UK nuclear waste policy and investment, leading to the planned construction of a new £100M thermal treatment plant and three demonstrator projects at Sellafield. It informed strategy at the Ministry of Defence for decommissioning nuclear submarines and underpinned key decisions by Radioactive Waste Management (RWM) and the US Department of Energy, where Sheffield’s durability testing method shaped revised standards and reduced vitrification costs at Hanford, the USA’s most contaminated nuclear site. The research, led by Professor Hyatt and his team, ensured compliance, improved safety, and significantly reduced waste volumes, while extensive public engagement raised awareness about nuclear waste risks and solutions among over a million people through media coverage and outreach.
<a href=""https://results2021.ref.ac.uk/impact/efb1ae17-75bd-48a3-8613-80e9e2d300eb"" target=""_blank"">Read more...</a></p>
<h6>Award-winning earthquake experiments underpin GBP4bn safe life extension of the UK’s fleet of Advanced Gas-cooled Reactor nuclear power stations</h6>
<p>Groundbreaking earthquake simulation research by the University of Bristol directly enabled the continued safe operation of the UK’s Advanced Gas-cooled Reactor (AGR) nuclear fleet, safeguarding over £4 billion in low-carbon electricity generation. By constructing and shaking a high-precision, ¼-scale model of a cracked AGR graphite core, Bristol provided the first physical validation of EDF and Atkins’ GCORE seismic safety modelling. This evidence persuaded the UK’s Office for Nuclear Regulation to approve safety cases for reactor life extensions—preventing premature closure of multiple AGR stations and ensuring 14% of the UK’s electricity supply remained online. The research also strengthened EDF’s long-term strategic planning and built modelling capability at consultancy partner Atkins, while raising public awareness through major industry awards and the 2019 Royal Society Summer Science Exhibition. Without Bristol’s physical validation work, the UK’s AGRs would have shut from 2018 onward, posing serious risks to energy security and costing billions in lost clean energy production.
<a href=""https://results2021.ref.ac.uk/impact/7cd09281-b95e-465f-8184-1687267a9a2f"" target=""_blank"">Read more...</a></p>
",
32,2,Health,Mental Health,Mental Health & Wellbeing,"Case studies in this topic advance understandings of mental health and promote the development of sustainable, patient-centred support systems across a range of settings. Research informed policy and practices in institutions such as government, healthcare, the military, education, and social services, foregrounding mental health and wellbeing as essential aspects of public health. Many highlight the needs of underserved or misunderstood groups, particularly in low-resources or culturally specific contexts for more informed, resilient and inclusive mental health provisions. Strong emphasis is placed on developing understandings of the relationship between mental health and media. There is particular emphasis on the role of media in shaping body image, eating disorders and mental wellbeing in young people and women, as well as safeguarding against digital addiction and social media ‘echo chambers’.","<h6>Living With Feeling: Transforming Understandings of Emotional Health</h6>
<p>Explored the difference between healthy and unhealthy human emotions through a Wellcome Trust funded project ‘Living with Feeling: Emotional Health in History, Philosophy, and Experience’ (LWF). Team engaged extensively through broadcast media, particularly Prof. Dixon. He has appeared on high-profile programmes on BBC Radio 3 and 4 with a circulation of 10,754,000, and his series on ‘Five Hundred Years of Friendship’ aired in a slot that attracted 2,500,000 listeners weekly. His podcast series, ‘The Sound of Anger’ has been nominated for 3 British Podcast Awards and won in the ‘Smartest’ and ‘Wellbeing’ categories. It has been streamed 14,200 times. The LWF collaborated with The Kemnal Academies Trust (TKAT) to design and deliver the Developing Emotions programme, a series of lessons for primary school children to enhance the emotional vocabulary and understanding of primary school children. Children’s emotional vocabulary expanded by 75%, and teachers reported an improvement in behavioural issues.
<a href=""https://results2021.ref.ac.uk/impact/acdddad2-b501-4209-b477-52916e834fde?page=1"" target=""_blank"">Read more...</a></p>
<h6>Intensive post-discharge support for child and adolescent mental health clients</h6>
<p>The period after discharge from a mental health facility is associated with the highest risk of suicide and self-harm in adolescent mental health clients, due to a lack of social support and effective treatment upon discharge. Supported Discharge Service (SDS) was set up to fill this gap. SDS offers detailed assessment and evidence-based, individual, group and family treatment without significant disruption to education, family or leisure. The efficiency and cost-effectiveness of SDS has contributed to a shift away from inpatient treatment to an intensive community service delivery for longer term and more cost-effective results (average of £3,700 per patient). NHS England has now allocated £50,000,000 to post-discharge support for these patients. SDS has received international interest, with German adoption under the name ‘Hot-BITs’ (Home Treatment Brings Inpatient Treatments outside), with estimated treatment cost saving of over EUR 6,000 per patient.
<a href=""https://results2021.ref.ac.uk/impact/cf676fe4-a8c4-4a7d-b61b-320cd1773335?page=1"" target=""_blank"">Read more...</a></p>
<h6>Improving the management of physical health in people with severe mental illness in the UK NHS and internationally</h6>
<p>This research identified the widening mortality gap for people with severe mental illness (SMI) and led to efforts to improve the management of physical health in people with severe mental illness in the UK NHS and internationally. This research has contributed to the development of new prediction tools and management strategies for people with severe mental illness (SMI) that have been adopted across the NHS, such as the use of the Lester tool for cardiovascular screening. This research led to the inclusion of annual cardiovascular screening for all patients with SMI as a central principal of the NHS 2019 Long Term Plan. It was fundamental to the development of a RightCare pathway for people with SMI in local health systems in England -- recommending use of the PRIMROSE intervention, an evidence-based, nurse-led service. It has also driven new guidelines worldwide on the need to effectively manage physical health among people with SMI, including The American Association Practice Guideline for the Treatment of Patients with Schizophrenia (2019), The Canadian Network for Mood and Anxiety Treatments and International Society for Bipolar Disorders (2018), the physical health of people with severe mental illness (Ireland’s Mental Health Commission, 2018), and the Excess Mortality in Persons with Severe Mental Disorders (2016).
<a href=""https://results2021.ref.ac.uk/impact/706c60cc-1eb5-46e7-9a3c-c57063d6c935?page=1"" target=""_blank"">Read more...</a></p>
<h6>Sleeping on it: using history to understand and address today's 'sleep crisis'</h6>
<p>Partnered with the National Trust (NT) in a public programming project to provide a series of exhibitions, workshops, outreach events, films, blog posts, and staff training exercises to bring public attention to the ‘sleep crisis’ and offer information and solutions based on historical research of how we used to sleep. The Tudor properly, Little Moreton Hall (LMH), hosted the bulk of the programme of events. 79,000 visitors in 2017 participated in the ‘Sleep Walk’ that demonstrated historic bedtime routines, bi-phasic sleep patterns, and sleep remedies. An increase in the number of visitors from 76,000 to 79,000 in 2017 was attributed to this attraction. The success of this partnership contributed to the NT being awarded the status of Independent Research Organisation by the AHRC on behalf of UKRI in 2019. The Children’s Sleep Charity and the British Academy partnered with ICS researchers to repurpose the educational materials developed through the NT outreach and events to engage school communities, comparing past and present healthcare strategies in relation to sleep and wellbeing, and improving public understanding of sleep’s importance for physical and mental health. The partnership with the CSC achieved the Foundation for Social Impact Award for ‘Small Charity, Big Achiever’, and the Royal Society for Public Health Award for ‘Children and Young People’.
<a href=""https://results2021.ref.ac.uk/impact/1df46b06-4549-4e59-944a-2bb2948a78fb?page=1"" target=""_blank"">Read more...</a></p>
<h6>Super Skills for Life: Transforming access to evidence-based mental health interventions for young people</h6>
<p>Research on mental disorders in young people has underpinned the development and dissemination of Super Skills for Life (SSL), a transdiagnostic mental health intervention manual for children and adolescents. The SSL is designed for ease of dissemination, for example, in Malaysia one practitioner alone delivered SSL to 718 young people and trained 781 other practitioners. It has shaped the practice of 24,906 practitioners in 24 countries and has produced positive mental health outcomes in around 600,000 young people.
<a href=""https://results2021.ref.ac.uk/impact/7a92f434-3ebb-412a-bd97-c375fc1411ca?page=1"" target=""_blank"">Read more...</a></p>
<h6>The HeadStart Learning Programme: changing policy and practice for young people’s mental health and wellbeing</h6>
<p>HeadStart Learning Programme led by the Evidence Based Practice Unit at UCL was the first large-scale investigation of resilience-based approaches to support mental health and wellbeing of young people in England. Results have changed how 6 local authorities and 300 schools with 75,000 pupils identify and support young people experiencing mental health difficulties. A further 90 secondary schools outside the HeadStart Programme, serving an additional 15,000 pupils, have also been able to experience the benefits by implementing the findings and recommendations of the programme.
<a href=""https://results2021.ref.ac.uk/impact/be9ba06e-eceb-422b-9fb5-659fe4106001?page=1"" target=""_blank"">Read more...</a></p>
<h6>Mental health in early fatherhood: evidence-based development of the first NHS screening programme</h6>
<p>As a result of Mayers’ research, the NHS introduced routine mental health checks and treatment for new and expectant fathers as of 2018. Mayers frequently appears in media to spread awareness, including The Washington Post, The Guardian, Sky News, Channel 5 News, BBC Radio 5 Live. He also worked with BBC Radio 4 on a documentary on fathers’ mental health (2019). The Movember charity worked with these research findings to launch the Movember Fathers Mental Health Business Plan, launched in 2021.
<a href=""https://results2021.ref.ac.uk/impact/f9259c22-a1dc-4973-98f8-09d22bf42991?page=1"" target=""_blank"">Read more...</a></p>
<h6>The Friendship Bench for common mental health problems</h6>
<p>The introduction of the Friendship Bench approach in Zimbabwe, allowing grass roots, community-led mental health support, has been highly successful and attracted large additional funding. The course of training for lay health workers (non-professionals trained in ‘peer-supporting’ conversation) has been funded by international bodies, e.g., Grand Challenges Canada’s award of $852,000 in 2016 to enable Friendship Benches to be available to a further 14,000 people across 33 clinics in Zimbabwe. 112 Friendship Benches have provided therapy to over 63,000 people in areas that previously had little primary healthcare. The Friendship Bench intervention has been recognised in the WHO Sustainable Development Goals (SDG) 2019 action plan. In its 2018 Depression and Anxiety Forum, the World Innovation Summit for Health (WISH) highlighted how Friendship Benches can reduce depression and increase adherence to HIV medication.
<a href=""https://results2021.ref.ac.uk/impact/5d92829b-7d6a-44e6-8fc8-73fa8f53dfd0?page=1"" target=""_blank"">Read more...</a></p>
<h6>Transforming Green Exercise practice, strategy, funding and reach for vulnerable groups with complex needs</h6>
<p>Essex Green Exercise (GE) researchers were the first to demonstrate that being active in nature resulted in significant improvements in mental health. GE researchers evaluated over 60 GE programmes, enabling organisations to deliver an increased number of improved programmes with greater funding opportunities. The Wilderness Foundations built resilience in 647 vulnerable teenagers with complex mental health issues, reaching 6,000 people per year on average. The Wildlife Trusts secured £550,000 fin unding for additional programmes. Future Roots (a Dorset-based care-farming charity) secured £140,000.
<a href=""https://results2021.ref.ac.uk/impact/01789960-176c-45ac-ace1-fb9dbafac0fa?page=1"" target=""_blank"">Read more...</a></p>
<h6>Changing how we understand and respond to the rising demands of beauty</h6>
<p>Professor Widdows’ research contributed to the theory of ‘lookism’ (used to name appearance discrimination in activist circles) and the integration of the #EverydayLookism campaign into NGO practices and campaign messaging. In the three weeks following its launch, the #EverydayLookism campaign received 74,886 video views, 13,449 engagements, and 1.03 million people saw the campaign. To date (at time of ICS authorship), the EverydayLookism blogs have over 46,000 views and the campaign has received over 800 story submissions. Anti-bullying campaign Ditch the Label included a chapter on lookism in the Annual Bullying Survey for the first time in 2019. The Mental Health Foundation’s briefing paper ‘Image-editing Apps and Mental Health’ recommended engagement with #EverydayLookism. Widdows’ comments in support of this paper were quoted in 264 outlets, reaching an audience of 11.6 million. Widdows’ work was instrumental in the intervention of the Nuffield Council of Bioethics (NCoB) in the report ‘Cosmetic Procedures: Ethical Issues’ (2017).
<a href=""https://results2021.ref.ac.uk/impact/0ed64964-8120-4c31-98d8-125681332b83?page=1"" target=""_blank"">Read more...</a></p>
<h6>Journey into SPACE: evidence-based design of an app to reduce digital addiction</h6>
<p>The SPACE app offers users real-time harm-reduction strategies for those struggling with digital usage. It promotes self-control and helps users achieve life/phone balance. It has been downloaded more than 2,000,000 times and has 1,000,000 active users in 21 countries. It has a user rating of 4.2/5 and was featured as an ‘Essential App’ on Google’s Play Store. User data suggests that app users spend an average of 2h46m on their phones per day compared to the average US citizen usage of 3h54m.
<a href=""https://results2021.ref.ac.uk/impact/9fc5e745-4c52-40c8-a5cb-c0b7903516ce?page=1"" target=""_blank"">Read more...</a></p>
<h6>ICD-11 Complex Posttraumatic Stress Disorder: Introduction of a new psychological disorder and a tailored diagnostic assessment tool</h6>
<p>This research contributed to the World Health Organisation's (WHO) classification of C-PTSD as a recognised disorder, and the development of the only globally recognised and utilised tool for its assessment, the International Trauma Questionnaire (ITQ). The ITQ is freely available online in 22 languages and is recommended by the President of the UK Psychological Trauma Society and the lead of the Royal College of Psychiatrists. Organisations have used the ITQ for research on around 50,000 participants.
<a href=""https://results2021.ref.ac.uk/impact/cd426ab6-5fd3-4946-bee1-9cce2837b225?page=1"" target=""_blank"">Read more...</a></p>
<h6>The Improving Access to Psychology Therapies (IAPT) programme: better recovery for people with anxiety disorders and depression</h6>
<p>The (Improving Access to Psychology Therapies) IAPT programme has trebled in sized from 2013-2020, from seeing 434,000 people a year with depression and/or anxiety related problems to ~1,200,000 people per year. In its Long Term Plan, the NHS has committed to increase this usage further. The recovery rate for those who received a course of psychological treatment has improved from 43-52% in England during the REF period (meaning that 230,000 more people recover and 314,000 more improve than in 2013). The media and international impact has been such that an article discussing IAPT in the Canadian Globe and Mail was simply titled ‘For better mental health care in Canada: look to Britain’.
<a href=""https://results2021.ref.ac.uk/impact/d8af81e0-9d32-4b87-817e-8bc4e15b34bb?page=1"" target=""_blank"">Read more...</a></p>
<h6>Hellblade: engaging video game players with Viking culture and contributing to success and innovation within the creative sector</h6>
<p>Researchers brought together Anglo-Saxon and Viking history and Neuroscience to aid game developers in designing an accurate depiction of a Viking world and of the experience of psychosis. The resulting game, Hellblade, allows players to engage with a unique depiction of psychosis in a particular historical context as the main character embarks on a journey to rescue their dead lover from the underworld while suffering from a curse that causes them to experience the voices of spirits in their head. This case study is an excellent example of interdisciplinary research helping to develop public understanding by repackaging the issues at hand in innovative and engaging ways.
<a href=""https://results2021.ref.ac.uk/impact/f9f197af-c18f-450f-92af-f3caaaffdca5?page=1"" target=""_blank"">Read more...</a></p>
",
76,4,Environment,Food,"Food, Diet & Health","Case studies in this topic address the complex relationships between food, diet and health across a range of contexts. Research in this topic informed NGOs, governments and the food industry on issues such as food marketing, insecurity, accessibility and sustainability. Work supports the fostering of healthy eating habits and contributes scientific understanding of diet-related diseases and development of interventions to reduce their impact. A number of case studies focus on education and early-life intervention, influencing school-based policies and lifelong health education to promote informed, sustainable dietary habits from an early age.","<h6>Breakfast research informs national school breakfast provision, local public health breakfast interventions, and Corporate Social Responsibility marketing</h6>
<p>Research demonstrating the positive impact of breakfast consumption on cognitive function, academic performance, and classroom behaviour of children and adolescents. This research led policy change in England, including the expansion of a government funded national school breakfast programme to an additional 650 schools. It also underpinned the process that brought the School Breakfast Bill into Parliament. It has had similar impacts on a food industry-funded national breakfast club programme by Kellogg, expanding to an additional 300 schools. A Local Authority Public Health breakfast intervention has been introduced to ease the impact of COVID-19 lockdown on over 2,500 children in areas of deprivation.
<a href=""https://results2021.ref.ac.uk/impact/a121c5be-7c05-4dee-b1c6-52668304c678?page=1"" target=""_blank"">Read more...</a></p>
<h6>Unhealthy food advertising to children: Impacting on a watershed policy</h6>
<p>Research directly informed change of government policy around unhealthy food advertising to children. The research proved that the earlier legislation introduced in 2009 to prevent unhealthy food advertising during children’s television programming was ineffective. The recommendations of the research were taken up by various government bodies and NGOs. The report submitted to the Childhood Obesity Inquiry in 2018 was cited as a major factor in reassessment of the policies, particularly the predictions that a watershed would reduce childhood obesity by around 5% and save the NHS £7,400,000,000. The recommendation of a watershed on unhealthy food advertising was corroborated by the Department of Health and Social Care and the UK Government implemented a 9pm watershed on unhealthy food advertising.
<a href=""https://results2021.ref.ac.uk/impact/29e46212-08ba-42b8-b899-ca94fe7c77a7?page=1"" target=""_blank"">Read more...</a></p>
<h6>Mindful Construal Reflection: A novel intervention which promotes healthier eating habits</h6>
<p>The Mindful Construal Diary and the online version, the Mindful Construal Reflection tool, allow users to identify and change their eating behaviours, particularly in relation to grazing and comfort eating. The MCR has been adopted for clinical use in several NHS trusts in the UK and has influenced practice of care internationally.
<a href=""https://results2021.ref.ac.uk/impact/f0a74be5-6b76-4bdf-9fe3-039e8c25bfe9?page=1"" target=""_blank"">Read more...</a></p>
<h6>The Sensory Play Toolkit for Parents and Professionals: A Game-Based Intervention to Increase Food Acceptance in Picky Eaters</h6>
<p>The Sensory Play Toolkit (SPT) is a free, caregiver-led, evidence-based intervention for children with ARFID (Avoidant/Restrictive Food Intake Disorder – ‘extreme picky eating’). The SPT is comprised of a 28-page paper workbook that parents and children can fill in together, designed to integrate new food experiences through play. It has provided strategies and support for parents, professionals, and organisations from 38 countries. It has been accessed by 2,500 individual families directly through download from the internet, as well as distribution by 1,500 professionals to ~52,339 users.
<a href=""https://results2021.ref.ac.uk/impact/2f323cc1-f334-4f3b-a554-b8a2685c718b?page=1"" target=""_blank"">Read more...</a></p>
",
96,6,Education,Gaelic & Welsh,Gaelic & Welsh,"Case studies in this topic worked to preserve Welsh and Gaelic languages and promote their learning to safeguard and broaden current and future usage. Several provided practical means by collating and improving access to resources such as dictionaries and online databases. Case studies also worked to recognise and improve language diversity, recognising the social and economic benefits of such multilingualism. This included introducing their official use in more settings, such as schools, workplaces and courts of law. Many underpinned governmental policies to support their acquisition and wider use. This was largely seen in language teaching in schools and online classes enabled by case studies providing resource access, teacher training and development of curricula. Addressing ‘linguistic fragility’ in native-speaking communities reconnected with heritage and supported rich cultural partnerships that fostered a strong sense of community and identity on local, regional and national scales.","<h6>GPC: The authoritative dictionary of the Welsh language</h6>
<p>The Geiriadur Prifysgol Cymru (GPC) is a historical dictionary similar to the Oxford English Dictionary. It plays a key role in standardising and promoting access to the Welsh language, receiving funding from the Welsh Government in 2016 as part of its Cymraeg 2050 project to increase the number of Welsh speakers to a million by 2015. The number of entries consulted has risen from 216,418 in 2014 to 3,236,543 in 2020. Mobile app usage increased from 303,239 in 2016 to 1,263,384 in 2020.
<a href=""https://results2021.ref.ac.uk/impact/14fccdb8-c6c1-4589-b8b1-fb5d4017a70f?page=1"" target=""_blank"">Read more...</a></p>
<h6>Language technology for Welsh as a less-resourced language</h6>
<p>This research has influenced policy as part of the Cymraeg 2050 project, fostering daily use of Welsh, providing assistive technology, and supporting the use of Welsh in industry. Cysgliad, a Welsh spelling and grammar checker, the only of its kind, is licenced to 492 public and private authorities, with an additional 5,392 individual licenses. 270,000,000 words were added to the free-use online Cysill Ar-lein corpus between 2015-2020.
<a href=""https://results2021.ref.ac.uk/impact/9a2eb1e8-bbf8-4c3d-a65f-dc68a415ffba?page=1"" target=""_blank"">Read more...</a></p>
<h6>Rediscovering Ireland’s Past in Words</h6>
<p>The Electronic Dictionary of the Irish Language is a historical dictionary that reveals the development of the language over a millennium. The dictionary has had 200,000 unique users over the last five years with nearly 3,400,000 million page views.
<a href=""https://results2021.ref.ac.uk/impact/76050866-6079-46fc-9333-c00244f48e36"" target=""_blank"">Read more...</a></p>
",
26,2,Health,Health Ethics & Data,Healthcare Ethics and Data Privacy,"This topic addresses reasearch into healthcare ethics and health data governance and their translation into policy frameworks, regulatory standards, and clinical practice guidelines. The research encompasses studies on patient privacy and data protection, clinical research governance, end-of-life care ethics, as well as digital security methods, anonymization frameworks, and ethical decision-making tools. Case studies often demonstrate how ethical research influences healthcare policy, regulatory approval processes, and professional practice standards. The topic includes examples of successful ethics-to-policy translation that improve patient safety, data security, and ethical standards across healthcare systems.","<h6>The ethical approval of mitochondrial replacement therapy</h6>
<p>In December 2014, the UK Parliament approved regulations allowing the licencing of mitochondrial replacement treatment, a pioneering medical intervention to prevent the transmission from mother to child of extremely serious genetic conditions. The process was guided by input from ethics philosophy on the Human Fertilisation and Embryology Authority (HFEA).
<a href=""https://results2021.ref.ac.uk/impact/c8dd7443-832a-4f2c-9b44-9e377bbd4022?page=1"" target=""_blank"">Read more...</a></p>
<h6>Improving the Governance and Efficacy of Rare Disease Research by Ensuring the Integration of Patients’ Perspectives</h6>
<p>Woods’ and McCormack’s research led to the inclusion of a patient representative in the governance structures of the TREAT-NMD Alliance (The Alliance). The Alliance is made up of 258 organisations. Forty percent of members of the TREAT-NMD Project Ethics Council (PEC) established by Woods and McCormack are patient advocates, bringing patient voices to responses to ethical issues related to rare disease research. The principles and consent guide, produced through workshops organised by Woods and McCormack between 2013-2018, was adopted by the International Rare Diseases Research Consortium and was translated into a code of conduct in 2015. Written compliance with the code of conduct is now a condition of access to the RD-Connect platform, thereby committing signees to implementing patient-centred values.
<a href=""https://results2021.ref.ac.uk/impact/c0247d5b-3916-4ec7-a10a-885820043b1f?page=1"" target=""_blank"">Read more...</a></p>
",
45,3,Technology,Software & Tech,"Software, Hardware & Electronics","This topic addresses software engineering, hardware development, and digital technologies research and their translation into commercial products, industrial applications, and societal benefits. The research encompasses studies on software verification, embedded systems, semiconductor design, as well as open-source development tools, formal modeling approaches, and digital platform technologies. Case studies often discuss product development, industry standards, and technological innovation across a vast range of applications. The topic includes examples of successful technology transfer including new start-up companies, open-source software adoption, hardware optimization, and digital solutions that improve efficiency, reliability, and accessibility across multiple sectors.","<h6>The Infer Tool for Automatic Verification of Memory Violations in Software System</h6>
<p>The University of Greenwich’s Computational Mechanics and Reliability Group (CMRG) has transformed high-reliability electronics design through advanced modelling techniques that predict how and when components will fail. Their work has directly informed the design protocols of aerospace leader Leonardo, removing over £30 million in design and qualification risk for critical radar systems. Collaborations with Micross Semiconductors improved understanding of hot solder dipping, enabling growth in high-reliability component refinishing services. In partnership with Microsemi, CMRG’s models enabled the adoption of 3D-printed electronics, cutting production costs and time-to-market by 10% and reducing material waste by up to 3%. Globally, the group's research has shaped IEEE standards and industry roadmaps, with Professor Bailey leading the “Modelling and Simulation” chapter of the Heterogeneous Integration Roadmap—downloaded over 24,000 times—guiding global best practice beyond Moore’s Law. Their design-for-reliability methods are now embedded in practice across aerospace, defence, and electronics industries, driving quality, safety, and cost-efficiency worldwide.
<a href=""https://results2021.ref.ac.uk/impact/8e46479d-c231-403f-877f-8463220f3e4d"" target=""_blank"">Read more...</a></p>
<h6>UltraSoC Technologies - On-chip debug, monitoring and analytics infrastructures to accelerate semiconductor product development and ensure trust</h6>
<p>Essex University’s research into scalable, low-overhead on-chip debug and analytics infrastructure for complex multiprocessor systems-on-chip (MPSoCs) led to the formation of UltraSoC Technologies, a spinout that transformed semiconductor development. The novel debug architecture—compact, vendor-agnostic, and capable of real-time monitoring—enabled dramatic reductions in development time and cost, doubling profitability and improving safety and reliability in consumer, industrial, and automotive chips. UltraSoC licensed its technology to over 20 major semiconductor firms including ARM, Intel, Huawei, and Seagate, and became the de facto debug standard for RISC-V processors. Its capability to detect faults, bugs, and cyber threats in deployed systems led to its acquisition by Siemens in 2020, integrating into the global giant’s silicon lifecycle management strategy. UltraSoC’s technology, built on Essex’s foundational research, now underpins mission-critical chips across AI, automotive, storage, and cybersecurity domains, and continues to shape industry standards in silicon trust, resilience, and performance analytics.
<a href=""https://results2021.ref.ac.uk/impact/8c523aaf-e2ad-443d-b6dd-d88b90261e27"" target=""_blank"">Read more...</a></p>
<h6>GraphicsFuzz: Reliable and Secure Graphics Programming</h6>
<p>GraphicsFuzz, developed at Imperial College London, is a groundbreaking tool that uses metamorphic testing to automatically uncover critical bugs in GPU compilers and drivers. Originating from research into reliable many-core programming, it found serious security vulnerabilities in compilers from all major GPU vendors, prompting the spin-out of GraphicsFuzz Ltd., which was acquired by Google in 2018. Now integrated into Google's Android and Chrome platforms—used by billions of people—GraphicsFuzz is essential to ensuring graphics driver reliability, with its tests embedded in the Android Compatibility Test Suite and Vulkan Conformance Test Suite. The research also led to GPUVerify and CLsmith, tools adopted by ARM and Codeplay to improve verification and testing of GPU software, collectively making GPU applications safer, more secure, and more robust for global users.
<a href=""https://results2021.ref.ac.uk/impact/ca07920b-696f-4e70-9c46-226f4288cdce"" target=""_blank"">Read more...</a></p>
<h6>Sensorless control of high efficiency drives for consumer appliance</h6>
<p>Newcastle University’s research into sensorless control of electric motors has delivered major advances in electronics for consumer appliances. By eliminating the need for physical position sensors, the technology uses voltage and current measurements to digitally estimate rotor position—significantly reducing component count, cost, and control complexity. This innovation enables highly compact, ultra-high-speed brushless motors (over 110,000 rpm), which are smaller, lighter, and more energy efficient than traditional designs. Adopted by UK-based manufacturer Dyson in its Supersonic hair dryer and extended to next-generation vacuum platforms, the sensorless control system supports advanced motor integration, improved production consistency, and streamlined electronics architecture. It enables simplified drive electronics, better thermal management, and more ergonomic product design, while saving £7–10 million annually in production costs and helping to reduce global emissions from small electric appliances.
<a href=""https://results2021.ref.ac.uk/impact/28ae3187-c13a-4115-9e4f-12eccd4696ec"" target=""_blank"">Read more...</a></p>
",
128,7,Society,Elections,Elections,"This topic brings together research that has shaped the design, regulation, and integrity of democratic processes in the UK and internationally. Case studies address the mechanics of democracy—from electoral system design and boundary reform to the regulation of campaign finance and polling practices. Contributions include improving election polling methodologies and informing public understanding of polling accuracy, as well as shaping electoral policy, such as campaign regulation. Internationally, research has informed electoral integrity efforts, supported peaceful transfers of power, and improved democratic oversight through legislative reform and election monitoring. These impacts have strengthened public confidence in democratic institutions and enhanced the fairness and functionality of electoral systems.","<h6>Improving the Quality of British Elections: Balancing Access with Integrity</h6>
<p>This research informed policy changes and the introduction of safeguards to improve the integrity of British elections. The Electoral Commission (EC) started its Crimestoppers campaign ‘Your Vote is Yours Alone’ on the basis of research findings concerning fear of reporting fraud among vulnerable groups, especially women who might not speak English very well. The research report was welcomed by Parliamentarians, helping to correct the issue of MP’s often relying on local knowledge and a few high-profile cases to make unrepresentative legal judgements. In 2019, the research recommendations became manifesto promises, election manifestos, and appeared in the Queens Speech. This work has influenced organisations and campaigns working to improve under-registration, e.g., the Democracy Fund hosted by the Joseph Rowntree Reform Trust which raised over £1 million.
<a href=""https://results2021.ref.ac.uk/impact/62e9db31-8a07-43f5-b626-062e86fc07b3?page=1"" target=""_blank"">Read more...</a></p>
<h6>Influencing the 2017 Supreme Court judgment to overturn the Presidential election result in Kenya</h6>
<p>Cardiff University research demonstrated the failure of the Kenyan Supreme Court to reinforce gains in electoral integrity made in the new constitution in 2010, and the court's risk of undermining those gains. This research underpinned challenges to the presidential election result in Kenya in 2017. AfriCOG, a leading civil society organisation monitoring issues in Kenya, drew on the research in its 2015 Policy Forum, and it was also cited by AfriCOG in their case to the International Criminal Court at the Hague in 2015 against sitting President Uhru Kenyatta and Vice-President William Ruto for their roles in post-election violence in 2007-8. The research was used in training for the Kenyan Judiciary ahead of the 2017 petition.
<a href=""https://results2021.ref.ac.uk/impact/344f955d-8973-44c4-9c83-2f55b96e47dd?page=1"" target=""_blank"">Read more...</a></p>
<h6>Informing British Democracy: The Impact of the British Election Study on the Media, Polling, and Political Party Decision-making</h6>
<p>The British Election Study (BES), led by the University of Manchester team since 2013, collaborated with ITV News to shape coverage of the 2015, 2017, and 2019 General Elections, as well as the 2016 EU Referendum. Traditional coverage relied on analysis of aggregate level data, leading to false representation of individual voters and groups. The new approach, using survey date collected before and during election campaigns, allowed ITV to better inform the audience of voter opinions and motivations. The BES research was increasingly cited following the UoM team taking over, with a more than ten-fold increase in print media articles mentioning the BES in the 6 years since UoM took over. BES research has impacted British democracy by providing data which shapes the behaviour of the Conservative and Labour parties through understanding of voter movements, campaign resources, and post-election analyses.
<a href=""https://results2021.ref.ac.uk/impact/5c4bf064-d125-4047-8e12-7f8724f45dc7?page=1"" target=""_blank"">Read more...</a></p>
<h6>Securing Elections, Defending Democracy, and Protecting Human Rights in Europe, Africa and North America</h6>
<p>Dr. Klaas’s research has led to changes in international policy to prevent authoritarian regimes that agree to hold elections from using pseudo-democratic strategies. Klaas has consulted with institutions including NATO, the UK Foreign and Cabinet Offices, the European Union, and the Italian Foreign Ministry. His work helped to enable NATO to intervene in Tunisia to ease exclusion politics and pseudo-democratic strategies related to water scarcity. Other reports have aided the Transatlantic Commission on Election Integrity (2019) to put pressure on Western governments and the Ukrainian government to safeguard early-stage democracy. His research has led to human rights lobbying in Madagascar, particularly related to human rights abuse by Chinese investors, and a greater public understanding of the debates around the ongoing decline of global democracy. His How to Rig an Election lecture given in answer to Indian President Narendra Modi’s claim that it is impossible to rig an election gathered 11,966 views on YouTube. He has appeared in over 500 media interviews since 2018 as a political expert. He has appeared on BBC Radio 4’s The Today Programme 9 times, with an average of 1,000,000 listeners each time, and his Washington Post column has an average page view of 80,062 people. His podcast series, ‘Power Corrupts’, has been downloaded 1,670,000 times across 207 countries.
<a href=""https://results2021.ref.ac.uk/impact/d5c26894-4304-4952-b0cb-7c21b3ffc55d?page=1"" target=""_blank"">Read more...</a></p>
",
67,4,Environment,Pollution,"Pollution, Emissions, Air Quality","This topic addresses air pollution research and its translation into policy, regulation, and technological solutions to protect public health and environmental quality. The research encompasses studies on the health impacts of both outdoor and indoor air pollution, as well as sampling/sensing technologies, statistical modeling approaches and air quality data are included. Case studies often demonstrate how scientific evidence influences policy interventions and applications extend across public health policy, environmental regulation, urban planning, industrial compliance, climate change mitigation, and technological innovation in air quality monitoring and pollution control systems.","<h6>Improving Indoor Air Quality and Ventilation Standards in UK Housin</h6>
<p>Glasgow School of Art’s Mackintosh Environmental Architecture Research Unit (MEARU) has significantly advanced understanding of how airtight, low-energy housing can compromise indoor air quality (IAQ), with profound implications for occupant health. Their research exposed how poor ventilation and lack of occupant awareness result in high levels of carbon dioxide, humidity, and airborne pollutants—conditions linked to respiratory problems and other health risks. MEARU’s findings directly influenced changes to Scottish Building Standards in 2015, improving ventilation design in over 86,000 new homes. Their work has also shaped architectural practice, public health guidance, and housing association policy, contributing to reduced emissions in retrofit housing, improved occupant wellbeing, and wider recognition of indoor pollution as a key health issue in energy-efficient homes.
<a href=""https://results2021.ref.ac.uk/impact/391afce9-969f-4cb3-9661-e3b0937e8a81"" target=""_blank"">Read more...</a></p>
<h6>Robust and reliable digitalisation of the automotive industry: improvements in 3D CFD modelling of particulate matter emissions</h6>
<p>Oxford Brookes University’s Engine Modelling Team developed cutting-edge 3D CFD models that uncovered how low piston surface temperatures in gasoline direct injection (GDI) engines lead to the formation of harmful ultra-fine particulate matter (PM), a major contributor to air pollution and global health risk. Their discovery of ‘Limiting Temperatures for the Retainment of Liquid Film’ revealed a key mechanism behind pollution spikes during engine acceleration and warm-up. This insight has driven a shift in practice at Ford Motor Company, informing new piston technologies and calibration strategies to reduce PM emissions at the source. The models have also been embedded into Siemens and Ricardo’s global engine simulation platforms, enabling industry-wide adoption of cleaner, low-emission engine design and helping meet future air quality regulations without relying solely on filtration technologies.
<a href=""https://results2021.ref.ac.uk/impact/a3a2ceb0-b807-4fde-a7aa-ed104fd3ecd4"" target=""_blank"">Read more...</a></p>
<h6>Improving air quality in Scotland’s cities using statistical modelling</h6>
<p>University of Glasgow researchers developed advanced statistical modelling tools, including a fast and accurate emulator of the ADMS-Urban air quality model, enabling the Scottish Environment Protection Agency (SEPA) to assess compliance risks and predict pollution levels across Scottish cities. These tools directly informed the National Modelling Framework and supported the design and implementation of Scotland’s Low Emission Zones (LEZs), starting in Glasgow in 2018. UofG’s high-resolution pollution mapping and health impact analyses provided critical evidence of the links between air quality and cardiovascular and respiratory diseases. Their modelling now underpins policy decisions to reduce emissions and improve urban health across Scotland.
<a href=""https://results2021.ref.ac.uk/impact/ef9888e4-71c8-4898-b2c7-708ed01c8548"" target=""_blank"">Read more...</a></p>
<h6>Definitive demonstration of the adverse cardiovascular effects of air pollution leads to policy change at the local, national and international level</h6>
<p>Groundbreaking research by the University of Edinburgh definitively demonstrated that air pollution, especially ultrafine particles from vehicle exhaust, directly harms cardiovascular health—causing vascular dysfunction, exacerbating heart disease, and crossing into the bloodstream to accumulate in diseased tissues. This work shifted scientific consensus from correlation to causation, influencing major policy changes. It prompted the British Heart Foundation to make air pollution its top prevention priority, spurred UK and Scottish clean air strategies (including Low Emission Zones), informed WHO guideline revisions, and shaped legislation across Europe. The research underpins public health campaigns and new clinical guidance, contributing to global efforts to reduce pollution and prevent cardiovascular disease.
<a href=""https://results2021.ref.ac.uk/impact/c9997a17-c3f8-45bf-a5cc-72732c93fe09"" target=""_blank"">Read more...</a></p>
",
78,4,Environment,Animals,"Animal Welfare & Health, Livestock","This topic considers the area of veterinary science and animal welfare, covering companion animal health, livestock management, and wildlife conservation. Development of improved diagnostic tools, treatment methods, and welfare assessment techniques is a large component of this topic. This topic includes case studies that demonstrate advances in disease prevention, vaccine development, genetic testing, and surveillance systems that improve animal health outcomes, as well as welfare standards through housing improvements, pain assessment tools, and evidence-based management practices across domestic, farm, and laboratory animals. Applications span across veterinary medicine, agricultural production, food safety, policy development, and conservation amongst others.","<h6>Reduction of antibiotic use and methicillin-resistant Staphylococcus aureus (MRSA) in livestock agriculture</h6>
<p>Research by the University of Cambridge identified a novel strain of MRSA (mecC) and uncovered previously unrecognized livestock-associated MRSA (LA-MRSA) in the UK food chain. These discoveries revealed significant public health risks and reshaped understanding of antimicrobial resistance transmission between animals and humans. The findings influenced UK and EU policy, including new EU legislation restricting antibiotic use in farming, and informed national risk assessments and professional guidelines. These efforts contributed to a 45% reduction in antibiotic use in UK agriculture (2014–2019), a 90% drop in use of critical cephalosporins in dairy cows, and the eradication of detectable mecC and mecA MRSA in UK food-producing animals by 2019.
<a href=""https://results2021.ref.ac.uk/impact/22a571be-eaf6-40da-89c9-ad62f5a05ca8"" target=""_blank"">Read more...</a></p>
<h6>Simultaneous administration of multiple live respiratory vaccine viruses in day-old broiler chicks for better production worldwide</h6>
<p>Research led by the University of Liverpool has transformed global vaccination practices in broiler poultry production by demonstrating that simultaneous administration of live infectious bronchitis (IB) Mass, IB Variant (793B), and Newcastle disease (ND) vaccines in day-old chicks is safe and effective. This co-vaccination strategy simplifies hatchery protocols, reduces stress, and improves bird welfare. It has been widely adopted in over a dozen countries, replacing traditional staggered vaccine schedules. Producers have reported enhanced flock performance, including reduced mortality, better feed conversion, higher body weights, and fewer carcass condemnations—translating into millions of pounds in additional revenue and benefits for commercial and smallholder farmers worldwide.
<a href=""https://results2021.ref.ac.uk/impact/856d0d10-5ed5-47b8-9379-78b9b53b9c3b"" target=""_blank"">Read more...</a></p>
<h6>Animal welfare impact assessment, Brexit and sentience policy</h6>
<p>This research has significantly influenced post-Brexit policy on sentient species in the UK. It has provided expert input into the founding of the ‘Better Deal for Animals’ (BDA) coalition, with membership of over 40 national and international UK-based NGOs. BDA has lobbied the UK government for animal welfare impact assessment and the establishment of an Animal Welfare Commission. A 2018 Parliament Petition received over 100,000 signatories, leading to debate of these matters. The Labour Party Official Opposition publicly supported an Animal Welfare Commission – as of July 2020 the implementation of sentience policy is still being decided.
<a href=""https://results2021.ref.ac.uk/impact/10afeb5d-ac48-4c17-b7fb-7c032112b7a0?page=1"" target=""_blank"">Read more...</a></p>
<h6>Extending high quality life of dogs with asymptomatic canine mitral valve diseas</h6>
<p>Research at the Royal Veterinary College led by Professor Adrian Boswood showed that early treatment of dogs with asymptomatic degenerative mitral valve disease (DMVD) using pimobendan (Vetmedin®) extends their symptom-free life by an average of 15 months. The pivotal “EPIC” trial provided strong evidence for treating dogs in the preclinical B2 stage, leading to regulatory approval for expanded drug use across the EU, UK, Australia, Japan, and China. This work has influenced international clinical guidelines, improved canine quality of life, and supported the development of a diagnostic algorithm (now a patent-pending app) to identify suitable candidates for treatment in general veterinary practice.
<a href=""https://results2021.ref.ac.uk/impact/6962213d-be63-4876-bd68-62d8deca4b4f"" target=""_blank"">Read more...</a></p>
",
2,1,Cancer,Breast Cancer,Breast & Ovarian Cancer,"This topic considers the treatment and prevention of breast cancer, ovarian cancer, and their related conditions. Development of improved therapeutic approaches, diagnostic tools, and personalized treatment strategies is a large component of this topic. Case studies for improved patient outcomes include improved treatments through risk assessment tools, radiotherapy innovations, and patient-centered care approaches, as well as cancer prevention strategies, therapy optimisations, surgical techniques, and supportive care. Initiatives often focus on clinical implementation and evidence-based decision-making to improve survival rates and quality of life for cancer patients.","<h6>Approval of Tamoxifen for Breast Cancer Preventio</h6>
<p>Research at Queen Mary University of London demonstrated that a five-year course of tamoxifen provides a 20-year preventive effect against breast cancer in women at increased risk. This pivotal evidence led to major changes in international clinical guidelines and regulatory approvals. Since 2013, tamoxifen has been recommended in the US by bodies such as the US Preventive Services Task Force and the American Cancer Society. In 2016, Australia licensed tamoxifen for preventive use and added it to the national Pharmaceutical Benefits Scheme. In 2018, the UK approved tamoxifen for primary prevention, potentially benefiting 500,000 women. The research has significantly expanded access to low-cost, effective breast cancer prevention.
<a href=""https://results2021.ref.ac.uk/impact/95423be6-2c25-4696-9656-2bdb7b606b63"" target=""_blank"">Read more...</a></p>
<h6>Reducing breast and ovarian cancer occurrences in women at high risk</h6>
<p>The University of Cambridge developed BOADICEA, a personalised, web-based tool that predicts breast and ovarian cancer risk by integrating genetic, lifestyle, and clinical data. Widely adopted across 91 countries and endorsed by NICE, the American Cancer Society, and other global health bodies, BOADICEA empowers women and clinicians to make informed decisions about preventive actions such as prophylactic surgery and enhanced screening. Its use has improved clinical outcomes, reduced unnecessary procedures, and informed national guidelines and major international screening trials, contributing to earlier cancer detection and prevention and ultimately saving lives.
<a href=""https://results2021.ref.ac.uk/impact/af220b65-4a28-4213-83cb-15f82a714838"" target=""_blank"">Read more...</a></p>
",
70,4,Environment,Weather,Weather and Climate Forecasting,"This topic considers the area of meteorological and climate science, covering weather forecasting, climate modeling, and atmospheric research. Development of improved prediction systems and observational technologies is a large component of this topic. Case studies demonstrate advances in forecasting accuracy and extreme weather attribution that improve public safety and economic outcomes, as well as climate resilience through satellite data analysis, risk assessment, and automated prediction systems. Applications are broad and span across aviation safety, urban planning, disaster risk reduction, insurance analysis, and international development amongst others. The topic also includes initiatives focused on technology transfer and capacity building to promote climate adaptation and societal resilience.","<h6>Policy implications of revised uncertainties related to climate change</h6>
<p>Research at Durham University developed foundational Bayesian statistical methods to quantify uncertainties in complex computer models of physical systems—methods that were directly adopted by the UK Met Office in the UK Climate Projections (UKCP09 and UKCP18). These projections underpin the UK’s statutory Climate Change Risk Assessments (CCRA) and the National Adaptation Programmes (NAP), informing government climate policies, infrastructure planning, and investment decisions across sectors. Durham’s work enabled more rigorous risk quantification, making probabilistic climate scenarios accessible to planners and decision-makers, and significantly enhancing the UK’s capacity for evidence-based adaptation to climate change.
<a href=""https://results2021.ref.ac.uk/impact/86ce6f7c-f491-4855-af75-45a2419b4186"" target=""_blank"">Read more...</a></p>
<h6>Satellite data processing and analysis techniques enabled better forecasting for improved drought resilience in Africa</h6>
<p>Swansea University’s GEMEO group developed new satellite-based techniques to more accurately measure atmospheric aerosols and surface albedo—two critical variables for climate and weather modelling. These methods led to high-quality global datasets that improved weather and air quality forecasts by major agencies including the UK Met Office and ECMWF. Swansea’s aerosol data significantly reduced modelling error and was integrated into ECMWF’s CAMS Reanalysis, used by the WHO and others. Their albedo data improved temperature forecasts in the Met Office’s global model and informed simulations submitted to the IPCC. Swansea’s products are now part of operational satellite services, and serve as international benchmarks for climate model evaluation.
<a href=""https://results2021.ref.ac.uk/impact/8e1018a6-68f5-4aee-89e7-d43f057ff570"" target=""_blank"">Read more...</a></p>
<h6>Global satellite data for improved climate and weather predictions</h6>
<p>Sussex University’s AstroCast project, building on astrophysics methods originally developed for space telescopes, enabled highly accurate short-term forecasting of vegetation health to support drought early warning systems (EWS) in sub-Saharan Africa. By adapting astronomical data techniques, the team developed novel models predicting Vegetation Condition Index (VCI) up to six weeks in advance with exceptional accuracy. These forecasts are now integrated into Kenya’s national EWS, influencing government and Red Cross preparedness actions and contingency funding. The tools have also been adopted by regional bodies and are guiding anticipatory drought response across Africa, strengthening institutional capacity and resilience to climate shocks.
<a href=""https://results2021.ref.ac.uk/impact/21585466-9c7e-48aa-bc88-709cf579f4e8"" target=""_blank"">Read more...</a></p>
<h6>Improved turbulence forecasts for the aviation sector</h6>
<p>Research at the University of Reading led to the development of a new clear-air turbulence forecasting algorithm—the Lighthill–Ford method—now operationally used by the US National Weather Service and private weather companies, improving flight safety, efficiency, and environmental outcomes for nearly 5 billion passengers by 2020. The algorithm significantly outperforms previous systems, extending forecast lead times and reducing unpredicted turbulence encounters. Furthermore, Reading’s discovery that climate change is increasing turbulence has catalyzed innovation across the aviation sector, prompting Airbus to develop automated turbulence-reporting systems and IATA to launch a global platform for real-time turbulence data sharing, marking a transformative shift in aviation safety and operations.
<a href=""https://results2021.ref.ac.uk/impact/2bbca9b9-cc5f-4ad7-b7ad-7e1b2393e8d3"" target=""_blank"">Read more...</a></p>
",
46,3,Technology,Data/Computing,Data Analytics and Computing Architecture,"This topic focuses on high-performance computing, data analytics, and distributed systems applications across business, scientific research, and public sectors. It encompasses supercomputing, cloud platforms, big data processing, and data governance for improved computational efficiency and decision-making. Some studies demonstrating industrial transformation including manufacturing optimization, financial services, and public sector digitalization are incorporated. Case studies also cover computational infrastructure, data science methodologies, and associated security considerations. Key themes include system scalability, algorithmic optimization, and commercial applications across finance, healthcare, manufacturing, and defense.","<h6>New computer systems for exploiting big environmental data for worldwide usability, model and policy development</h6>
<p>Research at the University of Reading has transformed the global handling of massive environmental datasets through pioneering technologies enabling petascale data analysis. Central to this achievement is the design and implementation of JASMIN, a unique computational facility supporting over 1,500 users and enabling key scientific and policy outputs, from UK biodiversity monitoring to African climate insurance services. The work also shaped the global Earth System Grid Federation (ESGF), underpinning the IPCC’s climate assessments. Standards and tools developed at Reading have been adopted by major organisations like EUMETSAT and the UK Met Office, significantly enhancing interoperability, operational efficiency, and global scientific collaboration.
<a href=""https://results2021.ref.ac.uk/impact/d3fb169c-54ee-486a-8bf7-b9fcb07661dc"" target=""_blank"">Read more...</a></p>
<h6>A secure and scalable cloud computing platform to support SMEs and public sector organisations through economic impact and efficiency gain</h6>
<p>A suite of cloud computing technologies developed at the University of Westminster—including the CloudSME Simulation Platform (CSSP), CloudiFacturing Platform (CFGP), and MiCADO—has enabled over 86 SMEs across Europe to improve efficiency and competitiveness. These tools have directly supported the creation of 550+ new products or services, generated over €100 million in turnover growth, and helped establish more than 1,100 new commercial partnerships. A commercial provider based on this technology reported strong financial returns, and public sector users in Spain and the UK have achieved measurable gains in service delivery, efficiency, and customer satisfaction.
<a href=""https://results2021.ref.ac.uk/impact/607d5cd6-8b98-4f72-a12d-b8d127714ad9"" target=""_blank"">Read more...</a></p>
<h6>Impact Lab: An Environmental and Big Data Hub for SMEs</h6>
<p>The University of Plymouth’s Environmental Futures & Big Data Impact Lab has directly supported 43 SMEs—16 via the university’s Centre of Mathematical Sciences—using advanced data analytics and machine learning techniques. Its research enabled the creation of predictive tools that reduced costs and improved efficiency in the insurance sector (e.g., for Software Solved), and increased sales for leading digital printing firm Harrier through improved demand forecasting. The Lab also addressed regional skills shortages by delivering CPD courses in Data Science and Big Data to over 200 participants, contributing to workforce upskilling and innovation adoption across multiple sectors.
<a href=""https://results2021.ref.ac.uk/impact/0aabe38e-8e5c-4c48-ad72-6f6a1eb85fb6"" target=""_blank"">Read more...</a></p>
",
134,7,Society,LGBTQ+,"Sexualities, LGBTQ+ Communities","This topic showcases case studies addressing the representation, rights and experiences of LGBTQ+ communities across a range of social, legal and cultural contexts. Research in this topic informed legal frameworks, policy and institutional practices to improve understanding of diverse sexual and gender identities and provide better protection against discrimination and hate crime. Areas of focus include cultural heritage and visibility, mental health and wellbeing, and LGBTQ+ experiences in institutions such as the police, military, education and government. Case studies also explore issues in areas such as adoption, marital law, and asylum, working to advance equity, representation and social justice for LGBTQ+ communities.","<h6>Re-shaping Approaches to LGBT+ History in the Museums, Archives and Heritage Sectors</h6>
<p>The researcher written guidebook, Prejudice and Pride, was central to the National Trust’s flagship project of the same name, broadening access to LGBT+ heritage and setting up a 2017 programme that drew over 350,000 visitors.
<a href=""https://results2021.ref.ac.uk/impact/0a94597d-56f7-456a-885a-80c9840f1869?page=1"" target=""_blank"">Read more...</a></p>
<h6>Sexualities, History and Heritage: Bringing LGBTQ Heritage into the Mainstream</h6>
<p>This project encouraged heritage sites in Britain to reference their LGBTQ (lesbian, gay, bisexual, transgender and queer) histories in their interpretation. It led Historic England to commit to a greater diversity of histories in their properties and achieved 22 new and amended listings of nationally protected sites on the National Heritage List for England.
<a href=""https://results2021.ref.ac.uk/impact/10433e15-625a-4b60-a561-f151f28ff2be?page=1"" target=""_blank"">Read more...</a></p>
<h6>Changing hearts and minds: How the stories of older LGBT people are changing attitudes, education and care</h6>
<p>RUFUS STONE is a research-based drama exploring the life of an older gay man in rural England, developed to challenge discrimination around sexuality and ageing. Grounded in in-depth qualitative research, the film addresses loneliness, marginalisation, and social stigma. It has had global impact, screened in festivals, community cinemas, and universities across 73 countries, earning awards and critical acclaim, including coverage in The New York Times.In education, the film has been adopted into teaching at universities in the UK, Portugal, Turkey, and Kazakhstan, prompting student-teachers to reconsider inherited social values. In frontline care, it has shaped diversity training at Hampshire County Council, the Alzheimer’s Society, and Help and Care UK. Staff reported a shift in awareness and empathy, with some institutions crediting the film with long-term cultural change, including inspiring the county’s first Gay Pride. RUFUS STONE has proven to be a catalyst for inclusivity in both education and care sectors.
<a href=""https://results2021.ref.ac.uk/impact/3e8c1e92-abb4-472f-a76b-cd1eaebc49ed"" target=""_blank"">Read more...</a></p>
",
122,7,Society,Military,"Military: Personnel, Ethics, Equipment, Strategy & Intelligence","This topic showcases research that has strengthened military effectiveness, ethics, and support systems across defence institutions in the UK and internationally. Case studies span improvements to personnel performance and wellbeing—including training protocols, equipment upgrades, and digital support services for veterans and families—as well as research that shaped ethical frameworks for military decision-making, drone operation, and cultural property protection. Strategic insights informed UK foreign and defence policy, enhanced defence intelligence tradecraft, and contributed to doctrine development and preparedness. Other work supported transparency in biodefence, improved weapons acquisition practices, and shaped regulation of emerging technologies such as autonomous weapons systems.","<h6>Novel biodetection technologies: protecting armed forces and civilians from biological attacks, strengthening crop protection and delivering economic impact.</h6>
<p>The University of Hertfordshire’s Centre for Research in Biodetection Technologies (CRBT) developed advanced microfluidic systems that significantly enhanced the UK’s ability to detect airborne biological threats. Their research underpinned the Biological Surveillance and Collector System (BSCS), now in service with the RAF, protecting troops from biological attacks. The system also became an export product for civilian security (Spinnaker), contributing to national safety and economic growth. CRBT’s innovations additionally led to SporeSentry, an early warning system for crop disease, now integrated with the UK-wide CropMonitor Pro platform, improving agricultural resilience and food security.
<a href=""https://results2021.ref.ac.uk/impact/d1124b30-43aa-49f1-9153-f4a87e61dcb7"" target=""_blank"">Read more...</a></p>
<h6>SafeSeas: Building Effective Capacities for Maritime Security</h6>
<p>The University of Bristol’s SafeSeas programme has significantly shaped global maritime security policy and practice by providing the first systematic analysis of maritime security capacity building. Its research informed the UK’s cross-government maritime strategy, securing a £9 million increase in maritime security spending and contributing to the creation of the UK Joint Maritime Operations and Coordination Centre. SafeSeas' Best Practice Toolkit has been adopted by the US, Nigeria, the EU, and international organisations like UNODC and the Djibouti Code of Conduct, guiding training, strategy, and investment in the Western Indian Ocean, Gulf of Guinea, and South East Asia.
<a href=""https://results2021.ref.ac.uk/impact/9b982596-d007-43d7-ba9c-f5fa43b965b0"" target=""_blank"">Read more...</a></p>
<h6>The mental health of military personnel, veterans and their families: informing policy, interventions and investmen</h6>
<p>Research from the King’s Centre for Military Health Research has provided the UK’s most authoritative evidence on the mental health of serving personnel, veterans, and their families, directly informing national policy, service provision, and investment. Through its large-scale longitudinal study, the research dispelled harmful stereotypes, influenced the UK Defence Mental Health and Wellbeing Strategy, and underpinned the creation of services like the NHS Veterans’ Transition, Intervention and Liaison Service. It shaped decisions not to adopt post-deployment screening and supported policies on women in combat roles. By identifying both unmet needs and effective interventions, the research led to tangible improvements in mental health support and reduced stigma across the Armed Forces community.
<a href=""https://results2021.ref.ac.uk/impact/88325207-ecc0-4721-aef0-3df994820e6d"" target=""_blank"">Read more...</a></p>
<h6>UoP17Drones: Killing by Drone: Implementing professional ethics training in the induction and practice of the UK’s Royal Air Force Reaper drone operators</h6>
<p>The Royal AIr Force (RAF) Reaper drones are widely deployed in combat missions in Afghanistan, Iraq and Syria since 2007.Detailed research with Reaper crews, highlighted the increased psychological and emotional jeopardy faced by crews undertaking remotely piloted air operations. This led to advocacy to both the  Inquiry by the All-Party Parliamentary Group on Drones and the RAF, on the urgency of introducing military ethics training to provide a moral framework and vocabulary to support the decision-making and mental wellbeing of Reaper crews as they make life-or-death choices. The RAF acted on the advice, introduced bespoke professional ethics training into the initial induction and asked researchers to develop and deliver training to all Reaper personnel (around 400 staff - exact number not available for security reasons) in 2018.
<a href=""https://results2021.ref.ac.uk/impact/214cf21a-38d5-4f8a-89ec-35d27090db72"" target=""_blank"">Read more...</a></p>
",
135,7,Society,Islam,Islamic Communities,"Case studies in this topic explore the representation, rights and heritage of Islamic communities, particularly within the UK. Research shaped how Islamic communities, and the Middle East more broadly, are understood in British culture and governance. It supports efforts to combat Islamophobia through clearer definitions and improved policing practices, both online and offline. Many case studies focused on fostering cross-cultural and interfaith dialogue through collaborative outreach, education, and cultural exhibitions, involving schools, councils, law enforcement, and faith communities. They also highlighted the cultural contributions of Islamic communities, promoting recognition, inclusion and social cohesion in historically divided contexts.","<h6>Creating Historical and Cultural Recognition of the British Mosque</h6>
<p>This research contributed to the recognition of several mosques by Historic England, protecting them for future generations, and integrating the architectural contribution of British Muslims into the narrative of British culture and heritage. The announcement of this Grade Listed status resulted in over 30 press articles around the world. A Ramadan Pavilion designed by Shahed Saleem was the headline installation for the V&A’s London Festival of Architecture 2021 which focused on mosque architecture. Prior to this collaboration, the history of the mosque in Britain was not represented in the V&A’s collections or programming. The Muslim Council of Britain has credited this research and its outcomes with consolidating a place for British Muslims in the history of the nation and with providing a sense of legitimacy and belonging in public discourse.
<a href=""https://results2021.ref.ac.uk/impact/d6aa3c55-8703-45d6-af6d-2f8537c9325c?page=1"" target=""_blank"">Read more...</a></p>
<h6>Changing Attitudes to Muslim Migration and the Muslim World: shaping public discourse and giving voice to migrant communities</h6>
<p>This research by Professors Sarah Hackett and Yasir Malik explores the histories and contemporary experiences of Muslim migration, identity, and integration in Europe and beyond. Their work has significantly shaped public understanding, influenced heritage practices, and supported public sector training.Through over 100 media appearances, public talks, and contributions to platforms like BBC Urdu and Critical Muslim, the researchers have challenged stereotypes and enhanced global understanding of the Muslim world. Their work has reached millions and inspired young Muslims and non-Muslims alike to re-examine Islamic history and identity.Hackett’s research changed museum and archive practices, leading to more inclusive exhibitions - like ‘Destination Tyneside’ - and new approaches to recording Muslim migrant histories. Together, the researchers have trained over 140 civil servants, diplomats, and military personnel in cultural awareness and cross-cultural communication. Their research continues to inform public discourse, enrich collective memory, and improve professional practices across sectors in the UK and internationally.
<a href=""https://results2021.ref.ac.uk/impact/82e20b96-f531-4974-b42b-38aaba1d0543"" target=""_blank"">Read more...</a></p>
",
49,3,Technology,Social Statistics,"Economic, Population, Policy Data & Statistics","This topic highlights research that has significantly enhanced the collection, analysis, and application of economic, demographic, and policy-relevant data. Case studies include improvements to numerous population censuses, mortality estimates, and life tables; the development of more accurate measures of income inequality and economic performance; and novel modelling of international development metrics. Research also shaped official statistics used by the UK Office for National Statistics and other national and international agencies. It provided important methods improvements for official statistics, e.g. better geospatial methods for boundary design as well as improved data visualisation and communication. Work in this area underpinned policymaking in fields ranging from pensions and insurance to tourism and regional governance.","<h6>How Long Do We Live? Improving the life expectancy estimation in English Life Tables 17 for better social policy</h6>
<p>Research at the University of Southampton developed advanced statistical methods for estimating mortality that underpinned the official English Life Tables No. 17, published by the ONS. These life tables, a cornerstone of UK population statistics, now offer more accurate and granular life expectancy estimates—particularly at older ages—enabling more effective policymaking in pensions, social security, and healthcare. The methods are also used by insurers and actuaries to assess longevity risk, improving the pricing and regulation of life and health insurance products. This work has been widely adopted across government and industry and was recognised with a 2020 ESRC award for its public policy impact.
<a href=""https://results2021.ref.ac.uk/impact/742a21a1-1108-4bc5-b367-bf2797775a16"" target=""_blank"">Read more...</a></p>
<h6>Improving population censuses around the worl</h6>
<p>Southampton’s research on census design and estimation has driven improvements in population censuses globally. Their statistical methods improved the 2011 UK census and informed coverage survey designs and cost models for the 2021 census, contributing to £500m in national benefits and saving £750k in survey costs. In the Netherlands, their techniques enhanced estimates of the resident population, increasing the country’s representation in the European Parliament. In Ireland and New Zealand, their methods are critical to transitioning to administrative data-based censuses, addressing overcoverage and enabling accurate estimates for marginalised groups like the Māori, ensuring inclusive policymaking and more efficient, robust censuses.
<a href=""https://results2021.ref.ac.uk/impact/51ce7226-3529-40c4-92a0-f7036297cb06"" target=""_blank"">Read more...</a></p>
",
27,2,Health,Emergency Care,"Ambulancing, Emergency Care & Disaster Response","This topic brings together research that has shaped emergency medical care, ambulance services with those focussed on disaster response at national and international levels. It includes innovations in pre-hospital care to better patient outcomes, improved triage systems, and improvements to ambulancing in emergency as well as analysis to reduce unnecessary hospital transfers. Work in this area also addressed systemic challenges like emergency department overcrowding and improved health outcomes through bettering community response and medical device access for medical emergencies. Beyond medical emergencies, research has influenced disaster preparedness and response strategies globally—enhancing community resilience, informing financial strategies for disaster recovery, and shaping UN and Red Cross policies as well as governmental, corporate and volunteer efforts to protect and support populations in crisis contexts.","<h6>Designing and implementing a digital platform to reduce A&E peak time demand across the South West through the provision of real time information to empower patient decision-making</h6>
<p>NHSquicker app enabled patients to choose the appropriate type of treatment facility for their condition, given real-time data on A&E/MIU wait times. The app was made available to 1.7 million patients since 2017, with 40,000 patients using it. It has lead to enhanced patient experience of acute care services by improving access to and use of NHS services and reducing A&E pressures during peak periods. Two early adopters of the app, TSDFT and North Devon Healthcare Trust, reported that between 2017-Feb 2019 there was a reduction in A&E attendances and an increase in MIU attendances compared to the previous year. Future work focused on scaling up the app from a regional to a national service, and to use the data collected by NHSquicker to improve the performances of services like Pathway (used by the NHS to triage 111 calls).
<a href=""https://results2021.ref.ac.uk/impact/5b7e4de5-9ccf-452e-8231-34ee3c4a7269?page=1"" target=""_blank"">Read more...</a></p>
<h6>Improving pre-hospital emergency care</h6>
<p>Research at the University of Stirling has significantly improved pre-hospital emergency care, leading to national and international changes in clinical practice. Findings on impaired awareness of hypoglycaemia informed updates to UK ambulance guidelines, ensuring tens of thousands of patients receive more effective care and follow-up advice, reducing repeat emergencies. The research also shaped service delivery and policy in leading third-sector health organisations. Separately, a low-cost handover tool developed from Stirling’s research has been adopted across the Scottish Ambulance Service, improving communication and patient safety during emergency handovers. The tool is also influencing prehospital care practices internationally, including in the United States.
<a href=""https://results2021.ref.ac.uk/impact/9bf9f90f-80d5-46ff-9cd6-3d8b2ada9e3d"" target=""_blank"">Read more...</a></p>
<h6>Enhancing community preparedness for disasters in Sri Lanka</h6>
<p>Salford’s research transformed disaster preparedness in Sri Lanka by creating MOBILISE, a digital platform enabling real-time, multi-agency collaboration for flood and landslide risk management. Replacing fragmented decision-making with shared data and situational visualisation, the platform is now integrated into national disaster systems, reaching over half the population with early warnings and improving responses for around 50,000 families. It supports the World Bank’s strategy in Sri Lanka and has improved flood alerts, community mobilisation, and post-disaster resettlement practices, significantly enhancing resilience and saving lives in climate-vulnerable areas.
<a href=""https://results2021.ref.ac.uk/impact/27ed169a-063c-46c0-b88a-77775f55e006"" target=""_blank"">Read more...</a></p>
<h6>Transforming national operational guidance for the UK emergency service</h6>
<p>Research at the University of Sheffield led to a major overhaul of ambulance services in England and Wales, directly shaping NHS policy through the Ambulance Response Programme. Sheffield’s evaluations demonstrated that new triage protocols, revised call categories, and updated response time targets improved response rates for the most critical emergencies and enabled more efficient use of resources. Based on this evidence, the reforms were implemented nationwide and incorporated into the NHS Constitution, improving care for millions of 999 callers annually. The model is now influencing ambulance service redesign in Canada, highlighting its international significance in enhancing emergency medical response.
<a href=""https://results2021.ref.ac.uk/impact/868f03c2-3282-4bb6-88ab-8273f23726b8"" target=""_blank"">Read more...</a></p>
",
124,7,Society,Intl. Relations,International Relations & Politics,"This topic brings together research that has informed and reshaped international relations, diplomacy, and foreign policy in complex and contested global contexts. It encompasses work on the strategic use of soft power, religious engagement; on border relations and identity politics as factors in regional stability; and on historical narratives that shape modern political alignments. Research has influenced UK and international policy on regions including the Balkans, East Asia, the Arab world, and even the polar zones, while also advising on constructive diplomatic engagement in both adversarial and friendly contexts. Other work has helped broker international agreements, guided policy on maritime and border security, and informed the rights and political situation of stateless populations. Across these contributions, a shared focus lies in supporting peaceful cooperation, cross-cultural understanding, and evidence-based foreign policy.","<h6>Informing national and international security policy for a changing Arctic</h6>
<p>Research at Loughborough University on geopolitical and security developments in the Arctic has directly influenced defence and foreign policy at national and international levels. It informed the UK Ministry of Defence’s first Defence Arctic Strategy and shaped its thinking through expert briefings and feedback on strategic planning documents. The work also contributed to NATO’s Strategic Foresight Analysis 2021, guiding long-term planning for all 30 member states, and supported Estonia’s successful development of its Arctic Council observer application. By highlighting the implications of climate change, increased military activity, and great power competition, the research has helped key institutions anticipate and respond to emerging Arctic security challenges.
<a href=""https://results2021.ref.ac.uk/impact/1e50e600-2796-4f0f-8f73-83ab9f413674"" target=""_blank"">Read more...</a></p>
<h6>Public Policy on Russia, Ukraine and Eastern Europe</h6>
<p>Research on politics in Post-Soviet States helped underpin the development of policy planning towards Russia and the six countries of the Eastern Partnership by European Union ( EU) Member States, the EU and other international institutions. Regular closed-door briefings at the Foreign and Commonwealth Office and Cabinet Office have informed new UK ambassadors to the region and helped with the drafting of in-house policy papers.The Prime Minister was briefed in the context of Ukraine's revolutionary Maidan events in February 2014. A researcher led team of the Organisation for Security and Cooperation in Europe ( OSCE) experts conducted a Needs Assessment Report for the deported peoples in Crimea in 2013-14.
<a href=""https://results2021.ref.ac.uk/impact/09e0b075-5d4f-435a-b161-08c9d5b45ffb"" target=""_blank"">Read more...</a></p>
",
109,7,Society,Workplaces,"Workplaces: Wellbeing, Organisation, Regulation","This topic brings together research that has shaped how workplaces promote wellbeing, manage risks, and organise work. A key focus is improving mental health, emotional resilience, and job quality through changes to HR policies, health and safety practices, and support systems across sectors—from policing and law to gig economy platforms. Case studies explore how organisations address workplace conflict, bullying, and stress; how they embed ethical practices; and how work design influences both productivity and employee wellbeing. Research has also guided public bodies and trade unions in reforming employment relations, modernising management structures, and promoting fair and decent work. At its core, this topic reflects a commitment to creating more humane, effective, and sustainable workplaces through evidence-based policy and practice.","<h6>Fairwork: Improving Working Conditions in the Digital Gig Economy</h6>
<p>Research led by the University of Oxford’s Fairwork project developed five principles for fair digital labour—covering pay, conditions, contracts, management, and representation—which are now used to evaluate platform work in 23 countries. These principles directly improved working conditions in South Africa, where platforms like NoSweat, SweepSouth, and GetTOD changed practices to align with Fairwork standards. In the UK, Fairwork research contributed to a legal judgment extending PPE rights and health protections to 4.7 million gig workers during COVID-19. The principles have also been adopted into labour policy by the Berlin state government and embedded in Germany’s national digital strategy, supported by over €670,000 in federal funding for a global secretariat.
<a href=""https://results2021.ref.ac.uk/impact/5054901c-e43d-4477-b7e6-9e3b7c31aa43"" target=""_blank"">Read more...</a></p>
<h6>Transforming worldwide policy and practice to prevent psychosocial risks at work and work-related stress</h6>
<p>Research at the University of Nottingham led to the development of PRIMA-EF, a best-practice framework for managing psychosocial risks and work-related stress. Adopted by the WHO’s 193 member states and used by global and national organisations including the ILO, ISO, and national standards bodies in the UK, Canada, Denmark, Ireland, and Australia, PRIMA-EF has directly shaped international policy and workplace practices. It informed Canada’s national standard, Italy’s workplace regulation, Ireland’s “Work Positive” tool, and ISO 45003, the first international standard on workplace psychological health. It has also been adopted as corporate practice in major organisations like Equinor.
<a href=""https://results2021.ref.ac.uk/impact/e75ed1d7-3fc6-4f37-a408-9c5ee3f7af0b"" target=""_blank"">Read more...</a></p>
<h6>Delivering optimal solutions to enhance organisational capability</h6>
<p>The University of Wolverhampton’s applied research in the Architecture, Engineering and Construction (AEC) sector has enhanced organisational capability across people, processes, and technology. Key impacts include a globally available stress management app adopted by over 50 companies; health and safety improvements via collaboration with the Institution of Civil Engineers; and co-created innovations through the Sustainability and Construction Futures Research and Innovation Centre. This work has transformed high-value manufacturing processes, increasing business turnover and job creation, and led to the formation of a new VR/AR company delivering services to the construction sector.
<a href=""https://results2021.ref.ac.uk/impact/2f6e70b2-c79f-42d8-a0c9-45425cbd8786"" target=""_blank"">Read more...</a></p>
<h6>Changing Employment Policy and Practice in Adult Social Care in England and Wales.</h6>
<p>The Welsh Government used this research showing the relationship between employment conditions for adult social care (ASC) workers and the quality of domiciliary care to change employment regulations and introduce legislation that curbs zero-hour contracts and ensures that travel and care times are clearly identified. This change has affected the employment conditions of 19,500 workers and the care provided to 23,000 people.
<a href=""https://results2021.ref.ac.uk/impact/40041629-e3fb-49fc-9208-0c3be77201aa?page=1"" target=""_blank"">Read more...</a></p>
",
65,3,Technology,Vehicle Eng.,Vehicle & Train Engineering,"This topic addresses vehicle engineering and includes case studies across modelling, analysis and design of vehicles and their components. Case studies are often concerned with improving sustainability of vehicle manufacture and operation, reducing emissions and improving efficiency. Further considerations are developments in safety, maintenance requirements, performance and reliability. Some works also consider vehicle care, maintenance and preservation.","<h6>Improving the competitiveness and sustainability of UK Automotive Industries</h6>
<p>Loughborough University’s research in automotive simulation, calibration, and aerodynamics has significantly enhanced the competitiveness and sustainability of the UK automotive and motorsport sectors. Collaborations with Ford and Jaguar Land Rover led to new powertrain calibration technologies saving Ford $12 million annually and reducing CO₂ emissions by an estimated 7.5 million tonnes per year. Vehicle drivability and design were improved through new engine mapping and aerodynamic solutions, such as a novel flow-through rear spoiler at Jaguar Land Rover. Off-road tyre models and dynamic simulation tools were also integrated into industry-standard software, improving vehicle safety and performance while reducing development costs.
<a href=""https://results2021.ref.ac.uk/impact/cf410ff5-5532-4340-88b9-cfcd00b74305"" target=""_blank"">Read more...</a></p>
<h6>Optimisation of Railway Wheel Profile Design and Maintenanc</h6>
<p>Research at the University of Huddersfield’s Institute of Railway Research led to optimised wheel profile design and maintenance practices that improved safety, performance, and cost efficiency across the UK rail network. A tram-train wheel profile developed for dual use on tram and heavy rail lines was instrumental to the success of Sheffield’s pioneering £125m tram-train pilot and has influenced plans in over ten UK cities. The team’s work on Economic Tread Turning (ETT) resulted in changes to national railway standards, enabling cost savings estimated at £880k–£5.1m annually. Trials by Alstom and Porterbrook extended wheelset life by up to 43% and 25%, respectively, while predictive maintenance tools based on this research were commercialised in Alstom’s Trainscanner and MRX Technologies’ Surface Crack Measurement system.
<a href=""https://results2021.ref.ac.uk/impact/da05a21b-659d-4f74-97ef-fa1906637458"" target=""_blank"">Read more...</a></p>
<h6>Multi-parametric dynamic analysis of lightweight car parts</h6>
<p>Collaborative research between Keele mathematicians and TPV Automotive led to the development of advanced multi-parametric dynamic modelling methods for lightweight, high-contrast car components. These methods allowed engineers to optimise material and geometric configurations for components such as cross-car beams and control arms, reducing weight by 15% and lowering carbon emissions and energy consumption by up to 21% and 15%, respectively. The techniques were applied within major EU-funded projects (EVA4green and EAGLE), contributing to 22 new products, 40 innovations, and 16 international patent applications. Keele researchers also helped upskill TPV’s R&D team through professional development workshops and co-authored a Slovenian-language textbook, changing design practices and shortening development cycles.
<a href=""https://results2021.ref.ac.uk/impact/6bfa73dd-c600-4778-a33f-39393c5ce958"" target=""_blank"">Read more...</a></p>
",
41,3,Technology,VR & Games,"Virtual Reality, Video Games, Creative Digital Industries","This topic focuses on immersive technologies (VR/AR) and Human-Computer Interaction applications across healthcare, manufacturing, education, and entertainment. It encompasses user experience design, industry collaboration, and research translation for improved business processes and creative economy development. Case studies cover immersive technologies, digital innovation, and academia-business collaboration. Key themes include user experience design, accessibility, economic impact, and applications in gaming, healthcare, education, and cultural sectors. Public engagement and industry transformation through knowledge transfer are also incorporated.","<h6>Project Cars: impact in the games industry from practice-based research in soundtrack and audio design</h6>
<p>Creative research practice in composition, audio direction, and sound design contributed to the development of 3 globally-distributed, commercially succesful racing simulation games that reached over 5,000,000 gamers.
<a href=""https://results2021.ref.ac.uk/impact/6d56623c-857b-4de7-b10c-6fdd9b89ff1d?page=1"" target=""_blank"">Read more...</a></p>
<h6>Using immersive technology research and collaboration to catalyse creation and development of an SME</h6>
<p>Research into using Virtual Reality (VR) for pedagogical purposes led to the development of a startup and over GBP 700,000 in government investment for design and delivery of 10 VR learning environments. Responding to Covid-19 constraints, this project shifted from teaching in VR labs to enabling delivery of a VR experience via software like Zoom, allowing students to participate even without VR equipment. This effort attracted GBP 1,300,000 additional investment and was rolled out to 26 UK HEIs and 27 additional HEIs across 5 continents in autumn 2020.
<a href=""https://results2021.ref.ac.uk/impact/f53b35fb-f354-4445-972d-19accb319b76?page=1"" target=""_blank"">Read more...</a></p>
<h6>Using Virtual Reality for the Benefit of Patients and Medical Practitioners</h6>
<p>Research team developed a suite of immersive, interactive Virtual Reality (VR) rehabilitation systems for patients with neurological and musculoskeletal conditions, orthopaedic trauma, and chronic pain. Immersive VR experiences physically and/or psychologically enhanced the health and wellbeing of patients. Researchers further increased public awareness and improved understanding of the technology and established commercial and medical collaborations to improve healthcare and cost-effectiveness in the NHS.
<a href=""https://results2021.ref.ac.uk/impact/96a05b73-2093-4289-88e5-62ab12296583?page=1"" target=""_blank"">Read more...</a></p>
",
7,2,Health,Obesity & Diabetes,Obesity & Metabolic Diseases,"Research in this topic address the understanding, diagnosis, treatment and prevention of metabolic diseases and obesity. Case studies informed national and global public health policy, improving risk assessment and shaping preventative strategies. Work shaped governmental, health institutional and public understandings of these diseases and factors underpinning. New medical approaches enhanced treatment effectiveness and patient outcomes. Public health initiatives promoted health literacy and lifelong behavioural change from childhood through adulthood, reducing risk factors.","<h6>POWeR – cost effective online support for weight management</h6>
<p>POWeR (Positive Online Weight Reduction) helps users sustain weight loss. POWeR has been made directly available to over 2,000,000 people through partnerships with Local Health Authorities and the NHS. POWer has developed a partnership with ‘Changing Health’ for further national and international dissemination. The POWeR app has been delivered to 4,000 patients as part of the NHS Diabetes Prevention Programme and will be rolled out to a further 12,000 patients from 2020-2050. The POWeR web application has been delivered to 4,000 patients as part of the National Diabetes Education Programme and will reach a further 600,000 diabetic patients from 2020-2050.
<a href=""https://results2021.ref.ac.uk/impact/08743a0a-b72f-4163-87bb-5abaae501812?page=2"" target=""_blank"">Read more...</a></p>
<h6>A web/app based probability calculator is used worldwide to improve diagnosis and treatment of genetic diabetes</h6>
<p>Researchers developed the MODY Probability Calculator - a clinically validated, CE-marked tool that helps healthcare professionals identify patients with Maturity-Onset Diabetes of the Young (MODY), a rare but often misdiagnosed genetic form of diabetes. Since its launch, the calculator has transformed clinical practice in the UK and globally, with over 170,000 uses across 187 countries and widespread uptake through mobile apps and online platforms. The calculator has improved diagnosis rates (32% vs 24%), led to correct and more cost-effective treatments, and is now embedded in NHS genomic testing guidelines and endorsed by major international diabetes bodies including the WHO and ADA. Correct diagnosis often allows patients to stop unnecessary insulin, improves quality of life, and enables genetic testing of family members. By guiding targeted testing, it saves the NHS millions in healthcare costs, with projected savings of £20-40 million, while improving outcomes for thousands of patients and families.
<a href=""https://results2021.ref.ac.uk/impact/38b023b7-53fd-429a-8769-6ffa8bf4c62a"" target=""_blank"">Read more...</a></p>
",
89,5,Culture,Arts for Enivronment,"Environmental Art, Heritage & Spaces","Case studies in this topic aimed to deepen public engagement with environmental issues and inform policy for the protection of the environment through artist and cultural production, exhibition and collaboration. Research highlighted the cultural, social, economic and health value of nature, landscapes, and ecology, promoting sustainable change, environmental awareness, advocacy, and activism.","<h6>Atmospheric art; Portraying the climate emergency with air</h6>
<p>The Pollution Pods art instillation enabled a range of visitors, from the general public to policy makers and UN delegates, to experience various levels of air pollution, prompting better understand the implications of declining air quality for health and wellbeing. The interactive design provoked emotions and cognition to most effectively create positive behavioural change in audiences. The Pods toured globally, creating discourse across language barriers and inspiring sustained interest in air pollution among researchers, governmental bodies, and the general public
<a href=""https://results2021.ref.ac.uk/impact/eb4ece80-c319-42f5-82ac-4a22e9b88aa1"" target=""_blank"">Read more...</a></p>
<h6>Enhancing public understanding of the cultural significance of trees, and assisting preservation of trees and woodlands</h6>
<p>Stafford’s research has had measurable impact on public engagement with trees, conservation, and policy. Her authorship of the Charter for Trees, Woods and People -developed with input from 130,000 people and 70+ organisations - resulted in 144,413 individual signatories and 639 active Charter Branches across the UK. The Woodland Trust honoured each signature by planting one tree, totalling 114,000 by the 2018-19 cycle.Her book The Long, Long Life of Trees sold 25,521 copies by December 2020, significantly raising public awareness. As a ‘breakout’ success for Yale University Press, it shifted perceptions in publishing, enabling broader commercial reach in nature writing. Her 15 BBC Radio 3 programmes and 17 public book talks helped engage diverse audiences, including 230 attendees at an Oxford Botanic Garden lecture that led to a new ‘literary garden’ seen by 178,344 visitors in its first year.Stafford’s talks to professional bodies (e.g. Royal Forestry Society, 229 delegates) bridged forestry and the arts, influencing biodiversity planning in councils and the £5.7M Northern Forest Scheme. Her work inspired international initiatives, including a Dresden urban tree trail and informed Richard Powers’ Pulitzer-winning novel The Overstory. Stakeholders credit her with transforming conservation narratives, embedding emotional and cultural dimensions into environmental policy and education.
<a href=""https://results2021.ref.ac.uk/impact/6a802efa-ccb9-46bc-b40e-2d0d079961ff"" target=""_blank"">Read more...</a></p>
<h6>Nature Connections: relational engagement with nature through (co) creative practice</h6>
<p>Darlington’s research has led to measurable changes in public engagement with nature. Her book Owl Sense sold 11,618 copies and featured as BBC Radio 4’s Book of the Week (audience: 4.5 million), while her Times ‘Nature Notebook’ column reached 11.5 million monthly readers. Thematic analysis of 97 reader reviews and 64 event feedback cards (from 23 events reaching over 2,900 people) showed behaviour changes: 50% began birdwatching, 25% joined wildlife charities, 10% volunteered, and others took up nature writing. The Owl Watch campaign, based on her work, generated 380 public submissions and recorded 405 owls. Darlington’s creative methodologies were adopted by key organisations. A pilot with Effervescent and Hack Back CIC led to a 28-30% reduction in conduct issues among vulnerable children and £120k follow-on funding. At Paignton Zoo, she co-developed a creative education programme for Key Stage 2 pupils, now central to the Wild Planet Trust’s strategy. Her work with the British Trust for Ornithology led to a national education pack distributed to 16,769 schools. She also advanced women’s participation in nature. A women-only birdwatching initiative with the Barn Owl Trust saw 100% of attendees increase their knowledge, 82% gain confidence, and 73% report stronger conservation attitudes.
<a href=""https://results2021.ref.ac.uk/impact/803b7a2e-67a4-47d6-a9f9-78c7a467323d"" target=""_blank"">Read more...</a></p>
",
114,7,Society,Social Enterpreneurialism,Social Entreprises & Entrepreneurship Education,"This topic showcases how research has influenced the development of social enterprises and transformed entrepreneurship education globally. Impact includes support for small businesses and social ventures in embedding sustainability and social responsibility into their practices, often in alignment with the international development goals. Case studies highlight new models for social innovation and co-operative practice, support structures for entrepreneurship in justice and fair trade contexts, and practical tools for inclusive enterprise development in Africa and Latin America. In parallel, research has shaped entrepreneurship education across multiple sectors and continents, from developing creative pedagogies to inspiring entrepreneurial thinking among scientists, students, and youth. Together, these case studies demonstrate how entrepreneurial capacity can be built to generate both economic and social value.","<h6>Creating and growing social enterprise</h6>
<p>Research at Middlesex University’s CEEDR has driven national and international growth in social enterprise by shaping UK government policy, including strategies for Public Service Mutuals, and informing EU social enterprise guidance. Their online courses attracted over 50,000 learners globally, leading to the creation of more than 1,900 new social enterprises. CEEDR’s work also improved practices among support providers and funders, influencing major programmes like the Access Foundation and Power to Change, and helping social enterprises grow through consultancy, training, and strategic support.
<a href=""https://results2021.ref.ac.uk/impact/1142b5d9-c5f8-4e3b-a934-f840e3a85b06"" target=""_blank"">Read more...</a></p>
<h6>Inspiring science and engineering researchers: entrepreneurial career development and economic impact from the YES programme</h6>
<p>Research at the University of Nottingham led to the transformation and expansion of the Young Entrepreneurs Scheme (YES), an experiential programme for early career researchers to develop entrepreneurial skills and explore commercialising scientific research. Drawing on longitudinal and pedagogical studies, the programme introduced cross-disciplinary collaboration, online integrative learning, and industry mentoring. From 2013–2020, 2,089 researchers from 88 institutions participated, supported by 400 partners including GSK and Syngenta. An independent evaluation estimated YES contributed up to £1.8 billion in economic impact. Alumni have launched ventures in biotechnology, green energy, and science education, including a drug development firm that raised £8 million and a social enterprise reaching 40,000 schoolchildren in Malaysia.
<a href=""https://results2021.ref.ac.uk/impact/731598dd-a2bc-44bf-9c84-350244e197de"" target=""_blank"">Read more...</a></p>
",
6,2,Health,Drug Discovery,Biotech & Drug Development,"This topic focuses on pharmaceutical research and biotechnology innovation to advance drug discovery, diagnostics, and therapeutic development. Case studies show development of treatments, therapies, and drug delivery systems that improve patient outcomes. Case studies also cover enhanced diagnostic capabilities through point-of-care testing, biomarker identification, and advanced screening technologies. The topic also incorporates novel scientific methods for protein engineering, synthetic biology, and computational drug design, leading to faster and more cost-effective pharmaceutical development. Initiatives are often focused on commercialisation and technology transfer, particularly through spin-out companies and industry partnerships, to promote therapeutic innovation and economic growth in the life sciences sector.","<h6>Optimised human cell products to improve therapy development</h6>
<p>Research at the University of Cambridge significantly advanced stem cell science by uncovering the mechanisms that direct the differentiation of human pluripotent stem cells (hPSCs). This led to the development of 13 patents and the founding of the spin-out company DefiniGEN in 2012, which became the first to produce customised predictive liver models from hPSCs for pharmaceutical applications. DefiniGEN has since raised £9 million in investment, employs 17 staff, and supplies liver, pancreas, and gut cell models to clients in Europe, the US, and Japan. The research has also underpinned the creation of three additional companies—bit.bio (90 employees, $50 million investment), Hepatotarget Therapeutics, and Bilitech—which develop hPSC-derived technologies for disease modelling and regenerative therapies. These developments have improved drug development efficiency, supported international biotech innovation, and facilitated public engagement, including with the cystic fibrosis community, through accessible communication of scientific advances and contributions to patient understanding.
<a href=""https://results2021.ref.ac.uk/impact/ce1f2f5e-97e0-47b3-bf9a-46eb5ad4dbfc"" target=""_blank"">Read more...</a></p>
<h6>PARP inhibitors as a therapeutic to treat BRCA-defective cancers</h6>
<p>University of Sheffield researchers pioneered the use of PARP inhibitors to treat BRCA-deficient cancers by demonstrating, in 2005, that targeting the DNA repair enzyme PARP induces synthetic lethality in tumour cells lacking functional BRCA genes. This groundbreaking discovery led to a global patent, licensed initially to Kudos and later to AstraZeneca, catalysing development of the first-in-class drug Lynparza® (Olaparib). Approved in over 70 countries and used to treat multiple cancer types—including ovarian, breast, prostate, and pancreatic—Lynparza® and other PARP inhibitors have significantly extended progression-free survival in patients with few treatment options. The Sheffield research underpins four clinically approved PARP inhibitors and spurred an $8.5 billion collaboration between AstraZeneca and Merck. Lynparza® alone has generated over $1.2 billion in sales since 2017 and was recognised by Universities UK as a ‘Nation’s Lifesaver’, highlighting its transformative impact on global cancer therapy.
<a href=""https://results2021.ref.ac.uk/impact/8a926e15-4581-4f96-9214-5932c48d03aa"" target=""_blank"">Read more...</a></p>
<h6>Software for crystallography supporting new drug development</h6>
<p>Software developed at the University of York for macromolecular crystallography—especially the COOT platform—has become a cornerstone of global pharmaceutical research, underpinning drug discovery efforts across academia and industry. Licensed to over 150 commercial sites, COOT’s powerful tools for molecular modelling, validation, and ligand fitting are central to structure-based drug design and fragment-based drug discovery (FBDD), which has produced at least 17 known clinical trial candidates and four approved drugs since 2010. Major pharmaceutical companies including AstraZeneca, Pfizer, and Novartis have used COOT in developing blockbuster treatments, with applications extending to COVID-19 therapeutics and vaccines. The software has enabled high-throughput screening, reduced development costs, and accelerated discovery timelines, with broader impacts seen in over 240–1000 commercial drug discovery publications and citations in 278 patents globally.
<a href=""https://results2021.ref.ac.uk/impact/279bc9ca-0331-4539-95c9-17862f9e29d6"" target=""_blank"">Read more...</a></p>
<h6>C4X Discovery: generating market-leading drug candidates from cutting-edge technology</h6>
<p>University of Manchester researchers developed a breakthrough NMR-based technology that enables precise measurement of flexible 3D molecular shapes, accelerating drug discovery. Spun out into C4X Discovery (C4XD), this innovation underpinned the development of market-leading drug candidates at a fraction of traditional costs. It enabled rapid creation of C4X3256, a novel therapy for substance addiction now in clinical development via a USD294 million licensing deal with Indivior. C4XD also applied the technology to inflammatory and cardiovascular diseases, forming strategic partnerships with Takeda, Evotec, and others. The company floated on the London Stock Exchange in 2014, raising £31 million, and continues to attract investment, generating high-quality R&D jobs and expanding Manchester’s life sciences sector.
<a href=""https://results2021.ref.ac.uk/impact/a5d7ac62-cc1c-4a6c-a92f-70d305bf20f9"" target=""_blank"">Read more...</a></p>
<h6>Oxford Nanopore: Nucleic acid sequencing and diagnostics on any scale from laboratory to point of care</h6>
<p>Research on nanopore-based single-molecule sensing at the University of Oxford led to the founding of Oxford Nanopore Technologies (ONT), whose revolutionary portable DNA and RNA sequencing devices have transformed global genomics. Since 2013, ONT has raised over £507 million, expanded to 600 employees, and achieved a valuation of approximately £1.7 billion. Its technology enables rapid, low-cost, in-field sequencing and has played a critical role in public health responses to Ebola, Zika, Lassa fever, and COVID-19, including identifying SARS-CoV-2 and supporting real-time surveillance. ONT also developed LamPORE, a rapid SARS-CoV-2 diagnostic test adopted by the UK government, with 450,000 units ordered and proven near-perfect accuracy in NHS trials.
<a href=""https://results2021.ref.ac.uk/impact/262d0804-6378-48ca-93c8-5f47f0d7bd2b"" target=""_blank"">Read more...</a></p>
",
4,1,Cancer,Colorectal Cancer,Colorectal Cancer,"This topic contains case studies describing developments in the treatment and care of corectal cancers. This incorporates screening, diagnostics, surveillance, prevention, and adjuvant care, generally resulting in improved patient outcomes and/or reduced treatment costs. Case studies often detail impacts in clinical trials, as well as updates to guidelines and policy for corectal cancer.","<h6>Lynch syndrome cancer prevention with aspirin</h6>
<p>Research at the University of Leeds demonstrated that regular aspirin use significantly reduces colorectal cancer risk in people with Lynch Syndrome, a genetic condition affecting up to 200,000 in the UK. The landmark CAPP2 trial showed a 44–59% long-term reduction in cancer risk after daily aspirin use, leading to its adoption as standard preventive care in UK NICE guidelines and influencing international clinical practice across Europe, Australia, and the USA. This shift has empowered patients with a low-cost, accessible cancer prevention tool and transformed global management of Lynch Syndrome, while also driving further clinical trials to determine optimal dosage.
<a href=""https://results2021.ref.ac.uk/impact/26f1b981-6e83-43b8-bc51-06d2d9d3ecf8"" target=""_blank"">Read more...</a></p>
<h6>Improving surveillance for bowel cancer in the NHS</h6>
<p>Research at Imperial College transformed NHS post-polypectomy surveillance by showing that most patients previously recommended for regular colonoscopy after adenoma removal did not face increased colorectal cancer risk. This led to revised 2020 UK guidelines—endorsed by key national bodies—that now restrict surveillance to genuinely high-risk patients. As a result, colonoscopy workload has dropped by up to 80%, freeing up NHS resources and reducing patient exposure to unnecessary procedures. Imperial’s findings were central to the guideline revision and its national rollout, improving care targeting and system efficiency.
<a href=""https://results2021.ref.ac.uk/impact/68af854f-4d36-4c86-821d-d958fe70d17d"" target=""_blank"">Read more...</a></p>
",
57,3,Technology,Volcanology,"Volcanology, Seismology","In this topic research relating to volcanology and seismology is collated, with case studies primarily covering aspects of monitoring, modelling & prediction of events, as well as prevention and disaster response. This includes studies into public health, monitoring and sensing, and development of technologies for this. Broadly; increasing safety, public wellbeing and reducing disruption are key themes of the topic.","<h6>University of Cambridge volcanic gas monitoring systems protect life, property and livelihoods</h6>
<p>University of Cambridge research transformed volcano monitoring by developing the first automated UV spectrometer networks to track sulphur dioxide gas emissions—critical indicators of impending eruptions. First deployed on Montserrat in 2002, this system has since been adopted at 42 volcanoes across 18 countries, enabling real-time gas flux monitoring that informs life-saving evacuation and exclusion decisions. The Cambridge model helped forecast activity at sites including White Island (NZ) and Tungurahua (Ecuador), directly influencing public safety alerts. In Montserrat, it has guided safe geothermal redevelopment, while UAV-based innovations from Cambridge’s ABOVE project have empowered local communities in Papua New Guinea to remain on their land by enabling real-time, low-cost monitoring. The tools and training provided have reshaped hazard response protocols, protected at-risk populations, and enabled sustainable economic development in volcanic regions globally.
<a href=""https://results2021.ref.ac.uk/impact/49d3f820-a3ac-4862-aec0-ef112ddafd36"" target=""_blank"">Read more...</a></p>
<h6>Increasing resilience to earthquake risk in developing countries</h6>
<p>University of Cambridge research into earthquake hazard and risk led to the creation of the Earthquakes without Frontiers (EwF) partnership, which has increased resilience to seismic risk across 11 developing countries with a combined population of over one billion. EwF supported the retrofitting of buildings and the introduction of new building codes in Nepal, where all retrofitted structures withstood the 2015 earthquake, and improved hazard assessment and urban planning in cities such as Tehran, where identification of a previously unrecognised fault led to revisions in development plans. By strengthening local scientific capacity and shifting focus from short-term prediction to long-term preparedness, the partnership influenced public safety policy in several countries. In parallel, Cambridge research on seismic hazards in the Caspian region informed risk assessments for major oil and gas infrastructure projects, enabling safer and more cost-effective energy development in an area with investments exceeding $50 billion.
<a href=""https://results2021.ref.ac.uk/impact/219a70c4-2abf-46c7-b2f1-86b24fff9f42"" target=""_blank"">Read more...</a></p>
",
28,2,Health,Healthcare Professionals,Healthcare Professionals and Management,"This topic focuses on healthcare professionals (HCPs) and management of the healthcare workforce and services. This includes case studies in key areas such as; HCP education and training, from assessment to professional development and ongoing training, developing best practice and compentency; workforce management, including staff planning, performance, operational effiency and organisation; and case studies in training and support of community healthcare practitioners such as support workers and carers. Aspects of healthcare policy and regulation are naturally encompassed within this topic, and improved patient satisfaction, treatment outcomes, and service costs are often key metrics considered.","<h6>Creating better leaders in the NHS in England and Wales</h6>
<p>Research by the University of Birmingham’s Health Services Management Centre (HSMC) reshaped NHS leadership training through the co-design and delivery of the Elizabeth Garrett Anderson (EGA) and Nye Bevan programmes. These programmes, now considered the gold standard for NHS leadership development, have reached over 4,300 mid- and senior-level NHS leaders, equipping them to challenge poor practice, support staff wellbeing, and lead cross-sector collaborations. Independent evaluations show participants gained the skills and confidence to create open, inclusive cultures and deliver more person-centred care. Leadership practices improved in over 97% of NHS Trusts, with many participants promoted to influential roles and driving measurable improvements—such as raising Care Quality Commission ratings and transforming end-of-life services. The programmes have been recognised for their nationwide cultural impact and direct benefit to patients and staff across the NHS.
<a href=""https://results2021.ref.ac.uk/impact/53f3ad34-120e-4ba6-baac-29dd7fc73ab1"" target=""_blank"">Read more...</a></p>
<h6>Transforming thoracic trauma surgery education and training by design</h6>
<p>Research by Arm at Nottingham Trent University’s Flexural Composites Laboratory led to the creation of highly realistic thoracic manikins that transformed training for emergency thoracic trauma procedures. These manikins simulate organs and tissues with high bio-fidelity using composite elastomers and 3D-printed moulds, allowing surgeons and first responders to practise life-saving techniques like thoracotomy in realistic, low-risk environments. Used by the NHS, air ambulance services, UK armed forces, NATO partners, and emergency medics worldwide, the manikins have enhanced team preparedness, confidence, and competence in critical care scenarios. Commercialised by Trauma FX, the product generated over £900,000 in revenue and catalysed a merger forming Safeguard Medical, opening access to major international markets and creating new skilled jobs.
<a href=""https://results2021.ref.ac.uk/impact/d80c3b3c-6550-48f5-b4a8-8d1163f6a5e9"" target=""_blank"">Read more...</a></p>
<h6>‘Taking Care’: Enhancing UK nursing training using mixed-methods drama research to reconceptualise, teach and promote embodied ‘care’ in clinical interactions</h6>
<p>Project has helped nursing educatiors at 16 HEIs integrate resources for ethical care, ethical communication skills, and workplace empathy into the nursing curricula, benefiting 2,500 nursing trainees.
<a href=""https://results2021.ref.ac.uk/impact/73dbc3bb-1e89-40d3-bb77-8a51e505297e?page=1"" target=""_blank"">Read more...</a></p>
",
19,2,Health,Sport Events,Sporting & Public Events,"Case studies in this topic focus on the planning, management, and long-term impact of sporting and public events. This includes practical provisions such as ticketing systems, advertising, accessibility, and infrastructure. Research promoted environmental sustainability and sustainable development, with focus on the social and economic legacies of such events at both local and national levels. Work contributed to policy development in areas such as para-sports, anti-corruption, and public safety, as well as future investment strategies.","<h6>Anti-Match Fixing: Improving Global Sports Governance and Bringing Perpetrators to Account.</h6>
<p>Previously, physical evidence was required to prosecute match fixing cases. ICS research helped have this requirement removed, allowing the Court of Arbitration for Sport (CAS) to rule that evidence from betting markets was sufficient to identify match fixing. Following this ruling, FIFA ordered the replay of a match in which the referee was found to be involved in match-fixing. This was the replay that enabled Senegal to qualify for the 2018 World Cup. ICS research has also underpinned the education of athletes and coaches on match-fixing. A follow-up project, ERASMUS+, saw Liverpool partner with EU Athletes to introduce whistle-blowing apps for 3,000 athletes in 7 countries across a range of sports.
<a href=""https://results2021.ref.ac.uk/impact/13baa0be-f7c0-4808-83ae-f50e0f22e07f?page=1"" target=""_blank"">Read more...</a></p>
<h6>Sports Events as Agents of Change</h6>
<p>McPherson and McGillivray’s research has significantly shaped international sport policy, embedding diversity and inclusion into the planning and legacy of major sporting events. At the global level, McPherson advised the OECD in 2018 on its Recommendation on Global Events and Local Development, adopted by all 38 member countries. This influenced legacy planning for events in Japan, Korea, France, China, and Italy, and established McPherson as a key figure in the OECD’s ongoing steering group for global events policy. In Japan, their Paralegacy 2020 project led to policy engagement at the House of Councillors and the development of bilingual resources on disability-inclusive research. Their work directly influenced teaching materials for the ‘I’mPossible’ programme, reaching 36,000 schools nationwide. In Canada, research underpinned legacy planning for the 2015 Toronto Pan/Parapan American Games. It led to strategic changes in the Canadian Paralympic Committee’s approach, impacting five municipalities, training hundreds of parasport coaches, and improving accessibility at eight sports facilities. Locally, their findings shaped policy in Glasgow post-2014 Commonwealth Games. Engagements with Scottish Parliament and Glasgow City stakeholders influenced the city’s legacy strategy, with the research earning a Herald Game Changer Award. The Canadian partner’s workshops further supported alignment with Ontario’s Accessibility Act across five provinces.
<a href=""https://results2021.ref.ac.uk/impact/235c33b8-10d1-48c1-9e8b-dbc113fc5e19"" target=""_blank"">Read more...</a></p>
",
21,2,Health,Injuries,"Injury/Accident Prevention, Treatment, Rehabilitation","Case studies in this topic encompass the prevention and treatment of accidental injuries. This incorporates awareness, preventative measures and interventions in public health and in sports, as well as studies into diagnosis, treatment and therapy for injuries (including traumatic injuries). Aspects of public health that impact injury rates (i.e. exercise plans, nutrition, care of children and elderly/vunerable populations) are included in this topic.","<h6>A lifecourse approach to reducing the burden of osteoporotic fractures</h6>
<p>Research from the MRC Lifecourse Epidemiology Unit at the University of Southampton has directly influenced national and global clinical guidelines and policy on osteoporosis prevention and fracture care. Their work showed that Fracture Liaison Services (FLS) reduce mortality and are cost-effective, leading to over 400 FLS implementations worldwide and a 40% increase in UK osteoporosis treatment rates. Their SCOOP trial demonstrated that screening using the FRAX® tool reduces hip fractures by 28%, helping to shape 22 national guidelines and NICE quality standards. Their maternal vitamin D research led to UK and WHO recommendations on supplementation in pregnancy, contributing to better bone health in children. This lifecourse approach has improved care across all ages and reduced healthcare costs, with FLS alone estimated to have saved £800 million in the UK over five years.
<a href=""https://results2021.ref.ac.uk/impact/c37837a7-b8e3-4709-a4e3-5b6413e11532"" target=""_blank"">Read more...</a></p>
<h6>Falls prevention amongst older people: Increased reach and further impact of interventions, uptake and adherence</h6>
<p>Research from the University of Manchester has led to large-scale adoption of the Falls Management Exercise (FaME) programme, helping reduce falls, fractures, and associated healthcare costs. Since 2014, FaME has been included in Public Health England, NICE, and US CDC guidelines. Over 1,100 new FaME instructors have been trained, and by 2019, an estimated 172,000 older adults in the UK participated, potentially preventing over 420,000 falls and up to 21,000 fractures. The programme has also been adapted into digital formats and widely distributed during COVID-19 lockdowns. Additionally, Manchester’s research changed how services promote falls prevention—shifting from fear-based messaging to emphasising the benefits of participation—and developed key tools such as the Falls Efficacy Scale-International (FES-I), now used in over 120 countries.
<a href=""https://results2021.ref.ac.uk/impact/be3d165d-5c1b-4bc4-9d84-6c7d20b1146a"" target=""_blank"">Read more...</a></p>
<h6>Reducing the risk to brain health in youth football: the science that generated public debate, policy U-turns, and the banning of heading practice</h6>
<p>Research at the University of Stirling provided the first direct evidence that routine football heading causes immediate disruption to brain function. This work fundamentally changed how football heading is viewed, triggering global debate and prompting football authorities to act. Within days of publication, the Scottish Youth Football Association began reviewing its guidance, and by 2019 had advised coaches to stop heading in training for under-11s. In 2020, the Football Associations of England, Scotland and Ireland implemented UK-wide restrictions on heading for all under-18s. UEFA followed with its own Europe-wide youth heading guidelines. Stirling’s research also featured centrally in the BBC documentary Alan Shearer: Dementia, Football and Me, further raising public awareness and contributing to the commissioning of the FIELD study, which confirmed elevated dementia risk in former footballers. This body of work has had lasting public health and policy impacts, protecting millions of children across Europe from unnecessary brain injury risk.
<a href=""https://results2021.ref.ac.uk/impact/43cf86fb-9364-4aec-b0df-6e03cf087c96"" target=""_blank"">Read more...</a></p>
",
117,7,Society,Hate Crime,Hate Crime & Speech,"Case studies in this topic are concerned with monitoring, understanding and preventing hate crime and hate speech, with strong emphasis on informing public policy, legislation, and community responses. Research improved legal recognition, judicial responses, and victim support. Novel scientific approaches developed methods for identifying and measuring hate-related incidents both online and offline. Initiatives focused on raising awareness and providing accessible resources particularly within schools and community networks to promote tolerance, inclusion and understanding.","<h6>Redefining Islamophobia and Influencing anti-Muslim hate crime policy in Britain</h6>
<p>Professor Awan’s work with Tell MAMA was directly used by the All Party Parliamentary Group on Islamophobia to address the threat of online Islamophobia, and Awan has informed various other committees. This research informed social media guidelines and current policy and legal guidance in relation to racial and religiously aggravated hate crime. Awan provided training for practitioners to implement case management, recording, and reporting. The training enabled Tell MAMA to find hard-to-reach groups and support them to report Islamophobia online. These tools have been accessed by 100 mosques across the UK. Further training for Faith Associates has resulted in changes in policies and strategies, that has enabled over 200 mosques and imams to have a greater understanding of how to effectively report Islamophobia. Research contributed to the Government’s National Hate Crime Action by presenting arguments for further funding to secure buildings from attacks. The Home Office allocated £1.6 million over 3 years for the protection of faith institutions. Awan has been commissioned by the government to establish a new working definition for Islamophobia which is now officially adopted by over 800 organisations
<a href=""https://results2021.ref.ac.uk/impact/d2dc9552-25e7-45dd-80d7-eb03a12fb967?page=1"" target=""_blank"">Read more...</a></p>
<h6>The Searchlight Archive and British Extreme Right Culture</h6>
<p>Dr. Paul Jackson’s research on the extreme right has provided guidance for combatting far right extremism in Britain to professionals, organisations, and the wider public. His main work in based on analysis of historical materials of the Searchlight Archive which documents such extremism since the 1960s, collated by the anti-fascist organisation Searchlight, and available to the public since 2013 through the University of Northampton. This historically informed research was used to create Continuing Professional Development (CPD) tools for institutions and organisations supporting anti-fascist and anti-racist campaigning, such as city councils. The team also contributed to a digitisation project with Gale Cengage (2018-present) to make Searchlight accessible online and raised £10,000 in royalties for Searchlight to put towards its campaigns. The research also contributes to ongoing analysis of developments in extremism for Janes' Terrorism and Insurgency Centre, as well as national and international media outlets to raise public awareness.
<a href=""https://results2021.ref.ac.uk/impact/5c7d10cb-9a5f-4c9e-bce9-e2b6c977e142?page=1"" target=""_blank"">Read more...</a></p>
<h6>HateLab: Preventing the rising tide of hate crime and speech through influencing policy and policing</h6>
<p>Research outlining prevalence, impacts, and prevention of hate crimes formed the primary source of information for the Welsh Government’s Framework for Action on Tackling Hate Crime (2014). Researcher developed technologies were also embedded within the National Cyber Hate Crime Hub (run by the UK’s National Police Chiefs’ Council), allowing policymakers and police to more effectively address the problem of hate crimes.
<a href=""https://results2021.ref.ac.uk/impact/1f4350a8-9793-4fcc-8748-f31fe878391f?page=1"" target=""_blank"">Read more...</a></p>
",
132,7,Society,Religion,Religion/Theology,"Case studies in this topic focused on understanding and supporting the evolving role of religion and theology in contemporary society. Many case studies addressed challenges to religion in the modern world, and how institutions, governments and communities interact with religious groups, ideas and practices to support worship, affirm religious and spiritual identities, and foster interfaith dialogues. They engaged with diverse religious perspectives to promote mutual understandings, informing institutional policy changes, novel educational approaches, cultural collaboration, and frameworks for inclusivity.","<h6>The Alevi Religion and Identity Project</h6>
<p>The Research and Identity project found that the Alevi community’s social invisibility negatively impacted their sense of belonging in school and in wider society. Researchers, working closely with Alevi groups elsewhere, such as the Alevi Federation in Turkey, developed educational resources and training to facilitate the teaching of Alevism in UK schools. These materials can be accessed for free online, and the education site was accessed 23,874 times as of July 2020. The educational resources, particularly those describing Alevism, were vital supporting evidence in the community’s 2015 application to be officially recognised as a religious charity, denoting state-recognition of the religion. Researchers designed the first comparative survey that would provide empirical data about the community, map Alevi settlement in the UK, and describe the community and their transnational connections. Data collected in this survey has allowed an estimate of the size of the UK Alevi community, and ‘Alevi’ was included in the 2021 national census as a distinct religious group. This research has done much to redress the exclusion felt by Alevis from communities and institutions in the UK.
<a href=""https://results2021.ref.ac.uk/impact/3b205d1b-b779-4db4-89d1-7bbc0daff48a?page=1"" target=""_blank"">Read more...</a></p>
<h6>Demonstrating Jesus as a Historical Figure in the Public Consciousness</h6>
<p>The research had a significant impact on public understanding, media discourse, and individual well-being through its wide dissemination and engagement. The Guardian article, grounded in the scholars’ work on mythicism and the historical evidence for Jesus, attracted over 1.16 million views in four days, with more than 146,000 shares by early 2019 - figures far surpassing other pieces in the same series. This extraordinary reach indicates a strong public appetite for accessible, evidence-based discussion of Christian origins. The article provoked substantial online debate, with nearly 1,000 comments in just a few hours, and was cited in sermons, shared by prominent clergy, and used in talks across universities and churches, reaching thousands. Emails from Christian readers reveal how the article answered longstanding questions, strengthened faith, and improved well-being, especially during challenging periods like Easter. Non-Christian and interfaith readers also reported shifts in understanding and greater engagement with historical questions. The article influenced further media coverage, including responses to mythicist claims in outlets such as The Independent, MSN, and international radio and newspapers. It also led to a longer academic article that received unexpected lay readership and pastoral feedback. Overall, the research met a clear public need and produced lasting, widespread intellectual and emotional impact.
<a href=""https://results2021.ref.ac.uk/impact/886c921e-12c2-4359-adb8-322d13bc0830"" target=""_blank"">Read more...</a></p>
",
47,3,Technology,Digital Gov.,Digital Governance & Access,"This topic brings together research that has shaped how societies govern, access, and experience digital technologies. It includes efforts to tackle digital exclusion by improving skills, access, and outcomes for underserved communities, particularly in rural areas and across the Global South. Research has influenced national and international policy on digital inclusion, supported the development of digital skills frameworks, and guided NGOs and governments in measuring and addressing digital inequalities. Case studies also highlight how digital platforms have enhanced citizen engagement in policymaking and transformed public service delivery. Broader governance issues feature prominently, including challenges around internet privacy, ethical computing, and digital profiling, with research leading to changes in global professional standards, intellectual property debates, and the regulation of digital markets. Collectively, these studies demonstrate how digital access, infrastructure, ethics, and governance are increasingly central to public policy, civic participation, and social justice.","<h6>‘Human Rights are Digital Rights’: Humanizing the Internet</h6>
<p>This research on internet policy-making processes has led Professor Franklin to lead the Internet Rights and Principles Coalition (IRPC). Since 2014, the IRPC has contributed to official recognition that there is a fundamental relationship between online information, communication technologies, and human rights. IRPC information has informed internet governance at the UN, in Europe, Cameroon, Brazil, Latin America, the Middle East, and North African regions. In 2014, the IRPC Charter was cited as a best practice document by the European Agency for Human Rights. In 2014, the Council of Europe published the Guide to Human Rights for Internet Users modelled on the IRPC Charter Booklet. The IRPC Charter continues to hold influence on public debates and government policies. In 2019, Sir Tim Berners-Lee, Director of the World Wide Web consortium and founder of the World Wide Web Foundation, cited the IRPC Charter as a source in his Contract for the Web, a manifesto calling on governments, organisations, and individuals to ‘safeguard [the internet] from abuse and ensure it benefits humanity’. The Contract for the Web is backed by over 150 organisations.
<a href=""https://results2021.ref.ac.uk/impact/c39a7c40-ba6b-41bb-85fb-791112ae7f29?page=1"" target=""_blank"">Read more...</a></p>
<h6>Cloud Legal Project- Responding to the Challenges of Disruptive Technologies</h6>
<p>This research led to the launch of the Cloud Legal Project (CLP) in 2009. CLP identifies legal and regulatory issues with the Cloud. The CLP's work was the first legal research focused entirely on the Cloud, and was funded by Microsoft, Hewlett Packard, and the European Commission. It has enabled the development and implementation of legal and governance structures for Cloud Computing services to solve legal uncertainties. These legal governance structures have allowed users to negotiate better terms from Cloud service providers, such as the changing of standard terms to better reflect the needs of organisations including 1,000 UK tertiary education and research institutions. CLP research has also been used to draft European Commission legislation that enables criminal investigations by allowing access to Cloud data.
<a href=""https://results2021.ref.ac.uk/impact/a5a31d78-7eba-4ea1-b943-09a5f348803f?page=1"" target=""_blank"">Read more...</a></p>
<h6>Digital inequality, exclusion and inclusion</h6>
<p>Researchers identified that over 11 million UK citizens are non-users or limited users of digital systems. By identifying the consequences and inequities resulting of digital exclusion, researchers were able to support new policy development for digital inclusion and skills by charities, such as the Good Things Foundation and the Carnegie UK Trust. Researchers also supported the development of the UK national digital policy, including the first UK Digital Culture policy and regional digital inclusion policy for social housing organisations and local government.
<a href=""https://results2021.ref.ac.uk/impact/993ff972-bdfd-4e6d-8c05-693e287482a6"" target=""_blank"">Read more...</a></p>
",
74,4,Environment,Wildlife,Wildlife Conservation & Management,"Case studies in this topic are concerned with wildlife conservation and management. They cover key areas such as species identification and conservation strategies (i.e. relocation and reintroduction programmes), and value biodiversity. Scientific research, policy and regulatory frameworks form a key part of this topic, including international and national conservation policies, risk management and planning to mitigate biodiversity loss, hunting regulations, and scientific studies that support these policies. Finally, community engagement, education and awareness - including eco-tourism and outreach initiatives - are a valuable component of this topic.","<h6>Protecting threatened birds and their habitats across the tropics</h6>
<p>Research at Manchester Metropolitan University has significantly influenced global bird conservation, especially in tropical regions. Findings on bird population declines and habitat threats have informed the IUCN Red List status of 71 species and helped secure a global trade ban for the African Grey Parrot under CITES. The work also led to changes in conservation legislation and protected area management in Brazil, the Philippines, and Peru. The team’s distance sampling methods have been widely adopted, including in the LAWIN monitoring system used across 6 million hectares of Philippine forest, and have guided local training and data collection in 15 countries.
<a href=""https://results2021.ref.ac.uk/impact/a7fba618-b7da-43af-a928-d5d60eb465e0"" target=""_blank"">Read more...</a></p>
<h6>The discovery and protection of a new orangutan species, the Tapanuli orangutan, and sustaining and protecting existing orangutan species</h6>
<p>Research at the University of Portsmouth played a crucial role in the discovery and protection of a new great ape species—the Tapanuli orangutan—based on acoustic analysis of orangutan long calls. This discovery, confirmed in 2017, led to the species being classified as Critically Endangered, triggering global conservation measures, legal protections, and international advocacy. In parallel, the research informed new rehabilitation strategies for orangutans in Malaysia, co-developing methods to assess individual readiness for release. These methods have improved survival rates and shaped release policies, contributing significantly to the preservation of critically endangered orangutan populations.
<a href=""https://results2021.ref.ac.uk/impact/4ae298be-e442-46e7-b7b8-d0d0542b832f"" target=""_blank"">Read more...</a></p>
<h6>Transforming Practice: Novel Statistical Models for Biodiversity Monitoring</h6>
<p>Statistical research at the University of Kent has transformed biodiversity monitoring by enabling organisations to analyse large, error-prone datasets from citizen science and environmental DNA (eDNA) surveys with greater accuracy and speed. New models developed by Kent’s Statistical Ecology team underpin official biodiversity indicators published by UK and European agencies, shaping conservation policy and informing environmental reporting. The methods have also improved species prioritisation and monitoring practices for organisations such as Butterfly Conservation, Natural England, and the Bumblebee Conservation Trust. Widely adopted training and free software have further enabled conservationists worldwide to apply these advanced tools, reshaping biodiversity assessments and enhancing global responses to ecological decline.
<a href=""https://results2021.ref.ac.uk/impact/fa1239b3-be1b-458c-9306-0e74a43e6a34"" target=""_blank"">Read more...</a></p>
",
30,2,Health,Data & Healthcare,Data-driven Healthcare,"This topic focuses on the use of data to enhance healthcare for improved patient outcomes, service efficiency and cost effectiveness. It encompasses data analysis for healthcare system and workforce management. Additionally, it covers evidence-based practices for clinical trials and patient care; including data collection, data analysis, decision making, risk analysis and healthcare interventions. Furthermore, studies demonstrating impact in public health strategy including evidence-based improvements to commnunications, self-management tools and disease risk stratification are incorporated.","<h6>A solution to staff rostering problems in hospitals by means of a ‘fair’ algorithm</h6>
<p>A mathematical algorithm developed at City, University of London led to a rostering system that improves junior doctor well-being, patient safety, and cost efficiency in NHS hospitals. First implemented at Whittington Hospital, the system replaced traditional fixed rotas with personalised, fair e-rosters that reduced fatigue, ensured equitable shift allocation, and accommodated leave and training needs. All doctors using the system reported improved morale and reduced fatigue, and the department saw savings in locum costs and rota management time. The algorithm informed NHS workforce policy, supported negotiations during the 2016 junior doctors' contract dispute, and was cited in government reports and parliamentary discussions. It has since been used to enhance surgical training capacity, guide pandemic-era staff redeployment, and serve as an exemplar in NHS improvement initiatives.
<a href=""https://results2021.ref.ac.uk/impact/99501bc0-8a9e-49e6-bdbb-ccceb9370f38"" target=""_blank"">Read more...</a></p>
<h6>Improving Clinical Trials by Innovative Statistical Design</h6>
<p>Statistical research at the University of Bath has significantly improved the design of clinical trials, enabling faster, more flexible, and more cost-effective evaluation of treatments. New methods in group sequential and adaptive designs allow for early stopping or mid-trial modifications without compromising statistical validity, reducing sample sizes by 20–30% on average and expediting access to effective therapies. These methods have been applied in high-impact trials, including GATSBY and TAPPAS, and are embedded in industry-standard software used globally by pharmaceutical companies and regulators. The research has informed FDA guidance for adaptive clinical trials and has supported ethical, efficient trial conduct that saves money, protects patients, and accelerates innovation in global healthcare.
<a href=""https://results2021.ref.ac.uk/impact/b6d396eb-57e4-4c43-8194-c8fd45c2da66"" target=""_blank"">Read more...</a></p>
<h6>Estimating Health Opportunity Costs</h6>
<p>Research at the University of York on the health effects of changes in healthcare expenditure has informed impact assessments of the UK Department of Health and Social Care (DHSC). Based on the team’s findings, DHSC now uses £15,000 per Quality Adjusted Life Year (QUALY) as an empirical estimate of health opportunity costs. Since 2014, DHSC has carried out 23 impact assessments using this estimate, with a reported financial impact of £1.9billion. The York research also introduced new health opportunity costs to be considered in these assessments, which brought the total of QUALYs to be 125,846, which the DHSC values at £7.5billion. Research showing where the cost per QUALY remains less than £15,000 was key to securing rebate payments from manufacturers to the NHS, including £841,000,000 in 2019 alone. The impact of this research on policy and practice in relation to healthcare resources has aided in maximising health gains from limited resources in national and international settings.
<a href=""https://results2021.ref.ac.uk/impact/f7d3d000-8000-40cf-bbd1-414a24bd9749?page=1"" target=""_blank"">Read more...</a></p>
",
136,7,Society,Marginalisation,"Marginalized & Underrepresented Communities: Histories, Rights and Inclusion","Case studies in this topic foreground the histories, rights, and identities of marginalised and underrepresented communities across local and global contexts. They explore a wide spectrum of ethnic, racial, religious, and cultural experiences, using diverse methods such as education, exhibition, writing, artistic collaboration, and curation to amplify voices and promote dialogue. Engaging with complex and often contentious topics, including colonialism, slavery, apartheid, and migration, research deepened public understanding and fostered inclusion. Many case studies influenced policy and public opinion, working to bridge divides between communities and support the recognition and inclusion of historically silenced groups in cultural, social, and political life.","<h6>Breaking the impasse on global reparations for Afrikan enslavement</h6>
<p>Based on this research, the International Network of Scholars, and Activists for Afrikan Reparations (INOSAAR) has broken an impasse between activists and academics over reparations for transatlantic trafficking of enslaved peoples. INOSAAR has built trust between stakeholders in Europe, the Americas, and the Afrikan continent, and is the only group to have members of civil society and grassroots academia on the platform. It has developed a global community of over 30 member organisations committed to the shared Principles of Participation. INOSAAR has brought about a global declaration, the Porto-Novo Declaration, calling for the active participation of Afrikan states in the reparations movement. In the UK, INOSAAR influenced the discussion of reparations policies in the UK, resulting in Bristol, Lambeth, and Islington Councils passing motions on Atonement and Reparations for the United Kingdom’s Transatlantic Traffic in Enslaved Africans.
<a href=""https://results2021.ref.ac.uk/impact/3512eb23-5460-4b6c-8b9f-1d564c0437c2?page=1"" target=""_blank"">Read more...</a></p>
<h6>Identifying and promoting community owned solutions within marginalised communities, practitioners and policy</h6>
<p>Project COBRA researchers and staff launched the Cobra Collective Community Interest Company (CIC) to help empower marginalised communities to identify, record, promote and practice community owned solutions. This expanded the number of trained community researchers to 60, working in 13 countries. Project COBRA provided visual materials on how community owned solutions could be implemented to tackles issues such as food insecurity, domestic abuse, and environmental degradation. 30 indigenous facilitators trained in Project COBRA have been hired by more than 10 civil society organisations around the world to spread this training on the community owned solutions approach. Key policy makers are now implementing the ‘community owned’ and System Viability Framework approaches, including in DEFRA/DFIS’s work to help develop Guyana’s National Action Plan for Traditional Knowledge, which is now being used as a best practice model for other countries.
<a href=""https://results2021.ref.ac.uk/impact/d0ae6bd6-ae3d-4ef9-856e-4a0b8fbe91f9?page=1"" target=""_blank"">Read more...</a></p>
",
33,2,Health,Substance Abuse,"Drugs, Substance Abuse, Alcohol, Psychoactive Substances","This topic contains case studies pertaining to substance abuse, substance control and the treatment of affected individuals. Studies may explore drug policy and regulation, whether at local, government or international level. Also included are case studies of healthcare and support for individuals, as well as implementation of broader public health measures, as well as some relevant scientific research and neurological investigations.","<h6>Development of ground truth datasets of controlled substances to understand Global drug use</h6>
<p>Research at the University of Dundee has transformed forensic responses to synthetic drugs through the creation of unique “ground truth” datasets of novel psychoactive substances (NPS). By synthesising and characterising over 250 bespoke drug samples, researchers enabled forensic chemists, law enforcement, and prison services to rapidly identify emerging compounds, including synthetic cannabinoids and opioids. This work has helped prevent drugs entering Scottish prisons, informed new prison safety protocols, and directly contributed to the development of global drug detection policies. It has influenced national early warning systems, supported WHO drug scheduling decisions, and underpins United Nations guidance used across 193 member states. The research has also shaped operational procedures and technology deployment in Scottish prisons, informed national policy on drug use and overdose prevention, and enhanced international forensic practice via contributions to UN and UK expert panels.
<a href=""https://results2021.ref.ac.uk/impact/933182f6-de7f-40bc-9e17-ded824b00267"" target=""_blank"">Read more...</a></p>
<h6>Take-home Naloxone: developing a nasal spray and making it widely available in the community to prevent deaths from heroin and other opioid overdose</h6>
<p>Naloxone saves lives by reversing the effects of opioid overdose. Researchers pioneered the concept of pre-providing naloxone to laypeople, known as Take-Home Naloxone (THN), which led to the development of a medically approved naloxone nasal spray as a safer, easier mode of administration than injection. The United Nations (UN) and World Health Organisation (WHO) subsequently endorsed THN and recommended its wider provision globally. Over 23 countries have now implemented THN programmes, with the US alone having committed an extra $180 million in funding. Increased distribution of this intervention across the world ensures that opioid users, carers, and families have THN ready for when they need it, to save lives.
<a href=""https://results2021.ref.ac.uk/impact/b5376e41-5cdf-477b-8069-d574507817a1?page=1"" target=""_blank"">Read more...</a></p>
<h6>Improving the lives of individuals at risk of Alcohol Related Brain Damage</h6>
<p>Research by the University of South Wales has significantly improved the recognition, diagnosis, and treatment of Alcohol Related Brain Damage (ARBD), a severely underdiagnosed yet treatable condition linked to alcohol misuse. The research provided the first accurate prevalence estimates of ARBD in the UK, highlighted diagnostic shortcomings, and informed best practice in assessment and treatment. These findings directly shaped the Welsh Government’s national Substance Misuse Treatment Framework (SMTF) for ARBD, which is now influencing UK clinical guidelines. The research also underpinned professional training delivered to over 90% of frontline staff at The Pobl Group, Wales’s largest housing association. This resulted in a major increase in staff awareness, confidence, and capacity to support individuals at risk. The work has improved service delivery, prompted changes in care protocols, and received endorsement from the Royal College of Psychiatrists, positioning Wales as a leader in ARBD policy and care.
<a href=""https://results2021.ref.ac.uk/impact/45d2ef24-ee14-44b0-9330-69e3ec7a67f5"" target=""_blank"">Read more...</a></p>
",
87,5,Culture,Literature,Literature,"Work in this topic raises awareness of important historical writers and literary traditions. Case studies enhanced education around reading and literature both in schools and public settings like literary events. Research influenced provision of literary access, including library policies and online databases. Case studies showcase the social, cultural, and economic benefits of literature across communities, cities, regions and countries. They also promote the use of literature for engaging with heritage and individual and community wellbeing.","<h6>Magical Realism and Augmented Reality: Using Digital Technology to Bring Archives to New Audiences, Build Children’s Engagement with Place, and Change Ways of Working at a Cultural Organisation</h6>
<p>This case study used digital tools purposefully designed to present archival material to new public audience in novel, interactive ways. The team developed an app in partnership with Seven Stories, at the National Centre for Children’s Books, which presents literary archives to children by using Augmented Reality Technology to embed content from the Seven Stories collections into the landscape around the visitor centre. The app development brought together museum professionals, teachers, children, designers, and developers as partners in co-design. The initial trial in 2019 impacted 150 children over 5,400 hours of participant engagement. It enabled children to engage with reading and cultural heritage in new ways, and to rediscover their local environments through a new perspective. Reported impacts were particularly powerful for children from disadvantaged areas.
<a href=""https://results2021.ref.ac.uk/impact/71660d41-5dfc-4938-aa17-36c1496bb0e3?page=1"" target=""_blank"">Read more...</a></p>
<h6>Widening Access to Literature by Providing New Insights into the Lives of Writers </h6>
<p>Bradford’s research on Larkin’s photography led to major cultural engagement, including his advisory role in Hull’s 2017 City of Culture and an exhibition linking Larkin’s verse and visual art, which attracted significant public and media attention. His book inspired BBC TV’s Through the Lens of Larkin, where Bradford served as advisor and interviewee, and features in major newspapers shifted public perceptions of Larkin’s work. Similarly, Bradford’s Orwell biography generated widespread media invitations, reaching audiences of up to 2.2 million, and sparked new public debates on contemporary political issues. His success led to a £250,000 publisher investment for a literary biography series, further bridging academic research and general readership. Kennedy-Andrews and Ó Dochartaigh’s research fostered a new archival network that supported a touring exhibition on Jews in Irish literature, attracting over 5,500 visitors at PRONI alone and engaging Jewish communities in Northern Ireland and beyond. This project also enhanced public understanding and cultural preservation of underrepresented histories, gaining political support and media coverage. Murphy’s work has strengthened local cultural tourism through festivals linked to Steinbeck and Cather, engaging diverse audiences and generating international interest. White’s Beckett research influenced major arts festivals in Northern Ireland, expanding cultural participation. Overall, this research has created new cultural artefacts, broadened audience engagement, stimulated tourism, and enhanced preservation of local traditions.
<a href=""https://results2021.ref.ac.uk/impact/91971298-7ea2-4b4e-a8a4-9fa82cfe627a"" target=""_blank"">Read more...</a></p>
<h6>The Centre for New Writing: Developing New Writers and Audiences, Enriching Public Debate and Informing Arts Policy</h6>
<p>The Centre for New Writing (CNW) has advanced public understanding of gender, race, identity, and inequalities through research closely linked to community engagement in Manchester and beyond. Its work supports underrepresented writers and new audiences, influencing arts policy such as Ireland’s ‘Next Generation’ scheme, which has awarded bursaries to over 100 emerging artists since 2016. Jeanette Winterson’s 2018 Richard Dimbleby Lecture, broadcast on BBC1 and BBC2, was viewed by tens of thousands and sparked widespread online discussion, enhancing public debates on feminism and AI. Kamila Shamsie’s Orwell Lecture (350 attendees, 3,000+ YouTube views) and media appearances shaped conversations on race and citizenship, reaching millions through BBC Radio 4’s Today programme (6.8 million listeners). CNW’s ‘Literature Live’ series expanded from 6 events in 2005 to nearly 20 annually (2013–2019), hosting 120+ international writers and attracting 7,740 attendees from 2013–2018. School initiatives engaged 218 pupils from deprived areas (2017–2020), providing mentoring and fostering creative skills. Workshops in 2019 supported 33 trans and non-binary writers in safe, creative spaces. John McAuliffe’s leadership in the Irish Arts Council contributed to a €5 million funding increase and the ‘Making Great Art Work’ strategy, influencing cultural investment and artist support. CNW played a central role in Manchester’s 2017 UNESCO City of Literature designation, co-designing key cultural programs and helping secure funding for a dedicated City of Literature team. These efforts have raised Manchester’s literary profile nationally and internationally, engaging thousands and strengthening global creative networks.
<a href=""https://results2021.ref.ac.uk/impact/c2f23098-d50d-4b12-8129-e75088d3d66b"" target=""_blank"">Read more...</a></p>
",
86,5,Culture,Visual Media,Visual Media in Cultural Production,"Case studies in this topic worked with visual media in the preservation, representation, and sharing of heritage and culture. Through exhibitions, public events and museum practices, and use of novel technologies, case studies used visual media to foster greater visibility, dialogue, and inclusion, particularly for historically overlooked groups such as ethnic minorities, marginalised peoples, women, and children. They informed public understanding and promoted cultural integration and learning. Photography featured prominently in this topic, with many case studies involving exhibitions, curation practices, and wider archival access for photography.","<h6>Beyond the Physical: visual technologies and contemporary choreographic practice</h6>
<p>Multi-disciplinary research that is changing contemporary dance practice by inserting cutting-edge digital technologies into the choreographic process, such as allowing dancers to interact with animated 3D counterparts. This research is central to acclaimed modern dance works, such as SWM’s Olivier Award winning Woolf Works, and Atomos, which reached a combined audience of 778,904.
<a href=""https://results2021.ref.ac.uk/impact/d4d96c41-46f3-4a9a-a8a1-c2724422b1f0?page=1"" target=""_blank"">Read more...</a></p>
<h6>Raising Voices: Visualising Untold Stories</h6>
<p>UAL’s research in photography, filmmaking, and curation has reshaped the ethical and creative representation of marginalised communities by challenging dominant visual tropes and curatorial norms. Central to this impact is Justine (2013), Rughani’s award-winning short film (BAFTSS Research in Practice Award), used by social services and universities internationally to train assessors and students. It anchors UAL’s Ethics for Making, a global teaching tool promoting empathic documentary practices, and was screened at the UN International Day of Persons with Disabilities (2015).Through the Photography and the Archive Research Centre (PARC), Williams co-curated Seaside: Photographed (2019), funded by a £220,000 ACE grant and £10,000 from Turner Contemporary. Attracting 12,500 visitors, the exhibition revealed unseen or forgotten photographic works via an open ‘Call for Works’, expanding how British life is curated and understood. Her archive joined the Martin Parr Foundation in 2019, reflecting her significance in UK photography. Davidmann’s Ken. To Be Destroyed (2016), supported by a Philip Leverhulme Prize and nominated for the Deutsche Börse Photography Prize, included six solo and two group exhibitions, three V&A events, a book, and a co-authored article, raising awareness of trans histories globally. Hunter’s A Journey Home (2019) drew 14,252 visitors, received Arts Council funding, and featured national media coverage. Zimmerman’s Estate and Here for Life (Artangel, 2019) staged screenings in community settings and earned her the 2020 Film London Jarman Award. Together, this work has advanced inclusive, participatory methods that foreground dispossessed voices and reshape cultural narratives in museums, galleries and public discourse.
<a href=""https://results2021.ref.ac.uk/impact/5cf9ff2e-3bc5-4a2e-b4fd-3bc93a2795d2"" target=""_blank"">Read more...</a></p>
<h6>The Cartonera Publishing Project: Empowering Vulnerable Communities for Sustainable Social Change</h6>
<p>Cartonera publishing, a grassroots Latin American movement, has proven to be a sustainable and socially transformative tool for empowering marginalised communities and reshaping cultural institutions. Working with four key cartonera collectives in Mexico and Brazil, researchers co-designed arts-based workshops that reached over 1,000 participants, including homeless individuals, indigenous communities, and imprisoned people. In Brazil’s Cerrado region, 13 workshops engaged 200+ participants, including quilombola women who created Buriti-Dão, a book that fostered storytelling, income generation, and environmental awareness. In São Paulo, 18 homeless participants co-produced Mutirão, a book and housing intervention that visibly improved living conditions. In Mexico, a prison-based programme led to the creation of Wind & Mirrors and Bote Cartonero, the country’s first inmate-run publisher, inspiring the UK’s first prison cartonera initiative - Unlocked - where 100% of participants reported enjoyment and 80% noted improved literacy. On the cultural front, a São Paulo exhibition showcased 350 books from 40 collectives, drawing 2,500+ visitors and over 5 million media views. In the UK, partnerships with major libraries resulted in a 700+ book collection and events involving 1,000+ participants, including the London Cartonera Festival. These efforts are helping embed activist, decolonial approaches in libraries and empower new community-led publishing initiatives globally.
<a href=""https://results2021.ref.ac.uk/impact/ff2c2b11-4c59-436a-a008-5a27b087d831"" target=""_blank"">Read more...</a></p>
",
39,3,Technology,AI Ethics,Robot & Aritificial Intelligence: Ethics & Policy,"Case studies in this topic cover areas of artificial intelligence (AI) and robotics, and the associated ethical considerations in their use. Within AI and machine learning (ML) policies and legislation is a key theme, with topics covering aspects of human rights, data protection, usage regulations, representation and social/cultural impacts of AI. Robotics topics also consider ethics of humanoids and applications within society. Public awareness, understanding and perception of these technologies - including outreach and exhibitions - are also incorporated.","<h6>Improving the oversight and regulation of advanced digital surveillance</h6>
<p>Research at the University of Essex on the human rights implications of digital surveillance has shaped legal standards, oversight practices, and public debate in the UK and internationally. Groundbreaking independent analysis of live facial recognition (LFR) trials exposed significant legal and ethical deficiencies, influencing national guidance issued to all police forces and directly informing a landmark Court of Appeal ruling that found police use of LFR unlawful. The work underpinned surveillance policy issued by the UN and EU Fundamental Rights Agency, was cited in UK Parliament and national policy frameworks, and informed oversight by bodies such as the Investigatory Powers Commissioner’s Office. By highlighting disproportionate harms to civil liberties and marginalised groups, the research reframed the debate beyond privacy to broader rights and freedoms, catalysed civil society campaigns, and helped drive demands for stronger regulation of AI-driven policing technologies.
<a href=""https://results2021.ref.ac.uk/impact/14800d89-71f4-4d53-880d-1468eb0fa126"" target=""_blank"">Read more...</a></p>
<h6>AI: Alignment, Policy and Governance</h6>
<p>Research at the University of Oxford’s Future of Humanity Institute has significantly shaped global understanding and governance of long-term risks from advanced artificial intelligence. The publication of Superintelligence (2014) reached over 7 million people, catalysing public debate and reframing AI as not only a technical challenge but also a societal and philosophical one, requiring new approaches to policy, ethics, and international coordination. The research introduced core concepts now foundational in AI alignment and risk discourse, influencing UK parliamentary recommendations on regulation and funding, and shaping institutional policies at leading AI labs and international bodies. It also played a key role in establishing AI safety as a philanthropic funding priority, helping direct over $110 million in global grants toward work on responsible AI development and long-term safety.
<a href=""https://results2021.ref.ac.uk/impact/911191cd-84dc-48b9-bf43-89ede77fb17b"" target=""_blank"">Read more...</a></p>
",
64,3,Technology,Materials Science,Materials Science,"This topic considers the area of materials science, covering areas such as investigation of material properties and behaviours, manufacturing innovations, and performance enhancement. Development of new materials or advancement of existing material technologies is a large component of this topic. Applications are broad and span across textiles, coatings, optics, aerospace, electronics, infrastructure amongst others.","<h6>Driving a Carbon Negative Market in Europe</h6>
<p>Brunel University London’s research into sustainable wood polymer composites (WPCs) enabled Ecodek—a small importer—to transform into the UK’s leading manufacturer of durable, fully recyclable decking. With over 1 million metres produced annually and products used in 6,000+ projects including the London Olympic Stadium and Dubai’s Jumeirah Beach Walkway, Ecodek’s growth was driven by Brunel’s innovations in material formulation and waste utilisation. The company locks up 600,000 kg of CO₂ annually, recycles the equivalent of 100 million milk bottles, and supports a circular economy through buyback schemes. This partnership catalysed £8.5M acquisition, expanded R&D capacity, created 50 jobs, and established a model for carbon-negative manufacturing in Europe.
<a href=""https://results2021.ref.ac.uk/impact/acc14d05-f0e5-49e9-b962-75cb0c786250"" target=""_blank"">Read more...</a></p>
<h6>Global economic and performance impact through world-leading innovations in optical thin film manufacturin</h6>
<p>Research from the University of the West of Scotland’s Institute of Thin Films, Sensors & Imaging has led to global advances in high-performance optical coatings, addressing the demand for scalable, low-temperature, high-throughput precision manufacturing. Novel plasma-assisted deposition technologies—patented and deployed across the UK, China, and the USA—have enabled enhanced coating performance on temperature-sensitive substrates. The technology is now in production use at leading companies including Helia Photonics, Orion Photonics, Teer Coatings, and Shanghai Jason Vacuum Company, supporting markets from laser optics and photonics to inertial confinement fusion. This has generated an estimated £11 million in economic impact, new high-level physics jobs, and international equipment sales of over £7 million annually.
<a href=""https://results2021.ref.ac.uk/impact/509152cb-ae92-4bac-9d00-d0232d627649"" target=""_blank"">Read more...</a></p>
<h6>High strength recyclable extrudable aluminium alloys for light-weight automotive structures</h6>
<p>Brunel University London's research into high-strength, fully recyclable aluminium alloys has transformed the automotive industry’s approach to lightweight structural components. Working with Constellium, Brunel developed HSA6 alloys and the melt-conditioned direct chill (MC-DC) casting process, enabling stronger, more recyclable aluminium extrusions without costly post-processing. These innovations have been adopted in crash management systems for vehicles from Tesla, JLR, BMW, and Audi—contributing to nearly £200 million in vehicle sales and cutting 225,000 tonnes of CO₂ emissions. The work has underpinned 80% of Constellium's new business and helped double its automotive revenue, while driving strategic R&D investment, reshoring UK manufacturing, and creating jobs.
<a href=""https://results2021.ref.ac.uk/impact/de80f50e-e044-418f-b9cf-4ba276b9de34"" target=""_blank"">Read more...</a></p>
<h6>Designing innovative materials from waste streams to increase sustainability in Scottish product development</h6>
<p>Research showing innovative uses of waste materials in design and manufacturing has influenced practices at multiple Scottish manufacturers, leading to improved projections for sustainable manufacturing and revenue. The main beneficiary and long term collaborating organisation, The Scottish Leather Group, which is the UK’s only automotive leather manufacturer, confirm the research has supported them in using 2,300t of waste material each year, at a potential yield increase of 5-10 percent. This research has also helped The Scottish Leather Group eliminate or replace their current estimated plastic bag usage of over 40,000 bags per year.
<a href=""https://results2021.ref.ac.uk/impact/3a6728d1-099a-4d2e-8bdf-3045ec2ad039?page=1"" target=""_blank"">Read more...</a></p>
",
59,3,Technology,Infrastructure,Infrastructure & Green Construction,"This topic highlights how research has advanced the sustainability, resilience, and performance of infrastructure and construction. Case studies span innovations in low-carbon materials, offsite timber construction, and life-extension techniques for roads, bridges, and buildings—contributing to greener, more cost-effective infrastructure. Work on overheating in buildings, landslide forecasting, and resilient infrastructure has helped mitigate environmental and public health risks. Studies have also influenced the environmental standards applied to millions of buildings globally. Research shaped planning policy, urban liveability, and biodiversity through tools adopted in UK cities and by national agencies. Other case studies show how sustainable development goals (SDGs) and environmental impact assessments are being embedded into infrastructure governance, while collaborative contracting models and digital tools support more efficient, transparent delivery of construction projects.","<h6>Collaborative construction contracts: A new way to deliver improved value</h6>
<p>To reduce legal disputes and improve value for money during construction projects, law scholars developed the Framework Alliance Contract (FAC-1). FAC-1 was rapidly adopted by the construction industry and its clients. It (i) improves integration of consultants, contractors and subcontractors; (ii) ensures timely sharing of and agreement to accurate designs, costs, programmes and risk information; and (iii) embeds knowledge gained from one project to the next. Procurements of social housing, schools, highways and public buildings with an estimated total value of GBP 45,000,000,000 have been completed under the new framework.
<a href=""https://results2021.ref.ac.uk/impact/ca88856b-afbc-4700-9bb5-c37f59464c8d?page=1"" target=""_blank"">Read more...</a></p>
<h6>ICS1: Prolonging the Life of our Roads and Highways with No CO2 Emission Construction Material</h6>
<p>This research resulted in the production of new emulsions and techniques for sustainable, low emission, and low-cost repairs. It also led to the surfacing and maintenance of existing asphalt, and the laying over 850,000 m2 of roads in 2018 and 2019.
<a href=""https://results2021.ref.ac.uk/impact/ICS1: Prolonging the Life of our Roads and Highways with No CO2 Emission Construction Material"" target=""_blank"">Read more...</a></p>
<h6>Adaptation of existing buildings to boost resilience in a changing climate</h6>
<p>This research on the adaptation of post-war buildings to increase resilience to a changing climate, reduce carbon emissions, and improve comfort guided the development of the NHS Energy Efficiency Fund (EEF) specifically to mitigate climate change effects by improving energy efficiency across the retained NHS Estate. 117 energy efficiency projects in 48 NHS organisations are predicted to save 100.6Mkg CO2 pa, which is 2.4% of the entire NHS building energy related carbon footprint. Researchers also redrafted the primary NHS guidance on energy efficiency, promoting EEF findings and advocating refurbishment over newbuild in most scenarios.
<a href=""https://results2021.ref.ac.uk/impact/0c00c5c0-748f-4904-a30e-9b298efa8180?page=1"" target=""_blank"">Read more...</a></p>
",
116,7,Society,Taxes,"Taxes, Public Sector Finance, Welfare, Charities","This topic explores how research has shaped taxation, public finance, and welfare systems to improve transparency, fairness, and effectiveness. Case studies include reforms to audit practices and financial reporting in local government, better tax compliance strategies, and modernised gambling taxation. Research informed UK and international tax policy, addressed tax evasion, and improved measurement of the tax gap. In welfare, contributions influenced Universal Credit reform, the Funeral Payment scheme, and tools for assessing the social impact of budget cuts. Work on charitable giving and nonprofit reporting reduced burdens and increased donations, while big data tools helped combat corruption in public procurement.","<h6>Tackling Tax Evasion and Maximising Revenue</h6>
<p>Research at the University of Warwick led to major changes in UK tax enforcement. The work revealed which types of taxpayers are most likely to underpay and showed that tax audits have strong long-term effects—bringing in more than half their revenue impact in the years after the audit. Based on these findings, the UK government committed in 2020 to funding 1,300 new auditors at HMRC, projected to generate £3.9 billion in additional revenue over five years. The work also influenced HMRC policy discussions and featured in the Labour Party’s 2019 election platform. Internationally, tax authorities in countries including Norway, India, and South Africa have drawn on the findings to shape their audit strategies.
<a href=""https://results2021.ref.ac.uk/impact/9573e7a5-cfbe-425e-aa23-0ee273304c3a"" target=""_blank"">Read more...</a></p>
<h6>The modernisation of gambling taxation</h6>
<p>Research at Nottingham Trent University transformed gambling taxation policy in the UK and internationally. Economic modelling demonstrated that taxing operator profits rather than turnover would boost both government revenue and industry viability. This directly informed HMRC’s shift to a Gross Profits Tax (GPT) system for betting and gambling machines, nearly doubling UK gambling tax revenues to £3 billion annually and generating £3.87 billion from Machine Games Duty alone (95.8% during the REF period). The approach has since been adopted in Australia and the United States, where it underpins new state-level gambling tax regimes.
<a href=""https://results2021.ref.ac.uk/impact/a4d8b504-a53b-4671-9109-63981b2bded7"" target=""_blank"">Read more...</a></p>
<h6>Establishing A New Era for Not-for-Profit Financial Reporting</h6>
<p>Research at Sheffield Hallam University led to major reforms in not-for-profit financial reporting in the UK and internationally. It directly informed the UK government’s decision to raise the charity audit threshold from £500K to £1M, enabling thousands of charities to use independent examination instead of audit—saving the sector an estimated £40 million between 2015 and 2020. The findings also drove structural reforms to the UK and Ireland Charities SORP development process, strengthening representation of smaller charities. Internationally, the work catalysed the creation of a global initiative to develop international financial reporting standards for NPOs, now led by an international consortium with anticipated implementation by 2024.
<a href=""https://results2021.ref.ac.uk/impact/9573e7a5-cfbe-425e-aa23-0ee273304c3a"" target=""_blank"">Read more...</a></p>
<h6>Direct payment of Housing Benefit and the development of Universal Credit</h6>
<p>The Centre for Regional Economic and Social Research (CRESR) research team engaged with government ministers and other senior policy makers in the Department of Work and Pensions (DWP) to initiate three major changes: the introduction of a data sharing policy between DWP and social landlords,the implementation of additional safeguarding politics, and the development of a ‘Local Services Support Framework’. These policy changes benefitted Government policy makers, 1,855 registered local landlords, and 1,179,940 Universal Credit social renter households subject to Direct Payment and Universal Credit policies.
<a href=""https://results2021.ref.ac.uk/impact/2bfa5460-341a-46b0-bbee-4d449ecb7bcd?page=1"" target=""_blank"">Read more...</a></p>
",
62,3,Technology,Mech. Engineering,"Mechanical Engineering, Manufacturing","Case studies in this topic are examples of mechanical engineering and manufacturing developments. This topic is largely focussed on improving manufacturing processes in efficiency and/or sustainability, often integrating new technologies and materials to the pipeline. The topic also encompasses aspects of product design/testing, engineer training and materials considerations as relevant to the mechanical engineering and manufacturing of products and devices.","<h6>Improved Software and Service Systems that Deliver Sales, Efficiency, and Access Opportunities in the European Manufacturing Industry</h6>
<p>Developed software systems that enable collaboration among companies on complex manufacturing activities. Software modules and service systems that enabled manufacturing companies to collaborate more effectively in the supply chain for European aerospace created savings of EUR 10,000,000 per annum in operating costs, a 30% increase in speed of procurement and a 10% increase of throughput for a major European aerospace company.
<a href=""https://results2021.ref.ac.uk/impact/ff12d026-76ee-49cf-97fd-7fc8ced735c1?page=1"" target=""_blank"">Read more...</a></p>
<h6>Advancements in flexographic printing technology for graphic image printing and functional device fabrication</h6>
<p>Research at Swansea University significantly advanced flexographic printing, leading to improved print quality, reduced waste, and increased productivity across the global packaging industry. Swansea’s work underpinned new metrology tools used in 1,500 installations by Troika Systems, saving an estimated £428 million in production costs and £90 million in waste annually. It also informed Asahi Photoproducts' CleanPrint plate technology, cutting run times by 30% and boosting global sales by 20%. Strategic research partnerships with UTECO supported €20 million in R&D investment. Swansea’s contributions were formalised in FTA Europe’s industry-endorsed best practice guide, now used internationally for training and process improvement.
<a href=""https://results2021.ref.ac.uk/impact/34ecf571-207c-4247-8507-acf94e8ca367"" target=""_blank"">Read more...</a></p>
<h6>Optimising the Performance of Safety Critical Industrial Valves</h6>
<p>University of Huddersfield research revolutionised the design of safety-critical industrial valves by replacing trial-and-error methods with rigorous mathematical modelling. Partnering with Weir Valves through two Knowledge Transfer Partnerships, researchers developed new design tools that improved valve sizing accuracy by up to 250%, reduced costs through smaller, more efficient valves, and enabled additive manufacturing of complex components. These advances led to a 640% increase in sales, a £3M contract win, and enhanced competitiveness for the company. The research also influenced design practice across the industry, informing CPD training and adoption by major firms such as ExxonMobil and Equinor.
<a href=""https://results2021.ref.ac.uk/impact/34ecf571-207c-4247-8507-acf94e8ca367"" target=""_blank"">Read more...</a></p>
",
66,3,Technology,Aero & Naval Eng.,Aerospace & Naval Engineering,"This topic encompasses engineering and technology advancements for aerospace and naval applications. It includes impactful work that leads to an improvement in aerospace and naval equipment/practices such as vessel components, manufacturing, dynamic modelling, or usage procedures across the aerospace and nautical sectors. Studies in this topic tend to consider safety, efficiency and economic viability as important metrics for the innovations showcased and be industrially and/or commercially relevant.","<h6>Compressor Elliptical Leading Edge</h6>
<p>Research at the University of Cambridge’s Whittle Laboratory led to a new elliptical compressor blade design that now features in all modern Rolls-Royce civil aero engines. First introduced on the Trent 1000 and now standard across newer and retrofitted engines, this design improves airflow, reducing fuel burn by 0.5–0.7%. Nearly 2,500 engines with the technology were delivered between 2014–2020, with ~2,000 more on order. In service with 45 airlines, the innovation is delivering estimated annual fuel savings of USD219 million and has strengthened Rolls-Royce’s competitiveness in the global aviation market.
<a href=""https://results2021.ref.ac.uk/impact/99f7e5b5-6923-480d-940e-aab5f3525305"" target=""_blank"">Read more...</a></p>
<h6>Research into new maritime structures and systems exploited in novel designs by commercial and naval designers and builders.</h6>
<p>UCL’s research into innovative maritime structures and systems has shaped global naval and commercial shipbuilding. Its trimaran designs led to 13 US Navy vessels and new high-speed ferries, while structural research informed safety engineering for offshore platforms at Hyundai Heavy Industries and Daewoo, cutting costs by up to USD5 million per vessel. UCL’s design tools and safety models have been embedded in industry-standard software used in over 23 countries, supporting efficient, reliable ship design. Its environmental modelling underpinned the IMO’s key GHG strategy and UK maritime climate policy, contributing to emissions reduction and improved marine energy efficiency.
<a href=""https://results2021.ref.ac.uk/impact/8d07a91e-d0ee-4255-892b-030eb9e3b300"" target=""_blank"">Read more...</a></p>
<h6>Using advanced textiles to enhance UK-based technology and manufacturing capability in the US dominated space satellite telecommunication industry</h6>
<p>Enhanced UK space technology capability by developing a pioneering, lower-cost, lightweight and deployable knitted metal mesh reflector for Oxford Space Systems' (OSS) new generation antennae. The Advanced Textile Research Group (ATRG) created this new technology for use in UK/EU space telecommunication satellites as an alternative to costly US-made warp-knitted metal fabrics. The micro-knitting technology utilised computerised flat-bed knitting with ultra-fine metal wires to create a seamless, 3D parabolic mesh reflector that can be unfurled in space.
<a href=""https://results2021.ref.ac.uk/impact/75a4e267-13f6-441a-8141-1e9aa6294c56?page=1"" target=""_blank"">Read more...</a></p>
<h6>Design and Optimisation of Laminar Flow Wing Technology for Next Generation Aircraft.</h6>
<p>Research in applied mathematics at Imperial College led to the development of advanced computational tools that optimise wing design by accurately predicting the transition from laminar to turbulent airflow. These innovations directly supported Airbus’s efforts to reduce drag and fuel consumption through laminar flow wing technology. The tools were used in Airbus’s €200 million BLADE project and validated in flight tests, predicting laminar-turbulent transitions with high accuracy. The resulting improvements in aerodynamic modelling have saved design time and reduced the need for expensive physical tests. This work is now shaping the aerodynamic design of Airbus’s next-generation low-emission aircraft, contributing to industry goals of reducing CO₂ emissions by 5% per aircraft, or 3,000 tonnes annually.
<a href=""https://results2021.ref.ac.uk/impact/558c28df-7e9a-4384-bd34-f5209e7a5ff1"" target=""_blank"">Read more...</a></p>
",
112,7,Society,Econ policy,"Economic Governance, Regional Development, Industrial Policy","This topic brings together research that has informed the governance of economic policy, regional development, and industrial strategy in the UK and internationally. Case studies include efforts to shape national frameworks for public investment through new modelling tools, appraisal methods, and the calculation of social discount rates. Others demonstrate how research has supported local and regional development—from guiding Growth Hubs and inward investment strategies to influencing policy on rural economies, subnational devolution, and spatial inequalities. Research has also played a central role in advancing place-based industrial strategies, smart specialisation, and mission-oriented innovation. At the global level, projects have influenced investment frameworks in developing countries, reshaped corporate environmental transition monitoring, and supported development oriented industrial and innovation policies. Taken together, the studies show how academic insights are shaping innovation and industrial investments and place-sensitive economic policymaking.","<h6>Creating the Borderlands Initiative: political innovation driving economic development on the Anglo-Scottish Border</h6>
<p>Research into the economic potential of the Anglo-Scottish border region led to the establishment of the Borderlands Initiative—a new cross-border political and institutional collaboration involving five local authorities. The research identified the benefits of sub-regional cooperation and the need for strategic frameworks to unlock growth in a geographically remote and historically underfunded area. This evidence informed the development of the Borderlands Inclusive Growth Deal, which secured over £394 million in joint UK and Scottish Government funding. Resulting investments include £65M for Carlisle Station, £31M for green energy projects, and £19M for a Biking Innovation Centre, alongside other initiatives in tourism, skills, and natural capital. The research directly shaped local and national policymaking, fostered new collaborative structures, and provided the economic rationale for a lasting programme of place-based regional development.
<a href=""https://results2021.ref.ac.uk/impact/f3b491a3-4040-4c43-a10f-a8bf7065863d"" target=""_blank"">Read more...</a></p>
<h6>Supporting the Rural Economy: Forming Policy for Rural Business and Shaping the UK Industrial Strategy</h6>
<p>Research by Newcastle University’s Centre for Rural Economy (CRE) has reshaped national policy on rural business and productivity, challenging assumptions about rural underperformance and revealing rural firms’ strong export and innovation capabilities. Their work directly influenced the UK Government’s £177M Rural Growth Strategy and informed the design and evaluation of Rural Growth Networks, which created or safeguarded over 2,200 jobs. Through a five-year initiative, Rural Enterprise UK, and its successor, the National Innovation Centre for Rural Enterprise (NICRE), the team helped embed rural considerations into the UK Industrial Strategy. Their evidence was instrumental in influencing parliamentary debates, shaping statistical reporting in official government releases, and advising high-level bodies including BEIS, Defra, and the Cabinet Office on levelling-up and post-COVID economic recovery.
<a href=""https://results2021.ref.ac.uk/impact/32e0488d-79e4-45ed-9e49-6d3c184779c4"" target=""_blank"">Read more...</a></p>
<h6>Building state and societal capabilities to maximise the developmental effects of inward foreign direct investment (FDI).</h6>
<p>Research by academics at Manchester Metropolitan University has significantly influenced global investment policy by demonstrating how host countries can better harness foreign direct investment (FDI) for development. Their work informed major reforms through the UN Conference on Trade and Development (UNCTAD), including tools adopted by over 150 countries and 400 policy roadmaps across 50 economies. Their findings shaped the 2018 UN World Investment Report and influenced Special Economic Zone policy across Africa. Domestically, the research contributed to UK parliamentary inquiry recommendations and improved guidance for unions and investors on partnership labour relations. Their stakeholder-driven approach to FDI policy has directly shaped investment strategies, industrial development, and labour frameworks globally.
<a href=""https://results2021.ref.ac.uk/impact/87a7939b-a65e-44c5-b143-e0ca9c7f58ce"" target=""_blank"">Read more...</a></p>
<h6>Transforming global and national policies on innovation in Low Income Countries</h6>
<p>Research on the Diffusion of Innovation in Low Income Countries (DILIC) established the importance of focusing on innovation in LICs and generated a new approach to innovation at the UN. This work influenced Sustainable Development Goals (SDGs) 9 and 17 and led to the creation of the UN Technology Facilitation Mechanism supported by the new UN Technology Bank.
<a href=""https://results2021.ref.ac.uk/impact/914018b4-6390-4016-99b2-5dbf5117ce20?page=1"" target=""_blank"">Read more...</a></p>
",
60,3,Technology,Operation Mngmt,"Operation Management, Supply Chains, Industrial Engineering","This topic brings together research that has advanced the efficiency, sustainability, and resilience of operations, supply chains, and industrial systems across a wide range of sectors. Many case studies focus on optimising complex supply chains—whether in infrastructure, logistics, construction, or manufacturing—by developing new tools, standards ), and statistical models to support more efficient production and better procurement and engineering processes. Research has also informed ‘green-lean’ and low-carbon operational strategies, enhancing productivity while improving environmental outcomes. Other projects address optimisation and scheduling challenges using advanced algorithms and software, often achieving large-scale savings for industry partners. Work in areas like demand forecasting, digitalisation, and predictive maintenance has improved operational reliability in sectors including gas distribution, aerospace, and process industries. Overall, the research supports smarter, more sustainable operations and supply chain systems both in the UK and globally.","<h6>Process Systems Engineering</h6>
<p>Research from Imperial College’s Centre for Process Systems Engineering underpinned the success of spin-out company Process Systems Enterprise Ltd (PSE), which became a global leader in process simulation and was acquired by Siemens AG in 2019 (valued at over £100M). The research enabled the development of PSE’s gPROMS™ platform, now central to Siemens’ digital process industry tools. Widely adopted across sectors including energy, chemicals, and pharmaceuticals, gPROMS supports digital twin technologies and advanced modelling for design, optimisation, and operations. Additional societal impact includes training over 200 universities through the PATH initiative, equipping engineers with next-generation digital skills.
<a href=""https://results2021.ref.ac.uk/impact/5609a70f-5f26-46be-b0c8-d5e1f0bb5a25"" target=""_blank"">Read more...</a></p>
<h6>Saving time and money through industrial scheduling and optimisation algorithms</h6>
<p>University of Stirling research on combinatorial optimisation and metaheuristics delivered significant technological and economic benefits across three industries. At BT, advanced scheduling algorithms underpinning the “iRoster” system improved workforce logistics for 23,000 engineers, saving £1.3M by 2020. In Iceland, Stirling’s automated bug-fixing and predictive modelling tools helped Janus Rehabilitation Centre save £1.46M in software costs and contributed an estimated £4.2M in wider societal value. At KLM Royal Dutch Airlines, optimisation of scheduling software improved reliability for 200,000 flights and saved two years of developer time, driving lasting changes to software development practices across Air France-KLM.
<a href=""https://results2021.ref.ac.uk/impact/20c006cb-1122-46fa-856a-e8b80cf9f8af"" target=""_blank"">Read more...</a></p>
<h6>Transforming the North Sea logistics supply chain</h6>
<p>Robert Gordon University’s AI-driven optimisation research transformed freight logistics in the North Sea oil and gas sector, delivering major economic and environmental gains. Partnering with firms including ARR Craib and Nexen, the team developed algorithms that improved vehicle utilisation and vessel scheduling, leading to cost savings of £6M and £6.5M respectively. The research underpinned the creation of two spin-outs—Celerum and PlanSea—and informed a multi-operator initiative supported by the Oil & Gas Technology Centre, with projected industry-wide savings of £100M annually. The software also contributed to reduced emissions and enhanced operational resilience across complex supply chains.
<a href=""https://results2021.ref.ac.uk/impact/e1cdb336-a9e6-4397-b67e-eb4979602aae"" target=""_blank"">Read more...</a></p>
",
121,7,Society,Law,"Legal Assistance, Judicial Imporvements","Research in this topic improved the efficacy, accessibility and accountability of legal systems worldwide. Case studies informed reforms to legal aid, litigation processes, and judicial and legal training, improving access to justice for all, and particularly for vulnerable and underrepresented groups. Work addressed systemic barriers, enhanced witness protection, reduced wrongful convictions, and promoted diversity within the legal profession, contributing to more equitable and accountable legal outcomes.","<h6>CLOCK, a transformative methodology for access to justice</h6>
<p>Community Legal Outreach Collaboration Keele (CLOCK) co-designed the Community Legal Companion, helping to lessen the impact of a significant withdrawal of other forms of legal aid. Based on Dr. Krishnadas’ ‘transformative method’, it provides litigant-centred, community-based training to improve access to justice, including signposting and monitoring access. Since 2015, CLOCK has directly impacted 3,712 litigants-in-person and been adopted into the teaching of 12 law schools in England, operating in 9 court centres, with 70 partners. It has also informed the development of policy by providing invaluable data on legal access by vulnerable groups to the Legal Aid, Sentencing and Punishment of Offenders (LASPO) review. During the COVID-19 pandemic, CLOCK supported 160 litigants in person to expose domestic violence in the lockdown as a social crisis. Internationally, it has assisted 1,200 disaster affected families through the All India Access to Justice Strategy.
<a href=""https://results2021.ref.ac.uk/impact/1b5a034e-88ca-4f09-af5c-b25eab8a2d62?page=1"" target=""_blank"">Read more...</a></p>
<h6>Closing justice gaps: Improving the effectiveness of and confidence in Out of Court Disposals</h6>
<p>In 2019, over 200,000 Out Of Court Disposals (OOCD) were issued in the UK, helping reduce court costs and re-offending. Barry Godfrey’s research has been pivotal in establishing Scrutiny Panels—first in Cheshire in 2013 and then nationally from 2016 -comprising magistrates, police officers, and himself to oversee OOCD use, enhancing confidence among sentencers, victims, and the public. Between 2013 and 2020, these panels reviewed more than 3,300 cases, focusing on youth, BAME, and child offenders or victims. Initially, panels disagreed with 20% of OOCD decisions; by 2020, this fell to 10%, reflecting improved police practices informed by feedback and training based on Godfrey’s research. Cheshire’s model influenced Merseyside and Greater Manchester Police to adopt similar panels. Godfrey also organises annual conferences at Cheshire Police HQ attended by senior officials, reinforcing trust in the OOCD system. His research on victims has been integrated into training videos for about 100 new Cheshire police recruits yearly, emphasizing victim-centred policing. In 2020, Godfrey helped oversee police use of Covid-19 OOCDs in Cheshire, reviewing 20 of 240 cases to ensure equitable enforcement. His work continues to strengthen justice outcomes, public confidence, and policing standards nationally.
<a href=""https://results2021.ref.ac.uk/impact/7291c4e2-8b61-4a26-b4b0-337c1686e156"" target=""_blank"">Read more...</a></p>
",
